[2026-07-23 14:33:28] [DEBUG] Session token refreshed
[2026-07-23 14:33:32] [DEBUG] Fetching row 4021 from database
[2026-07-23 14:33:32] [WARNING] Deprecated API usage detected in legacy_module.py
[2026-07-23 14:33:34] [WARNING] Deprecated API usage detected in legacy_module.py
[2026-07-23 14:33:36] [INFO] Successfully processed background job #4912
[2026-07-23 14:33:39] [INFO] System started successfully
[2026-07-23 14:33:43] [INFO] System started successfully
[2026-07-23 14:33:43] [INFO] System started successfully
[2026-07-23 14:33:45] [INFO] System started successfully
[2026-07-23 14:33:46] [ERROR] Authentication failed for user guest
[2026-07-23 14:33:48] [INFO] Successfully processed background job #4912
[2026-07-23 14:33:53] [DEBUG] Initializing cache manager
[2026-07-23 14:33:57] [INFO] User admin logged in from 192.168.1.100
[2026-07-23 14:34:01] [INFO] Connection established to message queue
[2026-07-23 14:34:06] [INFO] Cache hit for key user_profile_123
[2026-07-23 14:34:10] [INFO] Successfully processed background job #4912
[2026-07-23 14:34:15] [INFO] Successfully processed background job #4912
[2026-07-23 14:34:16] [ERROR] MySQL Error: Deadlock found when trying to get lock
[2026-07-23 14:34:16] [INFO] Cache hit for key user_profile_123
[2026-07-23 14:34:20] [INFO] Successfully processed background job #4912
[2026-07-23 14:34:23] [ERROR] Invalid password provided for account admin
[2026-07-23 14:34:24] [INFO] Cache hit for key user_profile_123
[2026-07-23 14:34:24] [CRITICAL] Disk space exhausted on /var/log
[2026-07-23 14:34:28] [DEBUG] Session token refreshed
[2026-07-23 14:34:28] [INFO] System started successfully
[2026-07-23 14:34:32] [INFO] Connection established to message queue
[2026-07-23 14:34:32] [WARNING] Deprecated API usage detected in legacy_module.py
[2026-07-23 14:34:34] [WARNING] High memory usage detected (85%)
[2026-07-23 14:34:36] [WARNING] High memory usage detected (85%)
[2026-07-23 14:34:40] [INFO] Handling user request for /api/v1/data
[2026-07-23 14:34:44] [ERROR] MySQL Error: Deadlock found when trying to get lock
[2026-07-23 14:34:44] [INFO] System started successfully
[2026-07-23 14:34:47] [INFO] Handling user request for /api/v1/data
[2026-07-23 14:34:49] [DEBUG] Session token refreshed
[2026-07-23 14:34:54] [INFO] User admin logged in from 192.168.1.100
[2026-07-23 14:34:57] [INFO] Handling user request for /api/v1/data
[2026-07-23 14:35:02] [INFO] User admin logged in from 192.168.1.100
[2026-07-23 14:35:06] [INFO] Cache hit for key user_profile_123
[2026-07-23 14:35:06] [INFO] Cache hit for key user_profile_123
[2026-07-23 14:35:09] [ERROR] Database connection failed: Connection refused
[2026-07-23 14:35:12] [INFO] System started successfully
[2026-07-23 14:35:14] [ERROR] NullPointerException in DataProcessor class
[2026-07-23 14:35:18] [INFO] User admin logged in from 192.168.1.100
[2026-07-23 14:35:21] [INFO] Successfully processed background job #4912
[2026-07-23 14:35:26] [INFO] System started successfully
[2026-07-23 14:35:30] [INFO] Connection established to message queue
[2026-07-23 14:35:35] [DEBUG] Session token refreshed
[2026-07-23 14:35:37] [INFO] Handling user request for /api/v1/data
[2026-07-23 14:35:41] [INFO] System started successfully
[2026-07-23 14:35:43] [DEBUG] Parsing JSON payload
[2026-07-23 14:35:47] [INFO] System started successfully
[2026-07-23 14:35:49] [INFO] Successfully processed background job #4912
[2026-07-23 14:35:49] [INFO] Handling user request for /api/v1/data
[2026-07-23 14:35:50] [CRITICAL] Disk space exhausted on /var/log
[2026-07-23 14:35:54] [DEBUG] Initializing cache manager
[2026-07-23 14:35:58] [INFO] Handling user request for /api/v1/data
[2026-07-23 14:36:02] [INFO] Successfully processed background job #4912
[2026-07-23 14:36:05] [INFO] System started successfully
[2026-07-23 14:36:09] [INFO] Cache hit for key user_profile_123
[2026-07-23 14:36:11] [INFO] Handling user request for /api/v1/data
[2026-07-23 14:36:11] [ERROR] Invalid password provided for account admin
[2026-07-23 14:36:13] [WARNING] High memory usage detected (85%)
[2026-07-23 14:36:13] [DEBUG] Fetching row 4021 from database
[2026-07-23 14:36:17] [INFO] Successfully processed background job #4912
[2026-07-23 14:36:18] [ERROR] Invalid password provided for account admin
[2026-07-23 14:36:22] [ERROR] MySQL Error: Deadlock found when trying to get lock
[2026-07-23 14:36:26] [INFO] Connection established to message queue
[2026-07-23 14:36:28] [INFO] Cache hit for key user_profile_123
[2026-07-23 14:36:29] [DEBUG] Initializing cache manager
[2026-07-23 14:36:31] [INFO] User admin logged in from 192.168.1.100
[2026-07-23 14:36:33] [INFO] User admin logged in from 192.168.1.100
[2026-07-23 14:36:37] [WARNING] Deprecated API usage detected in legacy_module.py
[2026-07-23 14:36:40] [INFO] Successfully processed background job #4912
[2026-07-23 14:36:44] [DEBUG] Fetching row 4021 from database
[2026-07-23 14:36:45] [INFO] System started successfully
[2026-07-23 14:36:48] [INFO] Successfully processed background job #4912
[2026-07-23 14:36:52] [INFO] System started successfully
[2026-07-23 14:36:56] [INFO] Successfully processed background job #4912
[2026-07-23 14:37:00] [INFO] System started successfully
[2026-07-23 14:37:04] [INFO] Handling user request for /api/v1/data
[2026-07-23 14:37:04] [DEBUG] Fetching row 4021 from database
[2026-07-23 14:37:08] [INFO] Handling user request for /api/v1/data
[2026-07-23 14:37:09] [INFO] Handling user request for /api/v1/data
[2026-07-23 14:37:13] [INFO] Connection established to message queue
[2026-07-23 14:37:17] [INFO] Connection established to message queue
[2026-07-23 14:37:21] [INFO] Connection established to message queue
[2026-07-23 14:37:24] [INFO] User admin logged in from 192.168.1.100
[2026-07-23 14:37:26] [INFO] Cache hit for key user_profile_123
[2026-07-23 14:37:30] [INFO] Connection established to message queue
[2026-07-23 14:37:31] [DEBUG] Fetching row 4021 from database
[2026-07-23 14:37:31] [ERROR] Authentication failed for user guest
[2026-07-23 14:37:33] [ERROR] Invalid password provided for account admin
[2026-07-23 14:37:34] [INFO] User admin logged in from 192.168.1.100
[2026-07-23 14:37:34] [INFO] Connection established to message queue
[2026-07-23 14:37:36] [INFO] Successfully processed background job #4912
[2026-07-23 14:37:37] [INFO] Successfully processed background job #4912
[2026-07-23 14:37:40] [INFO] Connection established to message queue
[2026-07-23 14:37:43] [INFO] Successfully processed background job #4912
[2026-07-23 14:37:44] [CRITICAL] Disk space exhausted on /var/log
[2026-07-23 14:37:48] [INFO] User admin logged in from 192.168.1.100
[2026-07-23 14:37:51] [DEBUG] Fetching row 4021 from database
[2026-07-23 14:37:51] [INFO] Handling user request for /api/v1/data
[2026-07-23 14:37:53] [INFO] Connection established to message queue
[2026-07-23 14:37:56] [INFO] Successfully processed background job #4912
[2026-07-23 14:37:56] [INFO] User admin logged in from 192.168.1.100
[2026-07-23 14:38:01] [INFO] Connection established to message queue
[2026-07-23 14:38:03] [DEBUG] Parsing JSON payload
[2026-07-23 14:38:07] [INFO] Cache hit for key user_profile_123
[2026-07-23 14:38:10] [INFO] User admin logged in from 192.168.1.100
[2026-07-23 14:38:14] [INFO] Handling user request for /api/v1/data
[2026-07-23 14:38:19] [WARNING] Rate limit approaching for IP 10.0.0.55
[2026-07-23 14:38:23] [ERROR] Invalid password provided for account admin
[2026-07-23 14:38:25] [INFO] System started successfully
[2026-07-23 14:38:30] [INFO] Connection established to message queue
[2026-07-23 14:38:35] [ERROR] Authentication failed for user guest
[2026-07-23 14:38:35] [INFO] Cache hit for key user_profile_123
[2026-07-23 14:38:40] [ERROR] MySQL Error: Deadlock found when trying to get lock
[2026-07-23 14:38:42] [DEBUG] Initializing cache manager
[2026-07-23 14:38:45] [INFO] User admin logged in from 192.168.1.100
[2026-07-23 14:38:50] [INFO] System started successfully
[2026-07-23 14:38:52] [INFO] Handling user request for /api/v1/data
[2026-07-23 14:38:54] [INFO] System started successfully
[2026-07-23 14:38:57] [WARNING] Rate limit approaching for IP 10.0.0.55
[2026-07-23 14:39:00] [INFO] Connection established to message queue
[2026-07-23 14:39:02] [INFO] User admin logged in from 192.168.1.100
[2026-07-23 14:39:06] [INFO] User admin logged in from 192.168.1.100
[2026-07-23 14:39:07] [INFO] Connection established to message queue
[2026-07-23 14:39:10] [INFO] System started successfully
[2026-07-23 14:39:10] [INFO] Handling user request for /api/v1/data
[2026-07-23 14:39:14] [INFO] System started successfully
[2026-07-23 14:39:17] [INFO] Connection established to message queue
[2026-07-23 14:39:18] [INFO] User admin logged in from 192.168.1.100
[2026-07-23 14:39:23] [INFO] Connection established to message queue
[2026-07-23 14:39:26] [INFO] Handling user request for /api/v1/data
[2026-07-23 14:39:27] [INFO] Connection established to message queue
[2026-07-23 14:39:30] [INFO] Handling user request for /api/v1/data
[2026-07-23 14:39:33] [DEBUG] Session token refreshed
[2026-07-23 14:39:38] [INFO] Cache hit for key user_profile_123
[2026-07-23 14:39:41] [WARNING] Rate limit approaching for IP 10.0.0.55
[2026-07-23 14:39:45] [INFO] Connection established to message queue
[2026-07-23 14:39:47] [INFO] User admin logged in from 192.168.1.100
[2026-07-23 14:39:51] [INFO] Successfully processed background job #4912
[2026-07-23 14:39:53] [ERROR] MySQL Error: Deadlock found when trying to get lock
[2026-07-23 14:39:54] [ERROR] Invalid password provided for account admin
[2026-07-23 14:39:57] [INFO] Successfully processed background job #4912
[2026-07-23 14:39:57] [INFO] System started successfully
[2026-07-23 14:39:57] [INFO] Connection established to message queue
[2026-07-23 14:40:02] [CRITICAL] Service crashed with exit code 137
[2026-07-23 14:40:06] [INFO] User admin logged in from 192.168.1.100
[2026-07-23 14:40:07] [DEBUG] Parsing JSON payload
[2026-07-23 14:40:09] [INFO] System started successfully
[2026-07-23 14:40:13] [INFO] User admin logged in from 192.168.1.100
[2026-07-23 14:40:17] [INFO] User admin logged in from 192.168.1.100
[2026-07-23 14:40:17] [DEBUG] Initializing cache manager
[2026-07-23 14:40:17] [DEBUG] Parsing JSON payload
[2026-07-23 14:40:18] [ERROR] Database connection failed: Connection refused
[2026-07-23 14:40:20] [INFO] Connection established to message queue
[2026-07-23 14:40:25] [INFO] User admin logged in from 192.168.1.100
[2026-07-23 14:40:26] [INFO] Handling user request for /api/v1/data
[2026-07-23 14:40:30] [INFO] Successfully processed background job #4912
[2026-07-23 14:40:31] [INFO] User admin logged in from 192.168.1.100
[2026-07-23 14:40:34] [INFO] User admin logged in from 192.168.1.100
[2026-07-23 14:40:35] [INFO] Cache hit for key user_profile_123
[2026-07-23 14:40:39] [DEBUG] Initializing cache manager
[2026-07-23 14:40:44] [INFO] User admin logged in from 192.168.1.100
[2026-07-23 14:40:48] [INFO] System started successfully
[2026-07-23 14:40:52] [INFO] System started successfully
[2026-07-23 14:40:57] [INFO] Connection established to message queue
[2026-07-23 14:40:58] [INFO] System started successfully
[2026-07-23 14:41:00] [WARNING] High memory usage detected (85%)
[2026-07-23 14:41:05] [ERROR] Authentication failed for user guest
[2026-07-23 14:41:09] [INFO] Connection established to message queue
[2026-07-23 14:41:12] [INFO] Handling user request for /api/v1/data
[2026-07-23 14:41:14] [INFO] Successfully processed background job #4912
[2026-07-23 14:41:15] [DEBUG] Fetching row 4021 from database
[2026-07-23 14:41:18] [WARNING] Deprecated API usage detected in legacy_module.py
[2026-07-23 14:41:21] [INFO] User admin logged in from 192.168.1.100
[2026-07-23 14:41:23] [INFO] Handling user request for /api/v1/data
[2026-07-23 14:41:23] [INFO] Connection established to message queue
[2026-07-23 14:41:24] [INFO] Cache hit for key user_profile_123
[2026-07-23 14:41:25] [DEBUG] Parsing JSON payload
[2026-07-23 14:41:27] [INFO] Handling user request for /api/v1/data
[2026-07-23 14:41:31] [INFO] Successfully processed background job #4912
[2026-07-23 14:41:32] [INFO] Cache hit for key user_profile_123
[2026-07-23 14:41:35] [INFO] Cache hit for key user_profile_123
[2026-07-23 14:41:40] [ERROR] Database connection failed: Connection refused
[2026-07-23 14:41:43] [INFO] Connection established to message queue
[2026-07-23 14:41:47] [INFO] System started successfully
[2026-07-23 14:41:49] [INFO] Cache hit for key user_profile_123
[2026-07-23 14:41:53] [INFO] Connection established to message queue
[2026-07-23 14:41:54] [INFO] Connection established to message queue
[2026-07-23 14:41:56] [INFO] Handling user request for /api/v1/data
[2026-07-23 14:41:57] [DEBUG] Fetching row 4021 from database
[2026-07-23 14:42:00] [CRITICAL] Disk space exhausted on /var/log
[2026-07-23 14:42:02] [INFO] Successfully processed background job #4912
[2026-07-23 14:42:04] [INFO] System started successfully
[2026-07-23 14:42:09] [INFO] Successfully processed background job #4912
[2026-07-23 14:42:11] [DEBUG] Initializing cache manager
[2026-07-23 14:42:15] [ERROR] Invalid password provided for account admin
[2026-07-23 14:42:19] [INFO] Cache hit for key user_profile_123
[2026-07-23 14:42:22] [DEBUG] Fetching row 4021 from database
[2026-07-23 14:42:24] [INFO] Cache hit for key user_profile_123
[2026-07-23 14:42:25] [INFO] System started successfully
[2026-07-23 14:42:26] [INFO] Cache hit for key user_profile_123
[2026-07-23 14:42:27] [INFO] Handling user request for /api/v1/data
[2026-07-23 14:42:27] [ERROR] Invalid password provided for account admin
[2026-07-23 14:42:29] [INFO] Successfully processed background job #4912
[2026-07-23 14:42:30] [INFO] Connection established to message queue
[2026-07-23 14:42:33] [INFO] Cache hit for key user_profile_123
[2026-07-23 14:42:35] [WARNING] High memory usage detected (85%)
[2026-07-23 14:42:38] [INFO] User admin logged in from 192.168.1.100
[2026-07-23 14:42:39] [INFO] User admin logged in from 192.168.1.100
[2026-07-23 14:42:43] [CRITICAL] Service crashed with exit code 137
[2026-07-23 14:42:45] [INFO] Handling user request for /api/v1/data
[2026-07-23 14:42:48] [INFO] Successfully processed background job #4912
[2026-07-23 14:42:51] [DEBUG] Initializing cache manager
[2026-07-23 14:42:51] [INFO] User admin logged in from 192.168.1.100
[2026-07-23 14:42:54] [ERROR] MySQL Error: Deadlock found when trying to get lock
[2026-07-23 14:42:56] [WARNING] Rate limit approaching for IP 10.0.0.55
[2026-07-23 14:42:57] [ERROR] MySQL Error: Deadlock found when trying to get lock
[2026-07-23 14:43:01] [INFO] Cache hit for key user_profile_123
[2026-07-23 14:43:05] [INFO] Cache hit for key user_profile_123
[2026-07-23 14:43:07] [DEBUG] Fetching row 4021 from database
[2026-07-23 14:43:10] [INFO] Successfully processed background job #4912
[2026-07-23 14:43:13] [INFO] Connection established to message queue
[2026-07-23 14:43:17] [INFO] Successfully processed background job #4912
[2026-07-23 14:43:17] [DEBUG] Parsing JSON payload
[2026-07-23 14:43:17] [INFO] Successfully processed background job #4912
[2026-07-23 14:43:20] [DEBUG] Fetching row 4021 from database
[2026-07-23 14:43:21] [INFO] Handling user request for /api/v1/data
[2026-07-23 14:43:22] [DEBUG] Session token refreshed
[2026-07-23 14:43:24] [INFO] User admin logged in from 192.168.1.100
[2026-07-23 14:43:28] [WARNING] Rate limit approaching for IP 10.0.0.55
[2026-07-23 14:43:32] [INFO] System started successfully
[2026-07-23 14:43:32] [INFO] System started successfully
[2026-07-23 14:43:33] [DEBUG] Initializing cache manager
[2026-07-23 14:43:37] [INFO] Successfully processed background job #4912
[2026-07-23 14:43:39] [WARNING] Deprecated API usage detected in legacy_module.py
[2026-07-23 14:43:43] [INFO] Cache hit for key user_profile_123
[2026-07-23 14:43:47] [INFO] Connection established to message queue
[2026-07-23 14:43:51] [ERROR] Invalid password provided for account admin
[2026-07-23 14:43:51] [INFO] Handling user request for /api/v1/data
[2026-07-23 14:43:52] [INFO] System started successfully
[2026-07-23 14:43:55] [DEBUG] Fetching row 4021 from database
[2026-07-23 14:43:56] [WARNING] Rate limit approaching for IP 10.0.0.55
[2026-07-23 14:43:59] [INFO] Handling user request for /api/v1/data
[2026-07-23 14:44:00] [INFO] System started successfully
[2026-07-23 14:44:03] [INFO] System started successfully
[2026-07-23 14:44:07] [INFO] System started successfully
[2026-07-23 14:44:12] [ERROR] Invalid password provided for account admin
[2026-07-23 14:44:12] [INFO] System started successfully
[2026-07-23 14:44:16] [INFO] Cache hit for key user_profile_123
[2026-07-23 14:44:17] [INFO] Cache hit for key user_profile_123
[2026-07-23 14:44:20] [INFO] User admin logged in from 192.168.1.100
[2026-07-23 14:44:21] [DEBUG] Session token refreshed
[2026-07-23 14:44:24] [INFO] Successfully processed background job #4912
[2026-07-23 14:44:27] [INFO] Successfully processed background job #4912
[2026-07-23 14:44:32] [DEBUG] Fetching row 4021 from database
[2026-07-23 14:44:36] [DEBUG] Session token refreshed
[2026-07-23 14:44:41] [WARNING] High memory usage detected (85%)
[2026-07-23 14:44:45] [INFO] Handling user request for /api/v1/data
[2026-07-23 14:44:49] [WARNING] Rate limit approaching for IP 10.0.0.55
[2026-07-23 14:44:54] [DEBUG] Parsing JSON payload
[2026-07-23 14:44:56] [INFO] User admin logged in from 192.168.1.100
[2026-07-23 14:44:57] [INFO] Connection established to message queue
[2026-07-23 14:44:58] [INFO] Connection established to message queue
[2026-07-23 14:45:01] [WARNING] Deprecated API usage detected in legacy_module.py
[2026-07-23 14:45:04] [INFO] Connection established to message queue
[2026-07-23 14:45:04] [INFO] Cache hit for key user_profile_123
[2026-07-23 14:45:08] [INFO] Connection established to message queue
[2026-07-23 14:45:11] [DEBUG] Parsing JSON payload
[2026-07-23 14:45:13] [INFO] Handling user request for /api/v1/data
[2026-07-23 14:45:14] [ERROR] Database connection failed: Connection refused
[2026-07-23 14:45:17] [INFO] Connection established to message queue
[2026-07-23 14:45:20] [INFO] Handling user request for /api/v1/data
[2026-07-23 14:45:20] [WARNING] Deprecated API usage detected in legacy_module.py
[2026-07-23 14:45:23] [INFO] Cache hit for key user_profile_123
[2026-07-23 14:45:23] [INFO] Successfully processed background job #4912
[2026-07-23 14:45:27] [INFO] Successfully processed background job #4912
[2026-07-23 14:45:31] [INFO] User admin logged in from 192.168.1.100
[2026-07-23 14:45:32] [INFO] Connection established to message queue
[2026-07-23 14:45:32] [DEBUG] Fetching row 4021 from database
[2026-07-23 14:45:36] [INFO] System started successfully
[2026-07-23 14:45:37] [INFO] Successfully processed background job #4912
[2026-07-23 14:45:40] [INFO] User admin logged in from 192.168.1.100
[2026-07-23 14:45:45] [ERROR] Invalid password provided for account admin
[2026-07-23 14:45:47] [WARNING] High memory usage detected (85%)
[2026-07-23 14:45:49] [INFO] User admin logged in from 192.168.1.100
[2026-07-23 14:45:52] [DEBUG] Session token refreshed
[2026-07-23 14:45:53] [INFO] Handling user request for /api/v1/data
[2026-07-23 14:45:54] [WARNING] Rate limit approaching for IP 10.0.0.55
[2026-07-23 14:45:57] [WARNING] Rate limit approaching for IP 10.0.0.55
[2026-07-23 14:45:59] [WARNING] Deprecated API usage detected in legacy_module.py
[2026-07-23 14:46:03] [INFO] Successfully processed background job #4912
[2026-07-23 14:46:07] [INFO] Connection established to message queue
[2026-07-23 14:46:12] [DEBUG] Fetching row 4021 from database
[2026-07-23 14:46:14] [INFO] System started successfully
[2026-07-23 14:46:14] [INFO] Successfully processed background job #4912
[2026-07-23 14:46:15] [WARNING] Rate limit approaching for IP 10.0.0.55
[2026-07-23 14:46:17] [ERROR] Authentication failed for user guest
[2026-07-23 14:46:17] [DEBUG] Initializing cache manager
[2026-07-23 14:46:20] [INFO] Cache hit for key user_profile_123
[2026-07-23 14:46:21] [WARNING] Rate limit approaching for IP 10.0.0.55
[2026-07-23 14:46:26] [DEBUG] Initializing cache manager
[2026-07-23 14:46:31] [ERROR] Database connection failed: Connection refused
[2026-07-23 14:46:32] [WARNING] High memory usage detected (85%)
[2026-07-23 14:46:35] [INFO] Successfully processed background job #4912
[2026-07-23 14:46:36] [INFO] Successfully processed background job #4912
[2026-07-23 14:46:40] [INFO] System started successfully
[2026-07-23 14:46:45] [INFO] Connection established to message queue
[2026-07-23 14:46:46] [WARNING] High memory usage detected (85%)
[2026-07-23 14:46:48] [INFO] Handling user request for /api/v1/data
[2026-07-23 14:46:50] [INFO] Connection established to message queue
[2026-07-23 14:46:51] [INFO] Connection established to message queue
[2026-07-23 14:46:53] [INFO] Connection established to message queue
[2026-07-23 14:46:57] [DEBUG] Initializing cache manager
[2026-07-23 14:47:02] [INFO] Connection established to message queue
[2026-07-23 14:47:06] [WARNING] High memory usage detected (85%)
[2026-07-23 14:47:07] [INFO] Cache hit for key user_profile_123
[2026-07-23 14:47:09] [INFO] Handling user request for /api/v1/data
[2026-07-23 14:47:10] [WARNING] Rate limit approaching for IP 10.0.0.55
[2026-07-23 14:47:11] [INFO] Handling user request for /api/v1/data
[2026-07-23 14:47:15] [INFO] System started successfully
[2026-07-23 14:47:20] [INFO] User admin logged in from 192.168.1.100
[2026-07-23 14:47:23] [WARNING] High memory usage detected (85%)
[2026-07-23 14:47:26] [INFO] Cache hit for key user_profile_123
[2026-07-23 14:47:27] [INFO] Cache hit for key user_profile_123
[2026-07-23 14:47:27] [INFO] Handling user request for /api/v1/data
[2026-07-23 14:47:28] [INFO] Connection established to message queue
[2026-07-23 14:47:30] [INFO] Successfully processed background job #4912
[2026-07-23 14:47:35] [WARNING] Deprecated API usage detected in legacy_module.py
[2026-07-23 14:47:36] [INFO] Handling user request for /api/v1/data
[2026-07-23 14:47:40] [ERROR] MySQL Error: Deadlock found when trying to get lock
[2026-07-23 14:47:44] [CRITICAL] Service crashed with exit code 137
[2026-07-23 14:47:48] [INFO] Handling user request for /api/v1/data
[2026-07-23 14:47:49] [DEBUG] Parsing JSON payload
[2026-07-23 14:47:52] [INFO] Connection established to message queue
[2026-07-23 14:47:56] [INFO] Successfully processed background job #4912
[2026-07-23 14:47:56] [DEBUG] Parsing JSON payload
[2026-07-23 14:47:57] [INFO] Successfully processed background job #4912
[2026-07-23 14:48:00] [ERROR] Database connection failed: Connection refused
[2026-07-23 14:48:04] [INFO] System started successfully
[2026-07-23 14:48:04] [INFO] Connection established to message queue
[2026-07-23 14:48:06] [INFO] Handling user request for /api/v1/data
[2026-07-23 14:48:09] [INFO] Connection established to message queue
[2026-07-23 14:48:12] [DEBUG] Session token refreshed
[2026-07-23 14:48:13] [INFO] Cache hit for key user_profile_123
[2026-07-23 14:48:14] [INFO] Cache hit for key user_profile_123
[2026-07-23 14:48:17] [INFO] Connection established to message queue
[2026-07-23 14:48:18] [INFO] Cache hit for key user_profile_123
[2026-07-23 14:48:20] [DEBUG] Parsing JSON payload
[2026-07-23 14:48:20] [INFO] System started successfully
[2026-07-23 14:48:25] [ERROR] NullPointerException in DataProcessor class
[2026-07-23 14:48:28] [INFO] Connection established to message queue
[2026-07-23 14:48:28] [INFO] User admin logged in from 192.168.1.100
[2026-07-23 14:48:30] [DEBUG] Fetching row 4021 from database
[2026-07-23 14:48:35] [INFO] Connection established to message queue
[2026-07-23 14:48:39] [INFO] Cache hit for key user_profile_123
[2026-07-23 14:48:43] [INFO] Connection established to message queue
[2026-07-23 14:48:45] [INFO] Successfully processed background job #4912
[2026-07-23 14:48:50] [ERROR] Invalid password provided for account admin
[2026-07-23 14:48:52] [DEBUG] Initializing cache manager
[2026-07-23 14:48:53] [INFO] Handling user request for /api/v1/data
[2026-07-23 14:48:56] [WARNING] High memory usage detected (85%)
[2026-07-23 14:48:58] [INFO] Successfully processed background job #4912
[2026-07-23 14:49:00] [INFO] Cache hit for key user_profile_123
[2026-07-23 14:49:02] [DEBUG] Initializing cache manager
[2026-07-23 14:49:04] [DEBUG] Session token refreshed
[2026-07-23 14:49:07] [ERROR] NullPointerException in DataProcessor class
[2026-07-23 14:49:08] [INFO] User admin logged in from 192.168.1.100
[2026-07-23 14:49:09] [INFO] Cache hit for key user_profile_123
[2026-07-23 14:49:14] [INFO] User admin logged in from 192.168.1.100
[2026-07-23 14:49:18] [INFO] Connection established to message queue
[2026-07-23 14:49:22] [INFO] User admin logged in from 192.168.1.100
[2026-07-23 14:49:23] [INFO] Connection established to message queue
[2026-07-23 14:49:24] [DEBUG] Fetching row 4021 from database
[2026-07-23 14:49:24] [INFO] Successfully processed background job #4912
[2026-07-23 14:49:25] [INFO] Handling user request for /api/v1/data
[2026-07-23 14:49:28] [DEBUG] Session token refreshed
[2026-07-23 14:49:29] [INFO] Connection established to message queue
[2026-07-23 14:49:33] [INFO] Cache hit for key user_profile_123
[2026-07-23 14:49:35] [DEBUG] Fetching row 4021 from database
[2026-07-23 14:49:37] [DEBUG] Fetching row 4021 from database
[2026-07-23 14:49:37] [INFO] User admin logged in from 192.168.1.100
[2026-07-23 14:49:39] [INFO] Handling user request for /api/v1/data
[2026-07-23 14:49:40] [INFO] User admin logged in from 192.168.1.100
[2026-07-23 14:49:41] [DEBUG] Initializing cache manager
[2026-07-23 14:49:44] [INFO] System started successfully
[2026-07-23 14:49:46] [INFO] Cache hit for key user_profile_123
[2026-07-23 14:49:48] [WARNING] Rate limit approaching for IP 10.0.0.55
[2026-07-23 14:49:49] [INFO] Cache hit for key user_profile_123
[2026-07-23 14:49:53] [INFO] Connection established to message queue
[2026-07-23 14:49:55] [INFO] Connection established to message queue
[2026-07-23 14:49:57] [DEBUG] Fetching row 4021 from database
[2026-07-23 14:50:00] [INFO] Successfully processed background job #4912
[2026-07-23 14:50:05] [INFO] User admin logged in from 192.168.1.100
[2026-07-23 14:50:07] [INFO] Successfully processed background job #4912
[2026-07-23 14:50:08] [INFO] User admin logged in from 192.168.1.100
[2026-07-23 14:50:09] [INFO] System started successfully
[2026-07-23 14:50:11] [INFO] Cache hit for key user_profile_123
[2026-07-23 14:50:15] [WARNING] High memory usage detected (85%)
[2026-07-23 14:50:15] [DEBUG] Fetching row 4021 from database
[2026-07-23 14:50:18] [INFO] Connection established to message queue
[2026-07-23 14:50:19] [INFO] System started successfully
[2026-07-23 14:50:20] [INFO] Cache hit for key user_profile_123
[2026-07-23 14:50:24] [INFO] User admin logged in from 192.168.1.100
[2026-07-23 14:50:29] [INFO] Handling user request for /api/v1/data
[2026-07-23 14:50:30] [INFO] Connection established to message queue
[2026-07-23 14:50:34] [INFO] User admin logged in from 192.168.1.100
[2026-07-23 14:50:37] [WARNING] Deprecated API usage detected in legacy_module.py
[2026-07-23 14:50:40] [INFO] System started successfully
[2026-07-23 14:50:40] [INFO] User admin logged in from 192.168.1.100
[2026-07-23 14:50:41] [INFO] Cache hit for key user_profile_123
[2026-07-23 14:50:41] [INFO] Cache hit for key user_profile_123
[2026-07-23 14:50:42] [INFO] Handling user request for /api/v1/data
[2026-07-23 14:50:45] [INFO] Cache hit for key user_profile_123
[2026-07-23 14:50:45] [INFO] System started successfully
[2026-07-23 14:50:49] [INFO] Cache hit for key user_profile_123
[2026-07-23 14:50:52] [INFO] Connection established to message queue
[2026-07-23 14:50:55] [CRITICAL] Disk space exhausted on /var/log
[2026-07-23 14:50:58] [WARNING] High memory usage detected (85%)
[2026-07-23 14:51:03] [ERROR] Database connection failed: Connection refused
[2026-07-23 14:51:06] [INFO] Successfully processed background job #4912
[2026-07-23 14:51:10] [INFO] Handling user request for /api/v1/data
[2026-07-23 14:51:12] [INFO] Connection established to message queue
[2026-07-23 14:51:16] [DEBUG] Session token refreshed
[2026-07-23 14:51:18] [INFO] System started successfully
[2026-07-23 14:51:20] [INFO] Successfully processed background job #4912
[2026-07-23 14:51:24] [INFO] Cache hit for key user_profile_123
[2026-07-23 14:51:25] [DEBUG] Parsing JSON payload
[2026-07-23 14:51:30] [WARNING] Deprecated API usage detected in legacy_module.py
[2026-07-23 14:51:35] [INFO] Connection established to message queue
[2026-07-23 14:51:39] [INFO] Cache hit for key user_profile_123
[2026-07-23 14:51:42] [INFO] System started successfully
[2026-07-23 14:51:43] [INFO] Successfully processed background job #4912
[2026-07-23 14:51:46] [ERROR] Database connection failed: Connection refused
[2026-07-23 14:51:46] [INFO] System started successfully
[2026-07-23 14:51:48] [INFO] System started successfully
[2026-07-23 14:51:49] [INFO] System started successfully
[2026-07-23 14:51:54] [INFO] Handling user request for /api/v1/data
[2026-07-23 14:51:54] [WARNING] Rate limit approaching for IP 10.0.0.55
[2026-07-23 14:51:55] [INFO] Connection established to message queue
[2026-07-23 14:51:57] [DEBUG] Initializing cache manager
[2026-07-23 14:51:59] [INFO] Connection established to message queue
[2026-07-23 14:52:03] [WARNING] High memory usage detected (85%)
[2026-07-23 14:52:07] [WARNING] High memory usage detected (85%)
[2026-07-23 14:52:07] [ERROR] MySQL Error: Deadlock found when trying to get lock
[2026-07-23 14:52:12] [INFO] Successfully processed background job #4912
[2026-07-23 14:52:13] [INFO] Cache hit for key user_profile_123
[2026-07-23 14:52:17] [INFO] Cache hit for key user_profile_123
[2026-07-23 14:52:21] [INFO] Cache hit for key user_profile_123
[2026-07-23 14:52:23] [DEBUG] Session token refreshed
[2026-07-23 14:52:26] [INFO] System started successfully
[2026-07-23 14:52:30] [INFO] User admin logged in from 192.168.1.100
[2026-07-23 14:52:31] [INFO] System started successfully
[2026-07-23 14:52:34] [WARNING] High memory usage detected (85%)
[2026-07-23 14:52:35] [WARNING] Deprecated API usage detected in legacy_module.py
[2026-07-23 14:52:38] [INFO] Connection established to message queue
[2026-07-23 14:52:39] [INFO] Cache hit for key user_profile_123
[2026-07-23 14:52:41] [WARNING] High memory usage detected (85%)
[2026-07-23 14:52:42] [INFO] Successfully processed background job #4912
[2026-07-23 14:52:45] [INFO] Connection established to message queue
[2026-07-23 14:52:46] [WARNING] Deprecated API usage detected in legacy_module.py
[2026-07-23 14:52:48] [DEBUG] Parsing JSON payload
[2026-07-23 14:52:51] [ERROR] Authentication failed for user guest
[2026-07-23 14:52:53] [CRITICAL] Disk space exhausted on /var/log
[2026-07-23 14:52:56] [INFO] System started successfully
[2026-07-23 14:53:01] [INFO] Successfully processed background job #4912
[2026-07-23 14:53:04] [INFO] Handling user request for /api/v1/data
[2026-07-23 14:53:05] [CRITICAL] Timeout while waiting for external service after 30000ms
[2026-07-23 14:53:08] [INFO] Cache hit for key user_profile_123
[2026-07-23 14:53:11] [INFO] Cache hit for key user_profile_123
[2026-07-23 14:53:11] [DEBUG] Session token refreshed
[2026-07-23 14:53:15] [INFO] System started successfully
[2026-07-23 14:53:20] [DEBUG] Fetching row 4021 from database
[2026-07-23 14:53:24] [DEBUG] Fetching row 4021 from database
[2026-07-23 14:53:26] [INFO] Cache hit for key user_profile_123
[2026-07-23 14:53:29] [INFO] User admin logged in from 192.168.1.100
[2026-07-23 14:53:34] [DEBUG] Parsing JSON payload
[2026-07-23 14:53:37] [DEBUG] Initializing cache manager
[2026-07-23 14:53:41] [INFO] Successfully processed background job #4912
[2026-07-23 14:53:42] [INFO] Successfully processed background job #4912
[2026-07-23 14:53:46] [DEBUG] Fetching row 4021 from database
[2026-07-23 14:53:47] [INFO] Successfully processed background job #4912
[2026-07-23 14:53:48] [INFO] Connection established to message queue
[2026-07-23 14:53:52] [DEBUG] Initializing cache manager
[2026-07-23 14:53:55] [INFO] Successfully processed background job #4912
[2026-07-23 14:53:57] [INFO] System started successfully
[2026-07-23 14:54:01] [INFO] System started successfully
[2026-07-23 14:54:01] [INFO] System started successfully
[2026-07-23 14:54:03] [DEBUG] Fetching row 4021 from database
[2026-07-23 14:54:06] [DEBUG] Initializing cache manager
[2026-07-23 14:54:06] [INFO] Connection established to message queue
[2026-07-23 14:54:10] [INFO] Cache hit for key user_profile_123
[2026-07-23 14:54:12] [INFO] System started successfully
[2026-07-23 14:54:14] [INFO] Successfully processed background job #4912
[2026-07-23 14:54:15] [INFO] Handling user request for /api/v1/data
[2026-07-23 14:54:19] [INFO] Cache hit for key user_profile_123
[2026-07-23 14:54:21] [INFO] User admin logged in from 192.168.1.100
[2026-07-23 14:54:25] [INFO] Connection established to message queue
[2026-07-23 14:54:25] [INFO] Connection established to message queue
[2026-07-23 14:54:29] [DEBUG] Fetching row 4021 from database
[2026-07-23 14:54:32] [INFO] Handling user request for /api/v1/data
[2026-07-23 14:54:34] [INFO] Connection established to message queue
[2026-07-23 14:54:37] [INFO] System started successfully
[2026-07-23 14:54:41] [INFO] System started successfully
[2026-07-23 14:54:42] [INFO] Handling user request for /api/v1/data
[2026-07-23 14:54:45] [INFO] Successfully processed background job #4912
[2026-07-23 14:54:49] [INFO] Connection established to message queue
[2026-07-23 14:54:49] [DEBUG] Fetching row 4021 from database
[2026-07-23 14:54:52] [WARNING] High memory usage detected (85%)
[2026-07-23 14:54:56] [INFO] Connection established to message queue
[2026-07-23 14:54:59] [WARNING] Deprecated API usage detected in legacy_module.py
[2026-07-23 14:55:01] [INFO] User admin logged in from 192.168.1.100
[2026-07-23 14:55:02] [INFO] User admin logged in from 192.168.1.100
[2026-07-23 14:55:05] [INFO] System started successfully
[2026-07-23 14:55:09] [WARNING] High memory usage detected (85%)
[2026-07-23 14:55:10] [INFO] System started successfully
[2026-07-23 14:55:11] [INFO] Connection established to message queue
[2026-07-23 14:55:11] [INFO] Connection established to message queue
[2026-07-23 14:55:16] [INFO] System started successfully
[2026-07-23 14:55:20] [INFO] Handling user request for /api/v1/data
[2026-07-23 14:55:24] [INFO] User admin logged in from 192.168.1.100
[2026-07-23 14:55:28] [INFO] Successfully processed background job #4912
[2026-07-23 14:55:30] [INFO] User admin logged in from 192.168.1.100
[2026-07-23 14:55:32] [DEBUG] Session token refreshed
[2026-07-23 14:55:33] [INFO] Cache hit for key user_profile_123
[2026-07-23 14:55:36] [INFO] Connection established to message queue
[2026-07-23 14:55:39] [INFO] Connection established to message queue
[2026-07-23 14:55:43] [INFO] Cache hit for key user_profile_123
[2026-07-23 14:55:45] [INFO] Connection established to message queue
[2026-07-23 14:55:47] [INFO] User admin logged in from 192.168.1.100
[2026-07-23 14:55:51] [INFO] Cache hit for key user_profile_123
[2026-07-23 14:55:55] [INFO] Handling user request for /api/v1/data
[2026-07-23 14:55:57] [ERROR] Authentication failed for user guest
[2026-07-23 14:55:57] [ERROR] Database connection failed: Connection refused
[2026-07-23 14:56:01] [INFO] Connection established to message queue
[2026-07-23 14:56:04] [WARNING] High memory usage detected (85%)
[2026-07-23 14:56:07] [INFO] System started successfully
[2026-07-23 14:56:09] [ERROR] MySQL Error: Deadlock found when trying to get lock
[2026-07-23 14:56:11] [INFO] Connection established to message queue
[2026-07-23 14:56:16] [WARNING] Rate limit approaching for IP 10.0.0.55
[2026-07-23 14:56:18] [DEBUG] Parsing JSON payload
[2026-07-23 14:56:22] [DEBUG] Fetching row 4021 from database
[2026-07-23 14:56:24] [INFO] User admin logged in from 192.168.1.100
[2026-07-23 14:56:27] [INFO] User admin logged in from 192.168.1.100
[2026-07-23 14:56:27] [WARNING] Deprecated API usage detected in legacy_module.py
[2026-07-23 14:56:29] [INFO] Cache hit for key user_profile_123
[2026-07-23 14:56:31] [INFO] User admin logged in from 192.168.1.100
[2026-07-23 14:56:35] [DEBUG] Initializing cache manager
[2026-07-23 14:56:37] [INFO] Connection established to message queue
[2026-07-23 14:56:41] [INFO] Handling user request for /api/v1/data
[2026-07-23 14:56:43] [WARNING] High memory usage detected (85%)
[2026-07-23 14:56:47] [INFO] Successfully processed background job #4912
[2026-07-23 14:56:50] [DEBUG] Fetching row 4021 from database
[2026-07-23 14:56:52] [INFO] Handling user request for /api/v1/data
[2026-07-23 14:56:55] [INFO] System started successfully
[2026-07-23 14:56:57] [INFO] Cache hit for key user_profile_123
[2026-07-23 14:56:57] [INFO] System started successfully
[2026-07-23 14:57:01] [WARNING] Deprecated API usage detected in legacy_module.py
[2026-07-23 14:57:05] [INFO] System started successfully
[2026-07-23 14:57:05] [INFO] Successfully processed background job #4912
[2026-07-23 14:57:06] [INFO] Connection established to message queue
[2026-07-23 14:57:09] [DEBUG] Session token refreshed
[2026-07-23 14:57:14] [INFO] Connection established to message queue
[2026-07-23 14:57:17] [WARNING] High memory usage detected (85%)
[2026-07-23 14:57:18] [INFO] Connection established to message queue
[2026-07-23 14:57:22] [INFO] User admin logged in from 192.168.1.100
[2026-07-23 14:57:24] [INFO] User admin logged in from 192.168.1.100
[2026-07-23 14:57:24] [WARNING] High memory usage detected (85%)
[2026-07-23 14:57:27] [INFO] System started successfully
[2026-07-23 14:57:28] [INFO] Cache hit for key user_profile_123
[2026-07-23 14:57:31] [DEBUG] Parsing JSON payload
[2026-07-23 14:57:33] [INFO] Connection established to message queue
[2026-07-23 14:57:35] [INFO] Connection established to message queue
[2026-07-23 14:57:36] [INFO] Successfully processed background job #4912
[2026-07-23 14:57:37] [INFO] Connection established to message queue
[2026-07-23 14:57:40] [INFO] Successfully processed background job #4912
[2026-07-23 14:57:44] [INFO] Successfully processed background job #4912
[2026-07-23 14:57:46] [INFO] System started successfully
[2026-07-23 14:57:51] [INFO] Connection established to message queue
[2026-07-23 14:57:54] [INFO] Handling user request for /api/v1/data
[2026-07-23 14:57:56] [INFO] Handling user request for /api/v1/data
[2026-07-23 14:57:59] [INFO] Handling user request for /api/v1/data
[2026-07-23 14:58:02] [INFO] Cache hit for key user_profile_123
[2026-07-23 14:58:05] [INFO] System started successfully
[2026-07-23 14:58:09] [INFO] Connection established to message queue
[2026-07-23 14:58:10] [INFO] User admin logged in from 192.168.1.100
[2026-07-23 14:58:10] [INFO] User admin logged in from 192.168.1.100
[2026-07-23 14:58:10] [WARNING] Rate limit approaching for IP 10.0.0.55
[2026-07-23 14:58:12] [INFO] Connection established to message queue
[2026-07-23 14:58:17] [WARNING] Deprecated API usage detected in legacy_module.py
[2026-07-23 14:58:20] [INFO] Handling user request for /api/v1/data
[2026-07-23 14:58:24] [INFO] Successfully processed background job #4912
[2026-07-23 14:58:27] [CRITICAL] Disk space exhausted on /var/log
[2026-07-23 14:58:28] [INFO] Handling user request for /api/v1/data
[2026-07-23 14:58:31] [DEBUG] Initializing cache manager
[2026-07-23 14:58:35] [INFO] User admin logged in from 192.168.1.100
[2026-07-23 14:58:39] [INFO] Connection established to message queue
[2026-07-23 14:58:43] [DEBUG] Parsing JSON payload
[2026-07-23 14:58:47] [DEBUG] Parsing JSON payload
[2026-07-23 14:58:48] [INFO] Handling user request for /api/v1/data
[2026-07-23 14:58:48] [INFO] Handling user request for /api/v1/data
[2026-07-23 14:58:49] [INFO] Handling user request for /api/v1/data
[2026-07-23 14:58:54] [INFO] User admin logged in from 192.168.1.100
[2026-07-23 14:58:54] [INFO] System started successfully
[2026-07-23 14:58:59] [WARNING] Deprecated API usage detected in legacy_module.py
[2026-07-23 14:59:00] [INFO] System started successfully
[2026-07-23 14:59:03] [INFO] System started successfully
[2026-07-23 14:59:08] [INFO] System started successfully
[2026-07-23 14:59:08] [INFO] User admin logged in from 192.168.1.100
[2026-07-23 14:59:11] [INFO] System started successfully
[2026-07-23 14:59:14] [WARNING] Rate limit approaching for IP 10.0.0.55
[2026-07-23 14:59:18] [DEBUG] Parsing JSON payload
[2026-07-23 14:59:23] [INFO] Connection established to message queue
[2026-07-23 14:59:25] [WARNING] Rate limit approaching for IP 10.0.0.55
[2026-07-23 14:59:29] [INFO] Handling user request for /api/v1/data
[2026-07-23 14:59:33] [WARNING] Rate limit approaching for IP 10.0.0.55
[2026-07-23 14:59:34] [INFO] Cache hit for key user_profile_123
[2026-07-23 14:59:35] [INFO] Cache hit for key user_profile_123
[2026-07-23 14:59:38] [INFO] Successfully processed background job #4912
[2026-07-23 14:59:39] [INFO] Connection established to message queue
[2026-07-23 14:59:40] [INFO] Successfully processed background job #4912
[2026-07-23 14:59:43] [INFO] Cache hit for key user_profile_123
[2026-07-23 14:59:44] [INFO] System started successfully
[2026-07-23 14:59:45] [INFO] Connection established to message queue
[2026-07-23 14:59:47] [WARNING] High memory usage detected (85%)
[2026-07-23 14:59:51] [ERROR] MySQL Error: Deadlock found when trying to get lock
[2026-07-23 14:59:55] [INFO] System started successfully
[2026-07-23 14:59:58] [INFO] System started successfully
[2026-07-23 15:00:01] [INFO] Connection established to message queue
[2026-07-23 15:00:02] [INFO] Connection established to message queue
[2026-07-23 15:00:07] [INFO] User admin logged in from 192.168.1.100
[2026-07-23 15:00:10] [INFO] User admin logged in from 192.168.1.100
[2026-07-23 15:00:14] [INFO] Handling user request for /api/v1/data
[2026-07-23 15:00:16] [INFO] Cache hit for key user_profile_123
[2026-07-23 15:00:21] [INFO] System started successfully
[2026-07-23 15:00:22] [DEBUG] Session token refreshed
[2026-07-23 15:00:25] [INFO] Successfully processed background job #4912
[2026-07-23 15:00:30] [INFO] Connection established to message queue
[2026-07-23 15:00:34] [INFO] Handling user request for /api/v1/data
[2026-07-23 15:00:35] [INFO] Successfully processed background job #4912
[2026-07-23 15:00:36] [INFO] Connection established to message queue
[2026-07-23 15:00:40] [INFO] Connection established to message queue
[2026-07-23 15:00:41] [INFO] User admin logged in from 192.168.1.100
[2026-07-23 15:00:41] [INFO] Handling user request for /api/v1/data
[2026-07-23 15:00:45] [INFO] Successfully processed background job #4912
[2026-07-23 15:00:49] [INFO] Successfully processed background job #4912
[2026-07-23 15:00:53] [DEBUG] Parsing JSON payload
[2026-07-23 15:00:56] [INFO] Connection established to message queue
[2026-07-23 15:00:59] [INFO] Connection established to message queue
[2026-07-23 15:01:02] [INFO] Handling user request for /api/v1/data
[2026-07-23 15:01:05] [DEBUG] Parsing JSON payload
[2026-07-23 15:01:08] [ERROR] NullPointerException in DataProcessor class
[2026-07-23 15:01:09] [INFO] Successfully processed background job #4912
[2026-07-23 15:01:14] [INFO] Handling user request for /api/v1/data
[2026-07-23 15:01:17] [INFO] User admin logged in from 192.168.1.100
[2026-07-23 15:01:18] [WARNING] Deprecated API usage detected in legacy_module.py
[2026-07-23 15:01:20] [INFO] System started successfully
[2026-07-23 15:01:21] [DEBUG] Initializing cache manager
[2026-07-23 15:01:21] [INFO] System started successfully
[2026-07-23 15:01:22] [DEBUG] Fetching row 4021 from database
[2026-07-23 15:01:26] [INFO] User admin logged in from 192.168.1.100
[2026-07-23 15:01:28] [INFO] Successfully processed background job #4912
[2026-07-23 15:01:32] [DEBUG] Parsing JSON payload
[2026-07-23 15:01:32] [INFO] Handling user request for /api/v1/data
[2026-07-23 15:01:37] [INFO] Handling user request for /api/v1/data
[2026-07-23 15:01:41] [INFO] Successfully processed background job #4912
[2026-07-23 15:01:46] [INFO] System started successfully
[2026-07-23 15:01:48] [INFO] Connection established to message queue
[2026-07-23 15:01:48] [INFO] System started successfully
[2026-07-23 15:01:51] [INFO] Handling user request for /api/v1/data
[2026-07-23 15:01:56] [INFO] Handling user request for /api/v1/data
[2026-07-23 15:01:56] [INFO] Connection established to message queue
[2026-07-23 15:01:59] [INFO] User admin logged in from 192.168.1.100
[2026-07-23 15:02:00] [INFO] Cache hit for key user_profile_123
[2026-07-23 15:02:03] [WARNING] High memory usage detected (85%)
[2026-07-23 15:02:03] [INFO] Successfully processed background job #4912
[2026-07-23 15:02:04] [INFO] Connection established to message queue
[2026-07-23 15:02:05] [INFO] Cache hit for key user_profile_123
[2026-07-23 15:02:10] [DEBUG] Parsing JSON payload
[2026-07-23 15:02:12] [WARNING] Deprecated API usage detected in legacy_module.py
[2026-07-23 15:02:17] [DEBUG] Fetching row 4021 from database
[2026-07-23 15:02:17] [DEBUG] Parsing JSON payload
[2026-07-23 15:02:20] [INFO] Successfully processed background job #4912
[2026-07-23 15:02:22] [INFO] User admin logged in from 192.168.1.100
[2026-07-23 15:02:23] [INFO] Cache hit for key user_profile_123
[2026-07-23 15:02:24] [ERROR] Database connection failed: Connection refused
[2026-07-23 15:02:28] [CRITICAL] Disk space exhausted on /var/log
[2026-07-23 15:02:32] [INFO] System started successfully
[2026-07-23 15:02:36] [INFO] Successfully processed background job #4912
[2026-07-23 15:02:36] [INFO] Connection established to message queue
[2026-07-23 15:02:37] [ERROR] NullPointerException in DataProcessor class
[2026-07-23 15:02:39] [INFO] Handling user request for /api/v1/data
[2026-07-23 15:02:43] [INFO] Successfully processed background job #4912
[2026-07-23 15:02:45] [INFO] Cache hit for key user_profile_123
[2026-07-23 15:02:49] [DEBUG] Session token refreshed
[2026-07-23 15:02:53] [INFO] Cache hit for key user_profile_123
[2026-07-23 15:02:54] [INFO] Successfully processed background job #4912
[2026-07-23 15:02:57] [INFO] Handling user request for /api/v1/data
[2026-07-23 15:03:00] [WARNING] Rate limit approaching for IP 10.0.0.55
[2026-07-23 15:03:02] [DEBUG] Parsing JSON payload
[2026-07-23 15:03:04] [DEBUG] Fetching row 4021 from database
[2026-07-23 15:03:05] [INFO] User admin logged in from 192.168.1.100
[2026-07-23 15:03:10] [INFO] Handling user request for /api/v1/data
[2026-07-23 15:03:11] [INFO] System started successfully
[2026-07-23 15:03:12] [INFO] User admin logged in from 192.168.1.100
[2026-07-23 15:03:13] [ERROR] MySQL Error: Deadlock found when trying to get lock
[2026-07-23 15:03:14] [INFO] Handling user request for /api/v1/data
[2026-07-23 15:03:18] [INFO] Connection established to message queue
[2026-07-23 15:03:18] [INFO] System started successfully
[2026-07-23 15:03:21] [ERROR] Authentication failed for user guest
[2026-07-23 15:03:22] [INFO] Connection established to message queue
[2026-07-23 15:03:25] [INFO] Successfully processed background job #4912
[2026-07-23 15:03:29] [INFO] Connection established to message queue
[2026-07-23 15:03:31] [ERROR] Database connection failed: Connection refused
[2026-07-23 15:03:33] [INFO] Cache hit for key user_profile_123
[2026-07-23 15:03:34] [INFO] System started successfully
[2026-07-23 15:03:36] [INFO] User admin logged in from 192.168.1.100
[2026-07-23 15:03:36] [INFO] Handling user request for /api/v1/data
[2026-07-23 15:03:37] [WARNING] Rate limit approaching for IP 10.0.0.55
[2026-07-23 15:03:39] [ERROR] Invalid password provided for account admin
[2026-07-23 15:03:43] [DEBUG] Fetching row 4021 from database
[2026-07-23 15:03:46] [INFO] Handling user request for /api/v1/data
[2026-07-23 15:03:51] [WARNING] High memory usage detected (85%)
[2026-07-23 15:03:56] [ERROR] Authentication failed for user guest
[2026-07-23 15:04:00] [INFO] Handling user request for /api/v1/data
[2026-07-23 15:04:01] [INFO] Connection established to message queue
[2026-07-23 15:04:04] [INFO] Successfully processed background job #4912
[2026-07-23 15:04:05] [INFO] User admin logged in from 192.168.1.100
[2026-07-23 15:04:08] [INFO] Cache hit for key user_profile_123
[2026-07-23 15:04:11] [ERROR] MySQL Error: Deadlock found when trying to get lock
[2026-07-23 15:04:16] [DEBUG] Initializing cache manager
[2026-07-23 15:04:18] [INFO] User admin logged in from 192.168.1.100
[2026-07-23 15:04:21] [INFO] Successfully processed background job #4912
[2026-07-23 15:04:25] [DEBUG] Parsing JSON payload
[2026-07-23 15:04:28] [INFO] Connection established to message queue
[2026-07-23 15:04:30] [WARNING] Rate limit approaching for IP 10.0.0.55
[2026-07-23 15:04:32] [WARNING] High memory usage detected (85%)
[2026-07-23 15:04:37] [CRITICAL] Timeout while waiting for external service after 30000ms
[2026-07-23 15:04:38] [INFO] Connection established to message queue
[2026-07-23 15:04:43] [WARNING] Rate limit approaching for IP 10.0.0.55
[2026-07-23 15:04:46] [INFO] Cache hit for key user_profile_123
[2026-07-23 15:04:50] [INFO] Cache hit for key user_profile_123
[2026-07-23 15:04:52] [DEBUG] Initializing cache manager
[2026-07-23 15:04:55] [INFO] Connection established to message queue
[2026-07-23 15:04:59] [INFO] Handling user request for /api/v1/data
[2026-07-23 15:05:03] [INFO] System started successfully
[2026-07-23 15:05:04] [WARNING] Rate limit approaching for IP 10.0.0.55
[2026-07-23 15:05:06] [INFO] Successfully processed background job #4912
[2026-07-23 15:05:06] [INFO] Connection established to message queue
[2026-07-23 15:05:08] [INFO] Connection established to message queue
[2026-07-23 15:05:11] [INFO] Cache hit for key user_profile_123
[2026-07-23 15:05:13] [INFO] Handling user request for /api/v1/data
[2026-07-23 15:05:14] [INFO] Cache hit for key user_profile_123
[2026-07-23 15:05:15] [WARNING] Deprecated API usage detected in legacy_module.py
[2026-07-23 15:05:16] [INFO] Handling user request for /api/v1/data
[2026-07-23 15:05:18] [ERROR] NullPointerException in DataProcessor class
[2026-07-23 15:05:22] [INFO] User admin logged in from 192.168.1.100
[2026-07-23 15:05:26] [INFO] Connection established to message queue
[2026-07-23 15:05:27] [ERROR] Authentication failed for user guest
[2026-07-23 15:05:29] [DEBUG] Session token refreshed
[2026-07-23 15:05:33] [ERROR] Database connection failed: Connection refused
[2026-07-23 15:05:34] [DEBUG] Parsing JSON payload
[2026-07-23 15:05:34] [INFO] System started successfully
[2026-07-23 15:05:37] [INFO] User admin logged in from 192.168.1.100
[2026-07-23 15:05:38] [INFO] Successfully processed background job #4912
[2026-07-23 15:05:40] [WARNING] Rate limit approaching for IP 10.0.0.55
[2026-07-23 15:05:43] [WARNING] Deprecated API usage detected in legacy_module.py
[2026-07-23 15:05:46] [INFO] Successfully processed background job #4912
[2026-07-23 15:05:48] [DEBUG] Initializing cache manager
[2026-07-23 15:05:51] [INFO] Cache hit for key user_profile_123
[2026-07-23 15:05:54] [INFO] Successfully processed background job #4912
[2026-07-23 15:05:57] [INFO] Cache hit for key user_profile_123
[2026-07-23 15:06:01] [ERROR] Invalid password provided for account admin
[2026-07-23 15:06:03] [INFO] Connection established to message queue
[2026-07-23 15:06:06] [WARNING] Rate limit approaching for IP 10.0.0.55
[2026-07-23 15:06:10] [ERROR] MySQL Error: Deadlock found when trying to get lock
[2026-07-23 15:06:13] [INFO] Handling user request for /api/v1/data
[2026-07-23 15:06:15] [DEBUG] Fetching row 4021 from database
[2026-07-23 15:06:16] [INFO] User admin logged in from 192.168.1.100
[2026-07-23 15:06:19] [INFO] Handling user request for /api/v1/data
[2026-07-23 15:06:23] [ERROR] MySQL Error: Deadlock found when trying to get lock
[2026-07-23 15:06:26] [INFO] Successfully processed background job #4912
[2026-07-23 15:06:30] [DEBUG] Fetching row 4021 from database
[2026-07-23 15:06:30] [DEBUG] Fetching row 4021 from database
[2026-07-23 15:06:34] [WARNING] High memory usage detected (85%)
[2026-07-23 15:06:38] [INFO] User admin logged in from 192.168.1.100
[2026-07-23 15:06:38] [WARNING] Rate limit approaching for IP 10.0.0.55
[2026-07-23 15:06:38] [INFO] Cache hit for key user_profile_123
[2026-07-23 15:06:42] [INFO] Cache hit for key user_profile_123
[2026-07-23 15:06:45] [INFO] System started successfully
[2026-07-23 15:06:50] [INFO] Connection established to message queue
[2026-07-23 15:06:50] [INFO] Cache hit for key user_profile_123
[2026-07-23 15:06:51] [INFO] System started successfully
[2026-07-23 15:06:54] [INFO] System started successfully
[2026-07-23 15:06:54] [CRITICAL] Service crashed with exit code 137
[2026-07-23 15:06:55] [WARNING] High memory usage detected (85%)
[2026-07-23 15:06:56] [ERROR] NullPointerException in DataProcessor class
[2026-07-23 15:07:00] [INFO] User admin logged in from 192.168.1.100
[2026-07-23 15:07:01] [WARNING] Rate limit approaching for IP 10.0.0.55
[2026-07-23 15:07:04] [INFO] Connection established to message queue
[2026-07-23 15:07:07] [INFO] Successfully processed background job #4912
[2026-07-23 15:07:07] [INFO] Successfully processed background job #4912
[2026-07-23 15:07:08] [DEBUG] Parsing JSON payload
[2026-07-23 15:07:12] [WARNING] High memory usage detected (85%)
[2026-07-23 15:07:17] [INFO] Successfully processed background job #4912
[2026-07-23 15:07:18] [INFO] Cache hit for key user_profile_123
[2026-07-23 15:07:22] [INFO] User admin logged in from 192.168.1.100
[2026-07-23 15:07:24] [INFO] Successfully processed background job #4912
[2026-07-23 15:07:28] [WARNING] High memory usage detected (85%)
[2026-07-23 15:07:31] [DEBUG] Parsing JSON payload
[2026-07-23 15:07:34] [INFO] Handling user request for /api/v1/data
[2026-07-23 15:07:36] [INFO] Handling user request for /api/v1/data
[2026-07-23 15:07:41] [INFO] Connection established to message queue
[2026-07-23 15:07:41] [INFO] Successfully processed background job #4912
[2026-07-23 15:07:46] [INFO] Connection established to message queue
[2026-07-23 15:07:49] [INFO] Successfully processed background job #4912
[2026-07-23 15:07:49] [INFO] Cache hit for key user_profile_123
[2026-07-23 15:07:52] [INFO] Successfully processed background job #4912
[2026-07-23 15:07:52] [ERROR] Invalid password provided for account admin
[2026-07-23 15:07:57] [INFO] Cache hit for key user_profile_123
[2026-07-23 15:07:57] [INFO] Connection established to message queue
[2026-07-23 15:08:00] [WARNING] Rate limit approaching for IP 10.0.0.55
[2026-07-23 15:08:04] [INFO] Successfully processed background job #4912
[2026-07-23 15:08:07] [INFO] Connection established to message queue
[2026-07-23 15:08:09] [DEBUG] Fetching row 4021 from database
[2026-07-23 15:08:12] [INFO] Handling user request for /api/v1/data
[2026-07-23 15:08:14] [DEBUG] Fetching row 4021 from database
[2026-07-23 15:08:19] [INFO] Connection established to message queue
[2026-07-23 15:08:23] [INFO] System started successfully
[2026-07-23 15:08:25] [INFO] Connection established to message queue
[2026-07-23 15:08:29] [WARNING] Rate limit approaching for IP 10.0.0.55
[2026-07-23 15:08:32] [INFO] Handling user request for /api/v1/data
[2026-07-23 15:08:35] [INFO] User admin logged in from 192.168.1.100
[2026-07-23 15:08:36] [INFO] Successfully processed background job #4912
[2026-07-23 15:08:40] [DEBUG] Session token refreshed
[2026-07-23 15:08:42] [DEBUG] Fetching row 4021 from database
[2026-07-23 15:08:42] [INFO] Successfully processed background job #4912
[2026-07-23 15:08:45] [INFO] System started successfully
[2026-07-23 15:08:46] [INFO] User admin logged in from 192.168.1.100
[2026-07-23 15:08:47] [DEBUG] Initializing cache manager
[2026-07-23 15:08:49] [INFO] Handling user request for /api/v1/data
[2026-07-23 15:08:52] [INFO] Handling user request for /api/v1/data
[2026-07-23 15:08:54] [ERROR] NullPointerException in DataProcessor class
[2026-07-23 15:08:54] [DEBUG] Initializing cache manager
[2026-07-23 15:08:57] [INFO] User admin logged in from 192.168.1.100
[2026-07-23 15:08:57] [WARNING] Deprecated API usage detected in legacy_module.py
[2026-07-23 15:08:59] [DEBUG] Parsing JSON payload
[2026-07-23 15:09:00] [INFO] Connection established to message queue
[2026-07-23 15:09:02] [INFO] Successfully processed background job #4912
[2026-07-23 15:09:04] [INFO] Handling user request for /api/v1/data
[2026-07-23 15:09:07] [INFO] Successfully processed background job #4912
[2026-07-23 15:09:10] [INFO] Cache hit for key user_profile_123
[2026-07-23 15:09:12] [ERROR] Invalid password provided for account admin
[2026-07-23 15:09:13] [INFO] User admin logged in from 192.168.1.100
[2026-07-23 15:09:13] [INFO] Connection established to message queue
[2026-07-23 15:09:17] [INFO] User admin logged in from 192.168.1.100
[2026-07-23 15:09:19] [INFO] Cache hit for key user_profile_123
[2026-07-23 15:09:22] [INFO] User admin logged in from 192.168.1.100
[2026-07-23 15:09:22] [DEBUG] Fetching row 4021 from database
[2026-07-23 15:09:26] [INFO] System started successfully
[2026-07-23 15:09:30] [DEBUG] Initializing cache manager
[2026-07-23 15:09:35] [INFO] Handling user request for /api/v1/data
[2026-07-23 15:09:38] [INFO] Successfully processed background job #4912
[2026-07-23 15:09:40] [DEBUG] Session token refreshed
[2026-07-23 15:09:43] [INFO] Successfully processed background job #4912
[2026-07-23 15:09:45] [INFO] Successfully processed background job #4912
[2026-07-23 15:09:47] [DEBUG] Session token refreshed
[2026-07-23 15:09:50] [INFO] Handling user request for /api/v1/data
[2026-07-23 15:09:51] [INFO] Handling user request for /api/v1/data
[2026-07-23 15:09:56] [ERROR] NullPointerException in DataProcessor class
[2026-07-23 15:10:00] [INFO] User admin logged in from 192.168.1.100
[2026-07-23 15:10:03] [INFO] Handling user request for /api/v1/data
[2026-07-23 15:10:07] [INFO] User admin logged in from 192.168.1.100
[2026-07-23 15:10:11] [DEBUG] Fetching row 4021 from database
[2026-07-23 15:10:14] [WARNING] Deprecated API usage detected in legacy_module.py
[2026-07-23 15:10:16] [INFO] Successfully processed background job #4912
[2026-07-23 15:10:17] [INFO] User admin logged in from 192.168.1.100
[2026-07-23 15:10:18] [INFO] Connection established to message queue
[2026-07-23 15:10:20] [WARNING] Rate limit approaching for IP 10.0.0.55
[2026-07-23 15:10:21] [DEBUG] Fetching row 4021 from database
[2026-07-23 15:10:26] [ERROR] NullPointerException in DataProcessor class
[2026-07-23 15:10:29] [INFO] Connection established to message queue
[2026-07-23 15:10:33] [INFO] Handling user request for /api/v1/data
[2026-07-23 15:10:35] [DEBUG] Fetching row 4021 from database
[2026-07-23 15:10:39] [INFO] Cache hit for key user_profile_123
[2026-07-23 15:10:41] [INFO] User admin logged in from 192.168.1.100
[2026-07-23 15:10:44] [DEBUG] Session token refreshed
[2026-07-23 15:10:45] [WARNING] High memory usage detected (85%)
[2026-07-23 15:10:46] [INFO] Successfully processed background job #4912
[2026-07-23 15:10:49] [INFO] Connection established to message queue
[2026-07-23 15:10:51] [DEBUG] Fetching row 4021 from database
[2026-07-23 15:10:54] [INFO] Connection established to message queue
[2026-07-23 15:10:56] [INFO] Successfully processed background job #4912
[2026-07-23 15:10:59] [INFO] Handling user request for /api/v1/data
[2026-07-23 15:10:59] [INFO] User admin logged in from 192.168.1.100
[2026-07-23 15:11:03] [INFO] Cache hit for key user_profile_123
[2026-07-23 15:11:03] [WARNING] Rate limit approaching for IP 10.0.0.55
[2026-07-23 15:11:07] [ERROR] NullPointerException in DataProcessor class
[2026-07-23 15:11:10] [INFO] System started successfully
[2026-07-23 15:11:11] [INFO] Connection established to message queue
[2026-07-23 15:11:14] [INFO] Connection established to message queue
[2026-07-23 15:11:17] [INFO] System started successfully
[2026-07-23 15:11:20] [DEBUG] Parsing JSON payload
[2026-07-23 15:11:23] [INFO] Handling user request for /api/v1/data
[2026-07-23 15:11:26] [WARNING] High memory usage detected (85%)
[2026-07-23 15:11:28] [INFO] Handling user request for /api/v1/data
[2026-07-23 15:11:30] [INFO] Handling user request for /api/v1/data
[2026-07-23 15:11:34] [INFO] Connection established to message queue
[2026-07-23 15:11:37] [INFO] User admin logged in from 192.168.1.100
[2026-07-23 15:11:42] [INFO] Successfully processed background job #4912
[2026-07-23 15:11:44] [INFO] System started successfully
[2026-07-23 15:11:45] [INFO] Cache hit for key user_profile_123
[2026-07-23 15:11:50] [INFO] Cache hit for key user_profile_123
[2026-07-23 15:11:54] [INFO] Handling user request for /api/v1/data
[2026-07-23 15:11:55] [INFO] Successfully processed background job #4912
[2026-07-23 15:11:56] [INFO] Successfully processed background job #4912
[2026-07-23 15:11:58] [INFO] Connection established to message queue
[2026-07-23 15:12:00] [ERROR] NullPointerException in DataProcessor class
[2026-07-23 15:12:00] [ERROR] Authentication failed for user guest
[2026-07-23 15:12:02] [INFO] Successfully processed background job #4912
[2026-07-23 15:12:05] [INFO] Handling user request for /api/v1/data
[2026-07-23 15:12:05] [INFO] Cache hit for key user_profile_123
[2026-07-23 15:12:09] [INFO] Successfully processed background job #4912
[2026-07-23 15:12:11] [INFO] Connection established to message queue
[2026-07-23 15:12:12] [INFO] Cache hit for key user_profile_123
[2026-07-23 15:12:15] [INFO] Successfully processed background job #4912
[2026-07-23 15:12:20] [WARNING] High memory usage detected (85%)
[2026-07-23 15:12:23] [INFO] User admin logged in from 192.168.1.100
[2026-07-23 15:12:25] [INFO] Cache hit for key user_profile_123
[2026-07-23 15:12:26] [INFO] Handling user request for /api/v1/data
[2026-07-23 15:12:30] [INFO] Connection established to message queue
[2026-07-23 15:12:35] [INFO] User admin logged in from 192.168.1.100
[2026-07-23 15:12:35] [INFO] User admin logged in from 192.168.1.100
[2026-07-23 15:12:37] [INFO] User admin logged in from 192.168.1.100
[2026-07-23 15:12:41] [INFO] Successfully processed background job #4912
[2026-07-23 15:12:46] [INFO] Connection established to message queue
[2026-07-23 15:12:51] [INFO] System started successfully
[2026-07-23 15:12:53] [INFO] Cache hit for key user_profile_123
[2026-07-23 15:12:55] [INFO] System started successfully
[2026-07-23 15:13:00] [INFO] Connection established to message queue
[2026-07-23 15:13:03] [INFO] System started successfully
[2026-07-23 15:13:05] [INFO] System started successfully
[2026-07-23 15:13:06] [ERROR] Invalid password provided for account admin
[2026-07-23 15:13:10] [INFO] Cache hit for key user_profile_123
[2026-07-23 15:13:10] [DEBUG] Session token refreshed
[2026-07-23 15:13:11] [INFO] Handling user request for /api/v1/data
[2026-07-23 15:13:12] [INFO] Successfully processed background job #4912
[2026-07-23 15:13:16] [INFO] Handling user request for /api/v1/data
[2026-07-23 15:13:17] [INFO] Cache hit for key user_profile_123
[2026-07-23 15:13:18] [ERROR] Invalid password provided for account admin
[2026-07-23 15:13:22] [INFO] Cache hit for key user_profile_123
[2026-07-23 15:13:24] [INFO] Cache hit for key user_profile_123
[2026-07-23 15:13:24] [INFO] Successfully processed background job #4912
[2026-07-23 15:13:25] [INFO] Handling user request for /api/v1/data
[2026-07-23 15:13:27] [WARNING] Deprecated API usage detected in legacy_module.py
[2026-07-23 15:13:29] [INFO] Handling user request for /api/v1/data
[2026-07-23 15:13:34] [WARNING] Rate limit approaching for IP 10.0.0.55
[2026-07-23 15:13:36] [INFO] Handling user request for /api/v1/data
[2026-07-23 15:13:39] [INFO] Handling user request for /api/v1/data
[2026-07-23 15:13:43] [INFO] Successfully processed background job #4912
[2026-07-23 15:13:44] [DEBUG] Initializing cache manager
[2026-07-23 15:13:46] [INFO] System started successfully
[2026-07-23 15:13:49] [ERROR] MySQL Error: Deadlock found when trying to get lock
[2026-07-23 15:13:52] [INFO] Connection established to message queue
[2026-07-23 15:13:54] [ERROR] MySQL Error: Deadlock found when trying to get lock
[2026-07-23 15:13:55] [DEBUG] Parsing JSON payload
[2026-07-23 15:13:56] [INFO] System started successfully
[2026-07-23 15:14:00] [DEBUG] Fetching row 4021 from database
[2026-07-23 15:14:03] [CRITICAL] Service crashed with exit code 137
[2026-07-23 15:14:06] [INFO] Handling user request for /api/v1/data
[2026-07-23 15:14:09] [INFO] System started successfully
[2026-07-23 15:14:13] [INFO] Cache hit for key user_profile_123
[2026-07-23 15:14:17] [INFO] Cache hit for key user_profile_123
[2026-07-23 15:14:21] [INFO] User admin logged in from 192.168.1.100
[2026-07-23 15:14:23] [INFO] Cache hit for key user_profile_123
[2026-07-23 15:14:26] [DEBUG] Initializing cache manager
[2026-07-23 15:14:26] [INFO] Cache hit for key user_profile_123
[2026-07-23 15:14:30] [INFO] Connection established to message queue
[2026-07-23 15:14:30] [INFO] Successfully processed background job #4912
[2026-07-23 15:14:32] [INFO] Cache hit for key user_profile_123
[2026-07-23 15:14:33] [DEBUG] Parsing JSON payload
[2026-07-23 15:14:33] [INFO] Connection established to message queue
[2026-07-23 15:14:34] [INFO] Handling user request for /api/v1/data
[2026-07-23 15:14:36] [INFO] System started successfully
[2026-07-23 15:14:37] [INFO] Handling user request for /api/v1/data
[2026-07-23 15:14:40] [ERROR] NullPointerException in DataProcessor class
[2026-07-23 15:14:43] [INFO] Cache hit for key user_profile_123
[2026-07-23 15:14:46] [WARNING] High memory usage detected (85%)
[2026-07-23 15:14:47] [DEBUG] Session token refreshed
[2026-07-23 15:14:47] [INFO] Successfully processed background job #4912
[2026-07-23 15:14:47] [INFO] Connection established to message queue
[2026-07-23 15:14:52] [WARNING] Rate limit approaching for IP 10.0.0.55
[2026-07-23 15:14:53] [INFO] Successfully processed background job #4912
[2026-07-23 15:14:53] [INFO] Connection established to message queue
[2026-07-23 15:14:57] [INFO] Handling user request for /api/v1/data
[2026-07-23 15:14:58] [INFO] Handling user request for /api/v1/data
[2026-07-23 15:15:01] [INFO] Connection established to message queue
[2026-07-23 15:15:04] [INFO] Cache hit for key user_profile_123
[2026-07-23 15:15:08] [DEBUG] Initializing cache manager
[2026-07-23 15:15:10] [INFO] Successfully processed background job #4912
[2026-07-23 15:15:13] [INFO] Cache hit for key user_profile_123
[2026-07-23 15:15:15] [WARNING] Deprecated API usage detected in legacy_module.py
[2026-07-23 15:15:17] [INFO] System started successfully
[2026-07-23 15:15:20] [DEBUG] Session token refreshed
[2026-07-23 15:15:21] [INFO] Handling user request for /api/v1/data
[2026-07-23 15:15:22] [DEBUG] Fetching row 4021 from database
[2026-07-23 15:15:25] [INFO] Connection established to message queue
[2026-07-23 15:15:27] [INFO] Connection established to message queue
[2026-07-23 15:15:28] [INFO] Cache hit for key user_profile_123
[2026-07-23 15:15:32] [INFO] Cache hit for key user_profile_123
[2026-07-23 15:15:32] [INFO] System started successfully
[2026-07-23 15:15:35] [INFO] Handling user request for /api/v1/data
[2026-07-23 15:15:37] [INFO] Handling user request for /api/v1/data
[2026-07-23 15:15:42] [DEBUG] Fetching row 4021 from database
[2026-07-23 15:15:47] [INFO] Handling user request for /api/v1/data
[2026-07-23 15:15:49] [DEBUG] Fetching row 4021 from database
[2026-07-23 15:15:52] [INFO] User admin logged in from 192.168.1.100
[2026-07-23 15:15:55] [DEBUG] Initializing cache manager
[2026-07-23 15:15:58] [WARNING] Deprecated API usage detected in legacy_module.py
[2026-07-23 15:16:00] [INFO] Handling user request for /api/v1/data
[2026-07-23 15:16:04] [INFO] Successfully processed background job #4912
[2026-07-23 15:16:07] [INFO] Cache hit for key user_profile_123
[2026-07-23 15:16:10] [INFO] User admin logged in from 192.168.1.100
[2026-07-23 15:16:11] [DEBUG] Parsing JSON payload
[2026-07-23 15:16:15] [INFO] System started successfully
[2026-07-23 15:16:19] [INFO] Handling user request for /api/v1/data
[2026-07-23 15:16:20] [INFO] User admin logged in from 192.168.1.100
[2026-07-23 15:16:22] [INFO] System started successfully
[2026-07-23 15:16:26] [INFO] User admin logged in from 192.168.1.100
[2026-07-23 15:16:28] [INFO] Handling user request for /api/v1/data
[2026-07-23 15:16:31] [INFO] User admin logged in from 192.168.1.100
[2026-07-23 15:16:35] [INFO] Cache hit for key user_profile_123
[2026-07-23 15:16:37] [INFO] System started successfully
[2026-07-23 15:16:40] [INFO] User admin logged in from 192.168.1.100
[2026-07-23 15:16:40] [INFO] Connection established to message queue
[2026-07-23 15:16:42] [INFO] Connection established to message queue
[2026-07-23 15:16:44] [INFO] Connection established to message queue
[2026-07-23 15:16:44] [INFO] User admin logged in from 192.168.1.100
[2026-07-23 15:16:48] [INFO] User admin logged in from 192.168.1.100
[2026-07-23 15:16:48] [INFO] Handling user request for /api/v1/data
[2026-07-23 15:16:52] [INFO] Successfully processed background job #4912
[2026-07-23 15:16:56] [INFO] Successfully processed background job #4912
[2026-07-23 15:16:57] [ERROR] MySQL Error: Deadlock found when trying to get lock
[2026-07-23 15:16:59] [DEBUG] Initializing cache manager
[2026-07-23 15:17:04] [INFO] System started successfully
[2026-07-23 15:17:08] [INFO] Connection established to message queue
[2026-07-23 15:17:08] [INFO] Cache hit for key user_profile_123
[2026-07-23 15:17:12] [INFO] Handling user request for /api/v1/data
[2026-07-23 15:17:15] [INFO] Cache hit for key user_profile_123
[2026-07-23 15:17:20] [INFO] User admin logged in from 192.168.1.100
[2026-07-23 15:17:21] [ERROR] Database connection failed: Connection refused
[2026-07-23 15:17:23] [INFO] Successfully processed background job #4912
[2026-07-23 15:17:26] [INFO] Handling user request for /api/v1/data
[2026-07-23 15:17:30] [ERROR] Database connection failed: Connection refused
[2026-07-23 15:17:30] [ERROR] NullPointerException in DataProcessor class
[2026-07-23 15:17:34] [DEBUG] Fetching row 4021 from database
[2026-07-23 15:17:36] [INFO] System started successfully
[2026-07-23 15:17:41] [DEBUG] Fetching row 4021 from database
[2026-07-23 15:17:43] [DEBUG] Session token refreshed
[2026-07-23 15:17:46] [WARNING] High memory usage detected (85%)
[2026-07-23 15:17:50] [INFO] Connection established to message queue
[2026-07-23 15:17:52] [INFO] Successfully processed background job #4912
[2026-07-23 15:17:52] [ERROR] MySQL Error: Deadlock found when trying to get lock
[2026-07-23 15:17:57] [INFO] System started successfully
[2026-07-23 15:17:58] [DEBUG] Fetching row 4021 from database
[2026-07-23 15:18:01] [INFO] System started successfully
[2026-07-23 15:18:05] [ERROR] MySQL Error: Deadlock found when trying to get lock
[2026-07-23 15:18:06] [INFO] User admin logged in from 192.168.1.100
[2026-07-23 15:18:08] [INFO] Connection established to message queue
[2026-07-23 15:18:11] [WARNING] High memory usage detected (85%)
[2026-07-23 15:18:15] [INFO] User admin logged in from 192.168.1.100
[2026-07-23 15:18:17] [INFO] User admin logged in from 192.168.1.100
[2026-07-23 15:18:21] [DEBUG] Session token refreshed
[2026-07-23 15:18:24] [WARNING] High memory usage detected (85%)
[2026-07-23 15:18:24] [INFO] Cache hit for key user_profile_123
[2026-07-23 15:18:28] [INFO] Connection established to message queue
[2026-07-23 15:18:28] [INFO] Handling user request for /api/v1/data
[2026-07-23 15:18:33] [DEBUG] Fetching row 4021 from database
[2026-07-23 15:18:35] [WARNING] Deprecated API usage detected in legacy_module.py
[2026-07-23 15:18:37] [WARNING] Deprecated API usage detected in legacy_module.py
[2026-07-23 15:18:40] [INFO] User admin logged in from 192.168.1.100
[2026-07-23 15:18:45] [WARNING] Deprecated API usage detected in legacy_module.py
[2026-07-23 15:18:48] [INFO] System started successfully
[2026-07-23 15:18:48] [INFO] Handling user request for /api/v1/data
[2026-07-23 15:18:49] [INFO] System started successfully
[2026-07-23 15:18:51] [INFO] User admin logged in from 192.168.1.100
[2026-07-23 15:18:53] [INFO] User admin logged in from 192.168.1.100
[2026-07-23 15:18:55] [DEBUG] Fetching row 4021 from database
[2026-07-23 15:18:59] [INFO] Cache hit for key user_profile_123
[2026-07-23 15:19:04] [DEBUG] Initializing cache manager
[2026-07-23 15:19:05] [ERROR] MySQL Error: Deadlock found when trying to get lock
[2026-07-23 15:19:10] [INFO] Handling user request for /api/v1/data
[2026-07-23 15:19:14] [DEBUG] Fetching row 4021 from database
[2026-07-23 15:19:19] [WARNING] High memory usage detected (85%)
[2026-07-23 15:19:24] [INFO] User admin logged in from 192.168.1.100
[2026-07-23 15:19:27] [WARNING] High memory usage detected (85%)
[2026-07-23 15:19:29] [INFO] User admin logged in from 192.168.1.100
[2026-07-23 15:19:31] [INFO] System started successfully
[2026-07-23 15:19:34] [WARNING] Deprecated API usage detected in legacy_module.py
[2026-07-23 15:19:34] [INFO] System started successfully
[2026-07-23 15:19:37] [DEBUG] Initializing cache manager
[2026-07-23 15:19:40] [INFO] Successfully processed background job #4912
[2026-07-23 15:19:41] [INFO] User admin logged in from 192.168.1.100
[2026-07-23 15:19:42] [INFO] User admin logged in from 192.168.1.100
[2026-07-23 15:19:44] [INFO] System started successfully
[2026-07-23 15:19:45] [INFO] System started successfully
[2026-07-23 15:19:45] [ERROR] Authentication failed for user guest
[2026-07-23 15:19:49] [INFO] Handling user request for /api/v1/data
[2026-07-23 15:19:53] [DEBUG] Fetching row 4021 from database
[2026-07-23 15:19:56] [INFO] Connection established to message queue
[2026-07-23 15:20:00] [WARNING] Rate limit approaching for IP 10.0.0.55
[2026-07-23 15:20:01] [INFO] Connection established to message queue
[2026-07-23 15:20:06] [INFO] Successfully processed background job #4912
[2026-07-23 15:20:06] [WARNING] Deprecated API usage detected in legacy_module.py
[2026-07-23 15:20:10] [INFO] Handling user request for /api/v1/data
[2026-07-23 15:20:14] [INFO] Cache hit for key user_profile_123
[2026-07-23 15:20:14] [INFO] Handling user request for /api/v1/data
[2026-07-23 15:20:18] [WARNING] Rate limit approaching for IP 10.0.0.55
[2026-07-23 15:20:20] [INFO] Handling user request for /api/v1/data
[2026-07-23 15:20:22] [INFO] Successfully processed background job #4912
[2026-07-23 15:20:23] [INFO] Cache hit for key user_profile_123
[2026-07-23 15:20:24] [INFO] System started successfully
[2026-07-23 15:20:25] [ERROR] Authentication failed for user guest
[2026-07-23 15:20:30] [DEBUG] Initializing cache manager
[2026-07-23 15:20:31] [INFO] Successfully processed background job #4912
[2026-07-23 15:20:34] [INFO] Connection established to message queue
[2026-07-23 15:20:35] [DEBUG] Initializing cache manager
[2026-07-23 15:20:39] [INFO] Connection established to message queue
[2026-07-23 15:20:40] [INFO] User admin logged in from 192.168.1.100
[2026-07-23 15:20:40] [INFO] Handling user request for /api/v1/data
[2026-07-23 15:20:44] [INFO] User admin logged in from 192.168.1.100
[2026-07-23 15:20:46] [DEBUG] Initializing cache manager
[2026-07-23 15:20:46] [INFO] Connection established to message queue
[2026-07-23 15:20:47] [DEBUG] Fetching row 4021 from database
[2026-07-23 15:20:49] [WARNING] High memory usage detected (85%)
[2026-07-23 15:20:53] [DEBUG] Session token refreshed
[2026-07-23 15:20:58] [INFO] Successfully processed background job #4912
[2026-07-23 15:21:02] [INFO] System started successfully
[2026-07-23 15:21:07] [INFO] System started successfully
[2026-07-23 15:21:07] [DEBUG] Initializing cache manager
[2026-07-23 15:21:11] [INFO] Connection established to message queue
[2026-07-23 15:21:15] [DEBUG] Initializing cache manager
[2026-07-23 15:21:19] [INFO] Connection established to message queue
[2026-07-23 15:21:20] [DEBUG] Fetching row 4021 from database
[2026-07-23 15:21:22] [INFO] System started successfully
[2026-07-23 15:21:25] [INFO] Handling user request for /api/v1/data
[2026-07-23 15:21:29] [CRITICAL] Service crashed with exit code 137
[2026-07-23 15:21:34] [DEBUG] Parsing JSON payload
[2026-07-23 15:21:37] [INFO] User admin logged in from 192.168.1.100
[2026-07-23 15:21:40] [INFO] System started successfully
[2026-07-23 15:21:42] [INFO] Connection established to message queue
[2026-07-23 15:21:45] [ERROR] Database connection failed: Connection refused
[2026-07-23 15:21:47] [INFO] System started successfully
[2026-07-23 15:21:49] [INFO] Connection established to message queue
[2026-07-23 15:21:51] [INFO] User admin logged in from 192.168.1.100
[2026-07-23 15:21:55] [WARNING] Deprecated API usage detected in legacy_module.py
[2026-07-23 15:21:59] [INFO] Cache hit for key user_profile_123
[2026-07-23 15:22:00] [INFO] Connection established to message queue
[2026-07-23 15:22:03] [DEBUG] Fetching row 4021 from database
[2026-07-23 15:22:07] [INFO] System started successfully
[2026-07-23 15:22:09] [INFO] Cache hit for key user_profile_123
[2026-07-23 15:22:13] [INFO] User admin logged in from 192.168.1.100
[2026-07-23 15:22:13] [INFO] Cache hit for key user_profile_123
[2026-07-23 15:22:14] [INFO] User admin logged in from 192.168.1.100
[2026-07-23 15:22:15] [CRITICAL] Service crashed with exit code 137
[2026-07-23 15:22:16] [WARNING] Deprecated API usage detected in legacy_module.py
[2026-07-23 15:22:20] [INFO] Handling user request for /api/v1/data
[2026-07-23 15:22:23] [INFO] Successfully processed background job #4912
[2026-07-23 15:22:25] [INFO] Connection established to message queue
[2026-07-23 15:22:26] [INFO] Handling user request for /api/v1/data
[2026-07-23 15:22:26] [INFO] Connection established to message queue
[2026-07-23 15:22:26] [DEBUG] Session token refreshed
[2026-07-23 15:22:30] [INFO] Successfully processed background job #4912
[2026-07-23 15:22:33] [INFO] Cache hit for key user_profile_123
[2026-07-23 15:22:37] [INFO] Cache hit for key user_profile_123
[2026-07-23 15:22:38] [INFO] Handling user request for /api/v1/data
[2026-07-23 15:22:40] [INFO] Connection established to message queue
[2026-07-23 15:22:42] [ERROR] NullPointerException in DataProcessor class
[2026-07-23 15:22:44] [INFO] Handling user request for /api/v1/data
[2026-07-23 15:22:45] [INFO] User admin logged in from 192.168.1.100
[2026-07-23 15:22:50] [INFO] System started successfully
[2026-07-23 15:22:53] [WARNING] Rate limit approaching for IP 10.0.0.55
[2026-07-23 15:22:58] [DEBUG] Parsing JSON payload
[2026-07-23 15:23:00] [DEBUG] Parsing JSON payload
[2026-07-23 15:23:04] [INFO] Successfully processed background job #4912
[2026-07-23 15:23:09] [INFO] System started successfully
[2026-07-23 15:23:12] [INFO] Connection established to message queue
[2026-07-23 15:23:12] [INFO] System started successfully
[2026-07-23 15:23:14] [INFO] Successfully processed background job #4912
[2026-07-23 15:23:19] [DEBUG] Fetching row 4021 from database
[2026-07-23 15:23:23] [DEBUG] Parsing JSON payload
[2026-07-23 15:23:26] [INFO] Cache hit for key user_profile_123
[2026-07-23 15:23:30] [INFO] Successfully processed background job #4912
[2026-07-23 15:23:34] [INFO] Handling user request for /api/v1/data
[2026-07-23 15:23:36] [WARNING] Rate limit approaching for IP 10.0.0.55
[2026-07-23 15:23:36] [INFO] Successfully processed background job #4912
[2026-07-23 15:23:39] [INFO] Connection established to message queue
[2026-07-23 15:23:41] [INFO] Connection established to message queue
[2026-07-23 15:23:45] [INFO] Successfully processed background job #4912
[2026-07-23 15:23:49] [WARNING] Rate limit approaching for IP 10.0.0.55
[2026-07-23 15:23:52] [INFO] Connection established to message queue
[2026-07-23 15:23:53] [INFO] Connection established to message queue
[2026-07-23 15:23:54] [ERROR] MySQL Error: Deadlock found when trying to get lock
[2026-07-23 15:23:57] [DEBUG] Session token refreshed
[2026-07-23 15:24:00] [INFO] Cache hit for key user_profile_123
[2026-07-23 15:24:03] [INFO] Handling user request for /api/v1/data
[2026-07-23 15:24:05] [INFO] User admin logged in from 192.168.1.100
[2026-07-23 15:24:09] [INFO] Successfully processed background job #4912
[2026-07-23 15:24:13] [INFO] User admin logged in from 192.168.1.100
[2026-07-23 15:24:15] [DEBUG] Initializing cache manager
[2026-07-23 15:24:19] [INFO] Handling user request for /api/v1/data
[2026-07-23 15:24:22] [ERROR] MySQL Error: Deadlock found when trying to get lock
[2026-07-23 15:24:27] [DEBUG] Initializing cache manager
[2026-07-23 15:24:29] [WARNING] High memory usage detected (85%)
[2026-07-23 15:24:31] [INFO] System started successfully
[2026-07-23 15:24:34] [DEBUG] Initializing cache manager
[2026-07-23 15:24:35] [INFO] Handling user request for /api/v1/data
[2026-07-23 15:24:35] [INFO] User admin logged in from 192.168.1.100
[2026-07-23 15:24:36] [INFO] Connection established to message queue
[2026-07-23 15:24:40] [WARNING] Deprecated API usage detected in legacy_module.py
[2026-07-23 15:24:42] [DEBUG] Session token refreshed
[2026-07-23 15:24:46] [INFO] Connection established to message queue
[2026-07-23 15:24:49] [INFO] Connection established to message queue
[2026-07-23 15:24:53] [INFO] User admin logged in from 192.168.1.100
[2026-07-23 15:24:55] [WARNING] Rate limit approaching for IP 10.0.0.55
[2026-07-23 15:24:59] [INFO] Successfully processed background job #4912
[2026-07-23 15:25:02] [INFO] Cache hit for key user_profile_123
[2026-07-23 15:25:05] [ERROR] Invalid password provided for account admin
[2026-07-23 15:25:05] [INFO] Connection established to message queue
[2026-07-23 15:25:06] [DEBUG] Session token refreshed
[2026-07-23 15:25:08] [INFO] User admin logged in from 192.168.1.100
[2026-07-23 15:25:11] [INFO] User admin logged in from 192.168.1.100
[2026-07-23 15:25:15] [DEBUG] Parsing JSON payload
[2026-07-23 15:25:17] [DEBUG] Fetching row 4021 from database
[2026-07-23 15:25:17] [INFO] System started successfully
[2026-07-23 15:25:21] [INFO] User admin logged in from 192.168.1.100
[2026-07-23 15:25:22] [INFO] Connection established to message queue
[2026-07-23 15:25:23] [INFO] User admin logged in from 192.168.1.100
[2026-07-23 15:25:27] [INFO] Successfully processed background job #4912
[2026-07-23 15:25:30] [INFO] Successfully processed background job #4912
[2026-07-23 15:25:35] [ERROR] MySQL Error: Deadlock found when trying to get lock
[2026-07-23 15:25:36] [INFO] Connection established to message queue
[2026-07-23 15:25:40] [INFO] Cache hit for key user_profile_123
[2026-07-23 15:25:41] [DEBUG] Fetching row 4021 from database
[2026-07-23 15:25:45] [INFO] User admin logged in from 192.168.1.100
[2026-07-23 15:25:49] [INFO] Successfully processed background job #4912
[2026-07-23 15:25:51] [INFO] Cache hit for key user_profile_123
[2026-07-23 15:25:55] [WARNING] High memory usage detected (85%)
[2026-07-23 15:25:55] [INFO] Handling user request for /api/v1/data
[2026-07-23 15:26:00] [ERROR] Database connection failed: Connection refused
[2026-07-23 15:26:03] [DEBUG] Parsing JSON payload
[2026-07-23 15:26:07] [INFO] Cache hit for key user_profile_123
[2026-07-23 15:26:10] [DEBUG] Fetching row 4021 from database
[2026-07-23 15:26:13] [INFO] User admin logged in from 192.168.1.100
[2026-07-23 15:26:18] [INFO] Cache hit for key user_profile_123
[2026-07-23 15:26:22] [INFO] System started successfully
[2026-07-23 15:26:24] [INFO] System started successfully
[2026-07-23 15:26:29] [DEBUG] Session token refreshed
[2026-07-23 15:26:31] [INFO] User admin logged in from 192.168.1.100
[2026-07-23 15:26:34] [INFO] User admin logged in from 192.168.1.100
[2026-07-23 15:26:35] [DEBUG] Fetching row 4021 from database
[2026-07-23 15:26:39] [INFO] Successfully processed background job #4912
[2026-07-23 15:26:40] [INFO] Handling user request for /api/v1/data
[2026-07-23 15:26:42] [INFO] User admin logged in from 192.168.1.100
[2026-07-23 15:26:46] [INFO] User admin logged in from 192.168.1.100
[2026-07-23 15:26:46] [DEBUG] Session token refreshed
[2026-07-23 15:26:47] [INFO] User admin logged in from 192.168.1.100
[2026-07-23 15:26:50] [ERROR] Database connection failed: Connection refused
[2026-07-23 15:26:52] [INFO] User admin logged in from 192.168.1.100
[2026-07-23 15:26:57] [DEBUG] Session token refreshed
[2026-07-23 15:27:01] [DEBUG] Session token refreshed
[2026-07-23 15:27:05] [DEBUG] Session token refreshed
[2026-07-23 15:27:09] [INFO] Connection established to message queue
[2026-07-23 15:27:11] [INFO] Handling user request for /api/v1/data
[2026-07-23 15:27:11] [DEBUG] Fetching row 4021 from database
[2026-07-23 15:27:13] [INFO] Successfully processed background job #4912
[2026-07-23 15:27:15] [ERROR] NullPointerException in DataProcessor class
[2026-07-23 15:27:20] [DEBUG] Session token refreshed
[2026-07-23 15:27:23] [INFO] Successfully processed background job #4912
[2026-07-23 15:27:27] [INFO] System started successfully
[2026-07-23 15:27:29] [INFO] User admin logged in from 192.168.1.100
[2026-07-23 15:27:29] [ERROR] Database connection failed: Connection refused
[2026-07-23 15:27:30] [INFO] System started successfully
[2026-07-23 15:27:31] [INFO] Connection established to message queue
[2026-07-23 15:27:32] [DEBUG] Parsing JSON payload
[2026-07-23 15:27:32] [DEBUG] Parsing JSON payload
[2026-07-23 15:27:35] [INFO] Successfully processed background job #4912
[2026-07-23 15:27:39] [INFO] System started successfully
[2026-07-23 15:27:43] [INFO] Connection established to message queue
[2026-07-23 15:27:47] [INFO] System started successfully
[2026-07-23 15:27:51] [INFO] Successfully processed background job #4912
[2026-07-23 15:27:55] [DEBUG] Initializing cache manager
[2026-07-23 15:28:00] [CRITICAL] Service crashed with exit code 137
[2026-07-23 15:28:02] [INFO] Successfully processed background job #4912
[2026-07-23 15:28:06] [INFO] Handling user request for /api/v1/data
[2026-07-23 15:28:10] [ERROR] Invalid password provided for account admin
[2026-07-23 15:28:14] [INFO] User admin logged in from 192.168.1.100
[2026-07-23 15:28:15] [INFO] User admin logged in from 192.168.1.100
[2026-07-23 15:28:18] [INFO] Cache hit for key user_profile_123
[2026-07-23 15:28:20] [INFO] Cache hit for key user_profile_123
[2026-07-23 15:28:24] [DEBUG] Fetching row 4021 from database
[2026-07-23 15:28:28] [DEBUG] Parsing JSON payload
[2026-07-23 15:28:30] [INFO] Handling user request for /api/v1/data
[2026-07-23 15:28:33] [ERROR] Database connection failed: Connection refused
[2026-07-23 15:28:38] [INFO] Connection established to message queue
[2026-07-23 15:28:42] [INFO] Successfully processed background job #4912
[2026-07-23 15:28:43] [CRITICAL] Disk space exhausted on /var/log
[2026-07-23 15:28:47] [INFO] Cache hit for key user_profile_123
[2026-07-23 15:28:48] [INFO] User admin logged in from 192.168.1.100
[2026-07-23 15:28:51] [INFO] Successfully processed background job #4912
[2026-07-23 15:28:56] [ERROR] Invalid password provided for account admin
[2026-07-23 15:28:59] [DEBUG] Session token refreshed
[2026-07-23 15:29:02] [INFO] Cache hit for key user_profile_123
[2026-07-23 15:29:03] [INFO] Connection established to message queue
[2026-07-23 15:29:05] [INFO] Successfully processed background job #4912
[2026-07-23 15:29:05] [INFO] Handling user request for /api/v1/data
[2026-07-23 15:29:07] [INFO] System started successfully
[2026-07-23 15:29:09] [CRITICAL] Service crashed with exit code 137
[2026-07-23 15:29:12] [DEBUG] Parsing JSON payload
[2026-07-23 15:29:14] [INFO] Connection established to message queue
[2026-07-23 15:29:17] [WARNING] Deprecated API usage detected in legacy_module.py
[2026-07-23 15:29:21] [INFO] System started successfully
[2026-07-23 15:29:22] [INFO] System started successfully
[2026-07-23 15:29:25] [INFO] Handling user request for /api/v1/data
[2026-07-23 15:29:28] [INFO] Successfully processed background job #4912
[2026-07-23 15:29:31] [WARNING] High memory usage detected (85%)
[2026-07-23 15:29:31] [INFO] Handling user request for /api/v1/data
[2026-07-23 15:29:33] [DEBUG] Initializing cache manager
[2026-07-23 15:29:37] [WARNING] High memory usage detected (85%)
[2026-07-23 15:29:39] [INFO] System started successfully
[2026-07-23 15:29:41] [INFO] Cache hit for key user_profile_123
[2026-07-23 15:29:46] [INFO] Handling user request for /api/v1/data
[2026-07-23 15:29:49] [INFO] System started successfully
[2026-07-23 15:29:50] [INFO] User admin logged in from 192.168.1.100
[2026-07-23 15:29:52] [INFO] Connection established to message queue
[2026-07-23 15:29:55] [WARNING] Deprecated API usage detected in legacy_module.py
[2026-07-23 15:29:56] [INFO] Cache hit for key user_profile_123
[2026-07-23 15:29:56] [INFO] Successfully processed background job #4912
[2026-07-23 15:29:57] [DEBUG] Fetching row 4021 from database
[2026-07-23 15:29:59] [DEBUG] Session token refreshed
[2026-07-23 15:30:00] [INFO] Successfully processed background job #4912
[2026-07-23 15:30:01] [INFO] Connection established to message queue
[2026-07-23 15:30:02] [INFO] Handling user request for /api/v1/data
[2026-07-23 15:30:02] [INFO] Connection established to message queue
[2026-07-23 15:30:05] [INFO] System started successfully
[2026-07-23 15:30:08] [WARNING] High memory usage detected (85%)
[2026-07-23 15:30:10] [DEBUG] Parsing JSON payload
[2026-07-23 15:30:10] [INFO] System started successfully
[2026-07-23 15:30:12] [INFO] Handling user request for /api/v1/data
[2026-07-23 15:30:16] [WARNING] High memory usage detected (85%)
[2026-07-23 15:30:18] [INFO] User admin logged in from 192.168.1.100
[2026-07-23 15:30:19] [ERROR] NullPointerException in DataProcessor class
[2026-07-23 15:30:19] [INFO] Connection established to message queue
[2026-07-23 15:30:23] [ERROR] MySQL Error: Deadlock found when trying to get lock
[2026-07-23 15:30:25] [INFO] Cache hit for key user_profile_123
[2026-07-23 15:30:29] [INFO] Successfully processed background job #4912
[2026-07-23 15:30:32] [INFO] Connection established to message queue
[2026-07-23 15:30:37] [INFO] System started successfully
[2026-07-23 15:30:40] [DEBUG] Initializing cache manager
[2026-07-23 15:30:45] [INFO] System started successfully
[2026-07-23 15:30:50] [WARNING] Rate limit approaching for IP 10.0.0.55
[2026-07-23 15:30:51] [INFO] Connection established to message queue
[2026-07-23 15:30:51] [INFO] User admin logged in from 192.168.1.100
[2026-07-23 15:30:53] [ERROR] MySQL Error: Deadlock found when trying to get lock
[2026-07-23 15:30:54] [INFO] Successfully processed background job #4912
[2026-07-23 15:30:57] [INFO] Successfully processed background job #4912
[2026-07-23 15:30:59] [INFO] User admin logged in from 192.168.1.100
[2026-07-23 15:31:00] [DEBUG] Parsing JSON payload
[2026-07-23 15:31:05] [ERROR] Authentication failed for user guest
[2026-07-23 15:31:06] [INFO] Connection established to message queue
[2026-07-23 15:31:10] [INFO] Connection established to message queue
[2026-07-23 15:31:14] [INFO] Cache hit for key user_profile_123
[2026-07-23 15:31:18] [INFO] Successfully processed background job #4912
[2026-07-23 15:31:23] [DEBUG] Session token refreshed
[2026-07-23 15:31:25] [INFO] User admin logged in from 192.168.1.100
[2026-07-23 15:31:29] [INFO] Connection established to message queue
[2026-07-23 15:31:32] [DEBUG] Fetching row 4021 from database
[2026-07-23 15:31:32] [INFO] Connection established to message queue
[2026-07-23 15:31:33] [INFO] Cache hit for key user_profile_123
[2026-07-23 15:31:35] [INFO] Cache hit for key user_profile_123
[2026-07-23 15:31:39] [INFO] Successfully processed background job #4912
[2026-07-23 15:31:44] [INFO] System started successfully
[2026-07-23 15:31:46] [WARNING] High memory usage detected (85%)
[2026-07-23 15:31:50] [DEBUG] Session token refreshed
[2026-07-23 15:31:52] [INFO] Successfully processed background job #4912
[2026-07-23 15:31:54] [INFO] Connection established to message queue
[2026-07-23 15:31:57] [INFO] Cache hit for key user_profile_123
[2026-07-23 15:32:00] [DEBUG] Initializing cache manager
[2026-07-23 15:32:00] [INFO] Successfully processed background job #4912
[2026-07-23 15:32:04] [INFO] Handling user request for /api/v1/data
[2026-07-23 15:32:04] [INFO] User admin logged in from 192.168.1.100
[2026-07-23 15:32:08] [WARNING] High memory usage detected (85%)
[2026-07-23 15:32:08] [INFO] Handling user request for /api/v1/data
[2026-07-23 15:32:10] [INFO] Successfully processed background job #4912
[2026-07-23 15:32:13] [INFO] User admin logged in from 192.168.1.100
[2026-07-23 15:32:16] [ERROR] Authentication failed for user guest
[2026-07-23 15:32:17] [INFO] User admin logged in from 192.168.1.100
[2026-07-23 15:32:22] [INFO] Connection established to message queue
[2026-07-23 15:32:26] [WARNING] Rate limit approaching for IP 10.0.0.55
[2026-07-23 15:32:26] [WARNING] Rate limit approaching for IP 10.0.0.55
[2026-07-23 15:32:30] [DEBUG] Initializing cache manager
[2026-07-23 15:32:35] [INFO] Cache hit for key user_profile_123
[2026-07-23 15:32:38] [DEBUG] Session token refreshed
[2026-07-23 15:32:40] [INFO] Cache hit for key user_profile_123
[2026-07-23 15:32:41] [WARNING] Deprecated API usage detected in legacy_module.py
[2026-07-23 15:32:43] [INFO] System started successfully
[2026-07-23 15:32:45] [INFO] Successfully processed background job #4912
[2026-07-23 15:32:48] [DEBUG] Initializing cache manager
[2026-07-23 15:32:49] [ERROR] Invalid password provided for account admin
[2026-07-23 15:32:54] [DEBUG] Parsing JSON payload
[2026-07-23 15:32:55] [DEBUG] Fetching row 4021 from database
[2026-07-23 15:32:58] [INFO] Handling user request for /api/v1/data
[2026-07-23 15:32:58] [INFO] Successfully processed background job #4912
[2026-07-23 15:32:59] [INFO] User admin logged in from 192.168.1.100
[2026-07-23 15:33:02] [INFO] Connection established to message queue
[2026-07-23 15:33:03] [INFO] System started successfully
[2026-07-23 15:33:06] [INFO] Handling user request for /api/v1/data
[2026-07-23 15:33:07] [WARNING] Deprecated API usage detected in legacy_module.py
[2026-07-23 15:33:10] [DEBUG] Parsing JSON payload
[2026-07-23 15:33:14] [INFO] User admin logged in from 192.168.1.100
[2026-07-23 15:33:17] [CRITICAL] Timeout while waiting for external service after 30000ms
[2026-07-23 15:33:19] [ERROR] Invalid password provided for account admin
[2026-07-23 15:33:20] [INFO] System started successfully
[2026-07-23 15:33:22] [INFO] Cache hit for key user_profile_123
[2026-07-23 15:33:27] [INFO] User admin logged in from 192.168.1.100
[2026-07-23 15:33:32] [INFO] User admin logged in from 192.168.1.100
[2026-07-23 15:33:34] [ERROR] Authentication failed for user guest
[2026-07-23 15:33:37] [INFO] Connection established to message queue
[2026-07-23 15:33:38] [INFO] Cache hit for key user_profile_123
[2026-07-23 15:33:40] [INFO] Handling user request for /api/v1/data
[2026-07-23 15:33:44] [INFO] Cache hit for key user_profile_123
[2026-07-23 15:33:48] [WARNING] Rate limit approaching for IP 10.0.0.55
[2026-07-23 15:33:49] [WARNING] High memory usage detected (85%)
[2026-07-23 15:33:50] [INFO] User admin logged in from 192.168.1.100
[2026-07-23 15:33:53] [INFO] Cache hit for key user_profile_123
[2026-07-23 15:33:57] [INFO] System started successfully
[2026-07-23 15:34:00] [INFO] User admin logged in from 192.168.1.100
[2026-07-23 15:34:05] [WARNING] High memory usage detected (85%)
[2026-07-23 15:34:05] [INFO] User admin logged in from 192.168.1.100
[2026-07-23 15:34:10] [DEBUG] Fetching row 4021 from database
[2026-07-23 15:34:13] [WARNING] High memory usage detected (85%)
[2026-07-23 15:34:15] [INFO] Handling user request for /api/v1/data
[2026-07-23 15:34:18] [INFO] User admin logged in from 192.168.1.100
[2026-07-23 15:34:19] [INFO] User admin logged in from 192.168.1.100
[2026-07-23 15:34:24] [INFO] Successfully processed background job #4912
[2026-07-23 15:34:29] [INFO] Connection established to message queue
[2026-07-23 15:34:30] [INFO] Successfully processed background job #4912
[2026-07-23 15:34:30] [INFO] System started successfully
[2026-07-23 15:34:33] [DEBUG] Session token refreshed
[2026-07-23 15:34:37] [INFO] Successfully processed background job #4912
[2026-07-23 15:34:37] [WARNING] Deprecated API usage detected in legacy_module.py
[2026-07-23 15:34:40] [DEBUG] Initializing cache manager
[2026-07-23 15:34:42] [INFO] Handling user request for /api/v1/data
[2026-07-23 15:34:47] [INFO] Connection established to message queue
[2026-07-23 15:34:49] [INFO] Cache hit for key user_profile_123
[2026-07-23 15:34:49] [INFO] Connection established to message queue
[2026-07-23 15:34:53] [INFO] Successfully processed background job #4912
[2026-07-23 15:34:57] [DEBUG] Initializing cache manager
[2026-07-23 15:34:58] [WARNING] High memory usage detected (85%)
[2026-07-23 15:35:03] [INFO] Connection established to message queue
[2026-07-23 15:35:05] [INFO] Connection established to message queue
[2026-07-23 15:35:09] [DEBUG] Fetching row 4021 from database
[2026-07-23 15:35:10] [INFO] User admin logged in from 192.168.1.100
[2026-07-23 15:35:14] [INFO] System started successfully
[2026-07-23 15:35:17] [WARNING] Rate limit approaching for IP 10.0.0.55
[2026-07-23 15:35:21] [INFO] System started successfully
[2026-07-23 15:35:26] [INFO] Connection established to message queue
[2026-07-23 15:35:26] [INFO] Connection established to message queue
[2026-07-23 15:35:31] [INFO] Successfully processed background job #4912
[2026-07-23 15:35:34] [DEBUG] Fetching row 4021 from database
[2026-07-23 15:35:34] [INFO] System started successfully
[2026-07-23 15:35:34] [WARNING] High memory usage detected (85%)
[2026-07-23 15:35:36] [WARNING] High memory usage detected (85%)
[2026-07-23 15:35:37] [INFO] System started successfully
[2026-07-23 15:35:40] [INFO] System started successfully
[2026-07-23 15:35:43] [INFO] System started successfully
[2026-07-23 15:35:44] [INFO] Handling user request for /api/v1/data
[2026-07-23 15:35:47] [INFO] Handling user request for /api/v1/data
[2026-07-23 15:35:51] [DEBUG] Initializing cache manager
[2026-07-23 15:35:55] [ERROR] MySQL Error: Deadlock found when trying to get lock
[2026-07-23 15:35:55] [INFO] User admin logged in from 192.168.1.100
[2026-07-23 15:35:59] [DEBUG] Fetching row 4021 from database
[2026-07-23 15:35:59] [DEBUG] Session token refreshed
[2026-07-23 15:35:59] [DEBUG] Initializing cache manager
[2026-07-23 15:36:01] [WARNING] Rate limit approaching for IP 10.0.0.55
[2026-07-23 15:36:05] [INFO] Handling user request for /api/v1/data
[2026-07-23 15:36:06] [INFO] Connection established to message queue
[2026-07-23 15:36:08] [ERROR] Authentication failed for user guest
[2026-07-23 15:36:11] [DEBUG] Parsing JSON payload
[2026-07-23 15:36:11] [INFO] User admin logged in from 192.168.1.100
[2026-07-23 15:36:13] [WARNING] Deprecated API usage detected in legacy_module.py
[2026-07-23 15:36:17] [INFO] User admin logged in from 192.168.1.100
[2026-07-23 15:36:19] [INFO] User admin logged in from 192.168.1.100
[2026-07-23 15:36:23] [INFO] Cache hit for key user_profile_123
[2026-07-23 15:36:25] [INFO] Successfully processed background job #4912
[2026-07-23 15:36:29] [INFO] Successfully processed background job #4912
[2026-07-23 15:36:32] [INFO] Successfully processed background job #4912
[2026-07-23 15:36:33] [ERROR] Invalid password provided for account admin
[2026-07-23 15:36:37] [INFO] Handling user request for /api/v1/data
[2026-07-23 15:36:41] [INFO] Successfully processed background job #4912
[2026-07-23 15:36:44] [INFO] Handling user request for /api/v1/data
[2026-07-23 15:36:49] [DEBUG] Fetching row 4021 from database
[2026-07-23 15:36:51] [CRITICAL] Service crashed with exit code 137
[2026-07-23 15:36:55] [WARNING] Deprecated API usage detected in legacy_module.py
[2026-07-23 15:37:00] [INFO] User admin logged in from 192.168.1.100
[2026-07-23 15:37:01] [DEBUG] Fetching row 4021 from database
[2026-07-23 15:37:02] [INFO] Handling user request for /api/v1/data
[2026-07-23 15:37:06] [INFO] Cache hit for key user_profile_123
[2026-07-23 15:37:08] [DEBUG] Initializing cache manager
[2026-07-23 15:37:11] [INFO] Connection established to message queue
[2026-07-23 15:37:14] [INFO] Successfully processed background job #4912
[2026-07-23 15:37:15] [INFO] Cache hit for key user_profile_123
[2026-07-23 15:37:20] [INFO] Cache hit for key user_profile_123
[2026-07-23 15:37:24] [WARNING] Rate limit approaching for IP 10.0.0.55
[2026-07-23 15:37:27] [DEBUG] Parsing JSON payload
[2026-07-23 15:37:31] [INFO] Handling user request for /api/v1/data
[2026-07-23 15:37:34] [WARNING] Deprecated API usage detected in legacy_module.py
[2026-07-23 15:37:35] [INFO] Cache hit for key user_profile_123
[2026-07-23 15:37:38] [INFO] User admin logged in from 192.168.1.100
[2026-07-23 15:37:39] [ERROR] Database connection failed: Connection refused
[2026-07-23 15:37:42] [INFO] Connection established to message queue
[2026-07-23 15:37:47] [INFO] Connection established to message queue
[2026-07-23 15:37:51] [DEBUG] Initializing cache manager
[2026-07-23 15:37:52] [INFO] Cache hit for key user_profile_123
[2026-07-23 15:37:53] [INFO] Cache hit for key user_profile_123
[2026-07-23 15:37:53] [DEBUG] Session token refreshed
[2026-07-23 15:37:58] [INFO] Connection established to message queue
[2026-07-23 15:37:58] [INFO] User admin logged in from 192.168.1.100
[2026-07-23 15:38:02] [INFO] Connection established to message queue
[2026-07-23 15:38:03] [INFO] Handling user request for /api/v1/data
[2026-07-23 15:38:05] [DEBUG] Parsing JSON payload
[2026-07-23 15:38:06] [INFO] Cache hit for key user_profile_123
[2026-07-23 15:38:09] [INFO] User admin logged in from 192.168.1.100
[2026-07-23 15:38:11] [ERROR] Invalid password provided for account admin
[2026-07-23 15:38:15] [DEBUG] Fetching row 4021 from database
[2026-07-23 15:38:19] [INFO] Handling user request for /api/v1/data
[2026-07-23 15:38:21] [INFO] User admin logged in from 192.168.1.100
[2026-07-23 15:38:24] [INFO] System started successfully
[2026-07-23 15:38:27] [INFO] Handling user request for /api/v1/data
[2026-07-23 15:38:30] [INFO] Handling user request for /api/v1/data
[2026-07-23 15:38:30] [DEBUG] Initializing cache manager
[2026-07-23 15:38:34] [ERROR] Invalid password provided for account admin
[2026-07-23 15:38:36] [INFO] Connection established to message queue
[2026-07-23 15:38:37] [INFO] Cache hit for key user_profile_123
[2026-07-23 15:38:38] [INFO] Cache hit for key user_profile_123
[2026-07-23 15:38:41] [INFO] User admin logged in from 192.168.1.100
[2026-07-23 15:38:44] [INFO] Handling user request for /api/v1/data
[2026-07-23 15:38:45] [INFO] Cache hit for key user_profile_123
[2026-07-23 15:38:50] [INFO] Cache hit for key user_profile_123
[2026-07-23 15:38:52] [DEBUG] Initializing cache manager
[2026-07-23 15:38:54] [INFO] Cache hit for key user_profile_123
[2026-07-23 15:38:57] [INFO] Connection established to message queue
[2026-07-23 15:38:58] [ERROR] NullPointerException in DataProcessor class
[2026-07-23 15:38:59] [INFO] Handling user request for /api/v1/data
[2026-07-23 15:38:59] [INFO] Successfully processed background job #4912
[2026-07-23 15:39:01] [DEBUG] Fetching row 4021 from database
[2026-07-23 15:39:04] [DEBUG] Parsing JSON payload
[2026-07-23 15:39:06] [INFO] Successfully processed background job #4912
[2026-07-23 15:39:08] [DEBUG] Initializing cache manager
[2026-07-23 15:39:11] [ERROR] NullPointerException in DataProcessor class
[2026-07-23 15:39:15] [INFO] Cache hit for key user_profile_123
[2026-07-23 15:39:15] [INFO] Handling user request for /api/v1/data
[2026-07-23 15:39:18] [ERROR] Database connection failed: Connection refused
[2026-07-23 15:39:21] [INFO] Handling user request for /api/v1/data
[2026-07-23 15:39:21] [DEBUG] Parsing JSON payload
[2026-07-23 15:39:21] [DEBUG] Session token refreshed
[2026-07-23 15:39:23] [INFO] Connection established to message queue
[2026-07-23 15:39:25] [INFO] System started successfully
[2026-07-23 15:39:29] [INFO] Cache hit for key user_profile_123
[2026-07-23 15:39:29] [INFO] Cache hit for key user_profile_123
[2026-07-23 15:39:29] [INFO] Handling user request for /api/v1/data
[2026-07-23 15:39:30] [INFO] User admin logged in from 192.168.1.100
[2026-07-23 15:39:33] [ERROR] Database connection failed: Connection refused
[2026-07-23 15:39:36] [WARNING] Deprecated API usage detected in legacy_module.py
[2026-07-23 15:39:40] [INFO] Handling user request for /api/v1/data
[2026-07-23 15:39:43] [INFO] System started successfully
[2026-07-23 15:39:47] [INFO] Connection established to message queue
[2026-07-23 15:39:49] [DEBUG] Fetching row 4021 from database
[2026-07-23 15:39:51] [INFO] Cache hit for key user_profile_123
[2026-07-23 15:39:56] [INFO] Cache hit for key user_profile_123
[2026-07-23 15:40:00] [INFO] Cache hit for key user_profile_123
[2026-07-23 15:40:01] [INFO] System started successfully
[2026-07-23 15:40:03] [INFO] System started successfully
[2026-07-23 15:40:07] [ERROR] Database connection failed: Connection refused
[2026-07-23 15:40:08] [ERROR] Authentication failed for user guest
[2026-07-23 15:40:11] [INFO] Successfully processed background job #4912
[2026-07-23 15:40:14] [INFO] System started successfully
[2026-07-23 15:40:18] [DEBUG] Session token refreshed
[2026-07-23 15:40:19] [ERROR] Authentication failed for user guest
[2026-07-23 15:40:20] [DEBUG] Initializing cache manager
[2026-07-23 15:40:22] [INFO] Connection established to message queue
[2026-07-23 15:40:24] [INFO] System started successfully
[2026-07-23 15:40:27] [INFO] Handling user request for /api/v1/data
[2026-07-23 15:40:32] [DEBUG] Parsing JSON payload
[2026-07-23 15:40:36] [DEBUG] Fetching row 4021 from database
[2026-07-23 15:40:38] [INFO] System started successfully
[2026-07-23 15:40:39] [INFO] System started successfully
[2026-07-23 15:40:41] [INFO] Handling user request for /api/v1/data
[2026-07-23 15:40:41] [INFO] Connection established to message queue
[2026-07-23 15:40:41] [ERROR] MySQL Error: Deadlock found when trying to get lock
[2026-07-23 15:40:44] [INFO] Successfully processed background job #4912
[2026-07-23 15:40:48] [ERROR] MySQL Error: Deadlock found when trying to get lock
[2026-07-23 15:40:48] [INFO] Handling user request for /api/v1/data
[2026-07-23 15:40:50] [INFO] User admin logged in from 192.168.1.100
[2026-07-23 15:40:55] [INFO] Cache hit for key user_profile_123
[2026-07-23 15:40:57] [INFO] User admin logged in from 192.168.1.100
[2026-07-23 15:41:01] [DEBUG] Fetching row 4021 from database
[2026-07-23 15:41:02] [INFO] Successfully processed background job #4912
[2026-07-23 15:41:05] [INFO] Handling user request for /api/v1/data
[2026-07-23 15:41:06] [INFO] Connection established to message queue
[2026-07-23 15:41:10] [WARNING] Rate limit approaching for IP 10.0.0.55
[2026-07-23 15:41:12] [INFO] Connection established to message queue
[2026-07-23 15:41:15] [INFO] System started successfully
[2026-07-23 15:41:18] [WARNING] High memory usage detected (85%)
[2026-07-23 15:41:19] [DEBUG] Parsing JSON payload
[2026-07-23 15:41:22] [INFO] Handling user request for /api/v1/data
[2026-07-23 15:41:24] [INFO] Cache hit for key user_profile_123
[2026-07-23 15:41:25] [INFO] Connection established to message queue
[2026-07-23 15:41:29] [INFO] Successfully processed background job #4912
[2026-07-23 15:41:30] [INFO] Successfully processed background job #4912
[2026-07-23 15:41:32] [WARNING] High memory usage detected (85%)
[2026-07-23 15:41:32] [INFO] Cache hit for key user_profile_123
[2026-07-23 15:41:34] [INFO] User admin logged in from 192.168.1.100
[2026-07-23 15:41:38] [INFO] User admin logged in from 192.168.1.100
[2026-07-23 15:41:43] [INFO] Connection established to message queue
[2026-07-23 15:41:44] [INFO] Handling user request for /api/v1/data
[2026-07-23 15:41:45] [DEBUG] Session token refreshed
[2026-07-23 15:41:49] [DEBUG] Fetching row 4021 from database
[2026-07-23 15:41:53] [INFO] Successfully processed background job #4912
[2026-07-23 15:41:54] [DEBUG] Parsing JSON payload
[2026-07-23 15:41:57] [INFO] User admin logged in from 192.168.1.100
[2026-07-23 15:42:01] [WARNING] Deprecated API usage detected in legacy_module.py
[2026-07-23 15:42:03] [DEBUG] Fetching row 4021 from database
[2026-07-23 15:42:06] [INFO] System started successfully
[2026-07-23 15:42:10] [INFO] Cache hit for key user_profile_123
[2026-07-23 15:42:14] [CRITICAL] Timeout while waiting for external service after 30000ms
[2026-07-23 15:42:18] [INFO] Cache hit for key user_profile_123
[2026-07-23 15:42:20] [INFO] Cache hit for key user_profile_123
[2026-07-23 15:42:24] [INFO] Successfully processed background job #4912
[2026-07-23 15:42:28] [DEBUG] Parsing JSON payload
[2026-07-23 15:42:29] [INFO] User admin logged in from 192.168.1.100
[2026-07-23 15:42:33] [INFO] Connection established to message queue
[2026-07-23 15:42:35] [INFO] Successfully processed background job #4912
[2026-07-23 15:42:37] [DEBUG] Parsing JSON payload
[2026-07-23 15:42:41] [INFO] Successfully processed background job #4912
[2026-07-23 15:42:43] [INFO] Handling user request for /api/v1/data
[2026-07-23 15:42:44] [INFO] Successfully processed background job #4912
[2026-07-23 15:42:45] [INFO] User admin logged in from 192.168.1.100
[2026-07-23 15:42:50] [INFO] Handling user request for /api/v1/data
[2026-07-23 15:42:55] [INFO] Connection established to message queue
[2026-07-23 15:42:59] [INFO] Connection established to message queue
[2026-07-23 15:43:00] [WARNING] High memory usage detected (85%)
[2026-07-23 15:43:02] [INFO] Cache hit for key user_profile_123
[2026-07-23 15:43:05] [DEBUG] Session token refreshed
[2026-07-23 15:43:09] [INFO] Connection established to message queue
[2026-07-23 15:43:10] [INFO] Handling user request for /api/v1/data
[2026-07-23 15:43:12] [INFO] System started successfully
[2026-07-23 15:43:15] [INFO] System started successfully
[2026-07-23 15:43:18] [DEBUG] Fetching row 4021 from database
[2026-07-23 15:43:20] [INFO] Cache hit for key user_profile_123
[2026-07-23 15:43:25] [INFO] Connection established to message queue
[2026-07-23 15:43:29] [INFO] System started successfully
[2026-07-23 15:43:31] [ERROR] Database connection failed: Connection refused
[2026-07-23 15:43:34] [INFO] Successfully processed background job #4912
[2026-07-23 15:43:38] [DEBUG] Parsing JSON payload
[2026-07-23 15:43:43] [INFO] Successfully processed background job #4912
[2026-07-23 15:43:46] [INFO] User admin logged in from 192.168.1.100
[2026-07-23 15:43:48] [INFO] Connection established to message queue
[2026-07-23 15:43:50] [DEBUG] Initializing cache manager
[2026-07-23 15:43:50] [INFO] Connection established to message queue
[2026-07-23 15:43:53] [CRITICAL] Service crashed with exit code 137
[2026-07-23 15:43:57] [INFO] Cache hit for key user_profile_123
[2026-07-23 15:43:58] [DEBUG] Parsing JSON payload
[2026-07-23 15:44:00] [DEBUG] Fetching row 4021 from database
[2026-07-23 15:44:01] [DEBUG] Session token refreshed
[2026-07-23 15:44:04] [INFO] Connection established to message queue
[2026-07-23 15:44:07] [DEBUG] Fetching row 4021 from database
[2026-07-23 15:44:11] [INFO] Handling user request for /api/v1/data
[2026-07-23 15:44:13] [INFO] Handling user request for /api/v1/data
[2026-07-23 15:44:17] [INFO] Connection established to message queue
[2026-07-23 15:44:18] [INFO] Successfully processed background job #4912
[2026-07-23 15:44:21] [INFO] Successfully processed background job #4912
[2026-07-23 15:44:26] [INFO] Successfully processed background job #4912
[2026-07-23 15:44:29] [INFO] Connection established to message queue
[2026-07-23 15:44:32] [DEBUG] Session token refreshed
[2026-07-23 15:44:32] [INFO] User admin logged in from 192.168.1.100
[2026-07-23 15:44:34] [INFO] Cache hit for key user_profile_123
[2026-07-23 15:44:37] [WARNING] High memory usage detected (85%)
[2026-07-23 15:44:38] [INFO] Connection established to message queue
[2026-07-23 15:44:43] [INFO] Cache hit for key user_profile_123
[2026-07-23 15:44:46] [INFO] System started successfully
[2026-07-23 15:44:49] [INFO] Handling user request for /api/v1/data
[2026-07-23 15:44:54] [WARNING] Rate limit approaching for IP 10.0.0.55
[2026-07-23 15:44:54] [INFO] User admin logged in from 192.168.1.100
[2026-07-23 15:44:58] [INFO] System started successfully
[2026-07-23 15:44:59] [DEBUG] Fetching row 4021 from database
[2026-07-23 15:45:01] [DEBUG] Fetching row 4021 from database
[2026-07-23 15:45:02] [INFO] Successfully processed background job #4912
[2026-07-23 15:45:03] [INFO] Cache hit for key user_profile_123
[2026-07-23 15:45:04] [INFO] Successfully processed background job #4912
[2026-07-23 15:45:06] [INFO] Cache hit for key user_profile_123
[2026-07-23 15:45:08] [WARNING] Rate limit approaching for IP 10.0.0.55
[2026-07-23 15:45:13] [INFO] Handling user request for /api/v1/data
[2026-07-23 15:45:15] [INFO] Cache hit for key user_profile_123
[2026-07-23 15:45:19] [INFO] User admin logged in from 192.168.1.100
[2026-07-23 15:45:20] [INFO] Cache hit for key user_profile_123
[2026-07-23 15:45:21] [CRITICAL] Disk space exhausted on /var/log
[2026-07-23 15:45:23] [INFO] Connection established to message queue
[2026-07-23 15:45:28] [WARNING] Rate limit approaching for IP 10.0.0.55
[2026-07-23 15:45:29] [INFO] Connection established to message queue
[2026-07-23 15:45:29] [INFO] User admin logged in from 192.168.1.100
[2026-07-23 15:45:33] [INFO] Handling user request for /api/v1/data
[2026-07-23 15:45:36] [INFO] Connection established to message queue
[2026-07-23 15:45:37] [INFO] User admin logged in from 192.168.1.100
[2026-07-23 15:45:42] [INFO] Cache hit for key user_profile_123
[2026-07-23 15:45:45] [INFO] Connection established to message queue
[2026-07-23 15:45:48] [ERROR] Invalid password provided for account admin
[2026-07-23 15:45:49] [INFO] User admin logged in from 192.168.1.100
[2026-07-23 15:45:52] [INFO] User admin logged in from 192.168.1.100
[2026-07-23 15:45:56] [CRITICAL] Timeout while waiting for external service after 30000ms
[2026-07-23 15:46:00] [INFO] System started successfully
[2026-07-23 15:46:02] [WARNING] Rate limit approaching for IP 10.0.0.55
[2026-07-23 15:46:05] [INFO] Successfully processed background job #4912
[2026-07-23 15:46:08] [INFO] System started successfully
[2026-07-23 15:46:12] [INFO] Successfully processed background job #4912
[2026-07-23 15:46:14] [INFO] User admin logged in from 192.168.1.100
[2026-07-23 15:46:18] [INFO] System started successfully
[2026-07-23 15:46:21] [INFO] Handling user request for /api/v1/data
[2026-07-23 15:46:25] [ERROR] MySQL Error: Deadlock found when trying to get lock
[2026-07-23 15:46:30] [INFO] System started successfully
[2026-07-23 15:46:31] [INFO] System started successfully
[2026-07-23 15:46:36] [DEBUG] Session token refreshed
[2026-07-23 15:46:37] [INFO] System started successfully
[2026-07-23 15:46:39] [INFO] Successfully processed background job #4912
[2026-07-23 15:46:41] [INFO] Connection established to message queue
[2026-07-23 15:46:44] [INFO] System started successfully
[2026-07-23 15:46:47] [ERROR] Invalid password provided for account admin
[2026-07-23 15:46:51] [INFO] Handling user request for /api/v1/data
[2026-07-23 15:46:56] [INFO] Successfully processed background job #4912
[2026-07-23 15:47:00] [INFO] System started successfully
[2026-07-23 15:47:02] [INFO] Successfully processed background job #4912
[2026-07-23 15:47:07] [DEBUG] Initializing cache manager
[2026-07-23 15:47:10] [WARNING] Rate limit approaching for IP 10.0.0.55
[2026-07-23 15:47:12] [WARNING] Deprecated API usage detected in legacy_module.py
[2026-07-23 15:47:14] [WARNING] Rate limit approaching for IP 10.0.0.55
[2026-07-23 15:47:18] [INFO] Successfully processed background job #4912
[2026-07-23 15:47:19] [INFO] Cache hit for key user_profile_123
[2026-07-23 15:47:23] [INFO] Successfully processed background job #4912
[2026-07-23 15:47:26] [ERROR] Invalid password provided for account admin
[2026-07-23 15:47:27] [DEBUG] Fetching row 4021 from database
[2026-07-23 15:47:27] [INFO] Handling user request for /api/v1/data
[2026-07-23 15:47:30] [INFO] Successfully processed background job #4912
[2026-07-23 15:47:35] [INFO] Connection established to message queue
[2026-07-23 15:47:38] [INFO] System started successfully
[2026-07-23 15:47:39] [INFO] System started successfully
[2026-07-23 15:47:42] [INFO] Connection established to message queue
[2026-07-23 15:47:46] [ERROR] NullPointerException in DataProcessor class
[2026-07-23 15:47:46] [INFO] User admin logged in from 192.168.1.100
[2026-07-23 15:47:51] [INFO] Cache hit for key user_profile_123
[2026-07-23 15:47:54] [INFO] User admin logged in from 192.168.1.100
[2026-07-23 15:47:56] [DEBUG] Fetching row 4021 from database
[2026-07-23 15:47:58] [INFO] Connection established to message queue
[2026-07-23 15:48:03] [DEBUG] Session token refreshed
[2026-07-23 15:48:06] [CRITICAL] Disk space exhausted on /var/log
[2026-07-23 15:48:09] [INFO] Connection established to message queue
[2026-07-23 15:48:10] [INFO] System started successfully
[2026-07-23 15:48:12] [INFO] Cache hit for key user_profile_123
[2026-07-23 15:48:14] [INFO] User admin logged in from 192.168.1.100
[2026-07-23 15:48:15] [INFO] Successfully processed background job #4912
[2026-07-23 15:48:17] [DEBUG] Fetching row 4021 from database
[2026-07-23 15:48:20] [INFO] Successfully processed background job #4912
[2026-07-23 15:48:24] [DEBUG] Session token refreshed
[2026-07-23 15:48:27] [INFO] Cache hit for key user_profile_123
[2026-07-23 15:48:29] [DEBUG] Fetching row 4021 from database
[2026-07-23 15:48:34] [INFO] System started successfully
[2026-07-23 15:48:34] [ERROR] Authentication failed for user guest
[2026-07-23 15:48:37] [INFO] User admin logged in from 192.168.1.100
[2026-07-23 15:48:40] [INFO] Successfully processed background job #4912
[2026-07-23 15:48:45] [INFO] Handling user request for /api/v1/data
[2026-07-23 15:48:49] [INFO] Connection established to message queue
[2026-07-23 15:48:51] [DEBUG] Parsing JSON payload
[2026-07-23 15:48:53] [DEBUG] Session token refreshed
[2026-07-23 15:48:54] [INFO] Successfully processed background job #4912
[2026-07-23 15:48:55] [INFO] Connection established to message queue
[2026-07-23 15:48:59] [ERROR] MySQL Error: Deadlock found when trying to get lock
[2026-07-23 15:48:59] [INFO] Successfully processed background job #4912
[2026-07-23 15:49:03] [INFO] Connection established to message queue
[2026-07-23 15:49:05] [INFO] User admin logged in from 192.168.1.100
[2026-07-23 15:49:06] [INFO] Handling user request for /api/v1/data
[2026-07-23 15:49:07] [INFO] Successfully processed background job #4912
[2026-07-23 15:49:07] [INFO] Connection established to message queue
[2026-07-23 15:49:08] [WARNING] Rate limit approaching for IP 10.0.0.55
[2026-07-23 15:49:10] [DEBUG] Parsing JSON payload
[2026-07-23 15:49:12] [WARNING] Deprecated API usage detected in legacy_module.py
[2026-07-23 15:49:12] [INFO] System started successfully
[2026-07-23 15:49:17] [INFO] System started successfully
[2026-07-23 15:49:19] [INFO] Successfully processed background job #4912
[2026-07-23 15:49:22] [WARNING] High memory usage detected (85%)
[2026-07-23 15:49:22] [INFO] Connection established to message queue
[2026-07-23 15:49:26] [INFO] Successfully processed background job #4912
[2026-07-23 15:49:27] [INFO] Successfully processed background job #4912
[2026-07-23 15:49:30] [DEBUG] Initializing cache manager
[2026-07-23 15:49:31] [DEBUG] Parsing JSON payload
[2026-07-23 15:49:33] [DEBUG] Fetching row 4021 from database
[2026-07-23 15:49:33] [INFO] Handling user request for /api/v1/data
[2026-07-23 15:49:34] [DEBUG] Fetching row 4021 from database
[2026-07-23 15:49:35] [INFO] Successfully processed background job #4912
[2026-07-23 15:49:37] [ERROR] MySQL Error: Deadlock found when trying to get lock
[2026-07-23 15:49:40] [INFO] System started successfully
[2026-07-23 15:49:44] [INFO] User admin logged in from 192.168.1.100
[2026-07-23 15:49:46] [INFO] System started successfully
[2026-07-23 15:49:48] [INFO] Handling user request for /api/v1/data
[2026-07-23 15:49:49] [INFO] Successfully processed background job #4912
[2026-07-23 15:49:50] [INFO] Handling user request for /api/v1/data
[2026-07-23 15:49:54] [INFO] Successfully processed background job #4912
[2026-07-23 15:49:57] [INFO] Handling user request for /api/v1/data
[2026-07-23 15:50:00] [DEBUG] Session token refreshed
[2026-07-23 15:50:01] [INFO] User admin logged in from 192.168.1.100
[2026-07-23 15:50:03] [INFO] Handling user request for /api/v1/data
[2026-07-23 15:50:06] [DEBUG] Fetching row 4021 from database
[2026-07-23 15:50:07] [INFO] Connection established to message queue
[2026-07-23 15:50:08] [ERROR] NullPointerException in DataProcessor class
[2026-07-23 15:50:11] [INFO] Cache hit for key user_profile_123
[2026-07-23 15:50:15] [INFO] User admin logged in from 192.168.1.100
[2026-07-23 15:50:16] [ERROR] Authentication failed for user guest
[2026-07-23 15:50:17] [INFO] User admin logged in from 192.168.1.100
[2026-07-23 15:50:19] [INFO] Handling user request for /api/v1/data
[2026-07-23 15:50:23] [INFO] System started successfully
[2026-07-23 15:50:25] [INFO] Successfully processed background job #4912
[2026-07-23 15:50:26] [INFO] Connection established to message queue
[2026-07-23 15:50:26] [INFO] User admin logged in from 192.168.1.100
[2026-07-23 15:50:27] [INFO] Handling user request for /api/v1/data
[2026-07-23 15:50:30] [INFO] User admin logged in from 192.168.1.100
[2026-07-23 15:50:33] [ERROR] NullPointerException in DataProcessor class
[2026-07-23 15:50:36] [DEBUG] Parsing JSON payload
[2026-07-23 15:50:41] [INFO] System started successfully
[2026-07-23 15:50:45] [DEBUG] Session token refreshed
[2026-07-23 15:50:45] [DEBUG] Parsing JSON payload
[2026-07-23 15:50:48] [DEBUG] Session token refreshed
[2026-07-23 15:50:52] [INFO] Successfully processed background job #4912
[2026-07-23 15:50:56] [ERROR] Database connection failed: Connection refused
[2026-07-23 15:51:00] [INFO] Successfully processed background job #4912
[2026-07-23 15:51:04] [INFO] System started successfully
[2026-07-23 15:51:08] [INFO] Connection established to message queue
[2026-07-23 15:51:09] [INFO] System started successfully
[2026-07-23 15:51:12] [ERROR] MySQL Error: Deadlock found when trying to get lock
[2026-07-23 15:51:14] [WARNING] Deprecated API usage detected in legacy_module.py
[2026-07-23 15:51:16] [INFO] System started successfully
[2026-07-23 15:51:17] [INFO] Connection established to message queue
[2026-07-23 15:51:21] [INFO] Cache hit for key user_profile_123
[2026-07-23 15:51:25] [INFO] Handling user request for /api/v1/data
[2026-07-23 15:51:28] [ERROR] Database connection failed: Connection refused
[2026-07-23 15:51:31] [WARNING] High memory usage detected (85%)
[2026-07-23 15:51:35] [INFO] Successfully processed background job #4912
[2026-07-23 15:51:37] [INFO] User admin logged in from 192.168.1.100
[2026-07-23 15:51:37] [INFO] Handling user request for /api/v1/data
[2026-07-23 15:51:39] [INFO] User admin logged in from 192.168.1.100
[2026-07-23 15:51:40] [CRITICAL] Service crashed with exit code 137
[2026-07-23 15:51:42] [INFO] Connection established to message queue
[2026-07-23 15:51:44] [WARNING] High memory usage detected (85%)
[2026-07-23 15:51:47] [WARNING] Deprecated API usage detected in legacy_module.py
[2026-07-23 15:51:49] [WARNING] High memory usage detected (85%)
[2026-07-23 15:51:50] [INFO] Successfully processed background job #4912
[2026-07-23 15:51:55] [INFO] User admin logged in from 192.168.1.100
[2026-07-23 15:51:58] [INFO] Successfully processed background job #4912
[2026-07-23 15:52:01] [INFO] User admin logged in from 192.168.1.100
[2026-07-23 15:52:02] [INFO] System started successfully
[2026-07-23 15:52:03] [INFO] Successfully processed background job #4912
[2026-07-23 15:52:07] [INFO] Handling user request for /api/v1/data
[2026-07-23 15:52:09] [INFO] Successfully processed background job #4912
[2026-07-23 15:52:11] [DEBUG] Session token refreshed
[2026-07-23 15:52:11] [INFO] Successfully processed background job #4912
[2026-07-23 15:52:15] [INFO] Successfully processed background job #4912
[2026-07-23 15:52:18] [DEBUG] Parsing JSON payload
[2026-07-23 15:52:21] [DEBUG] Parsing JSON payload
[2026-07-23 15:52:25] [DEBUG] Session token refreshed
[2026-07-23 15:52:26] [INFO] Handling user request for /api/v1/data
[2026-07-23 15:52:26] [INFO] Successfully processed background job #4912
[2026-07-23 15:52:29] [INFO] User admin logged in from 192.168.1.100
[2026-07-23 15:52:30] [INFO] Successfully processed background job #4912
[2026-07-23 15:52:35] [INFO] User admin logged in from 192.168.1.100
[2026-07-23 15:52:38] [INFO] System started successfully
[2026-07-23 15:52:41] [WARNING] High memory usage detected (85%)
[2026-07-23 15:52:43] [INFO] User admin logged in from 192.168.1.100
[2026-07-23 15:52:45] [DEBUG] Fetching row 4021 from database
[2026-07-23 15:52:46] [INFO] Successfully processed background job #4912
[2026-07-23 15:52:47] [INFO] User admin logged in from 192.168.1.100
[2026-07-23 15:52:49] [INFO] System started successfully
[2026-07-23 15:52:51] [INFO] User admin logged in from 192.168.1.100
[2026-07-23 15:52:51] [WARNING] High memory usage detected (85%)
[2026-07-23 15:52:54] [WARNING] Rate limit approaching for IP 10.0.0.55
[2026-07-23 15:52:57] [ERROR] MySQL Error: Deadlock found when trying to get lock
[2026-07-23 15:53:00] [DEBUG] Fetching row 4021 from database
[2026-07-23 15:53:04] [INFO] Connection established to message queue
[2026-07-23 15:53:07] [INFO] Connection established to message queue
[2026-07-23 15:53:12] [INFO] Successfully processed background job #4912
[2026-07-23 15:53:12] [INFO] Connection established to message queue
[2026-07-23 15:53:15] [INFO] Cache hit for key user_profile_123
[2026-07-23 15:53:16] [INFO] Successfully processed background job #4912
[2026-07-23 15:53:17] [DEBUG] Fetching row 4021 from database
[2026-07-23 15:53:19] [INFO] User admin logged in from 192.168.1.100
[2026-07-23 15:53:23] [INFO] Successfully processed background job #4912
[2026-07-23 15:53:25] [INFO] Successfully processed background job #4912
[2026-07-23 15:53:27] [INFO] User admin logged in from 192.168.1.100
[2026-07-23 15:53:31] [INFO] Connection established to message queue
[2026-07-23 15:53:34] [INFO] Connection established to message queue
[2026-07-23 15:53:39] [INFO] User admin logged in from 192.168.1.100
[2026-07-23 15:53:44] [DEBUG] Initializing cache manager
[2026-07-23 15:53:48] [INFO] Cache hit for key user_profile_123
[2026-07-23 15:53:53] [INFO] System started successfully
[2026-07-23 15:53:57] [DEBUG] Fetching row 4021 from database
[2026-07-23 15:53:57] [INFO] User admin logged in from 192.168.1.100
[2026-07-23 15:53:58] [ERROR] Authentication failed for user guest
[2026-07-23 15:54:00] [WARNING] Rate limit approaching for IP 10.0.0.55
[2026-07-23 15:54:02] [INFO] User admin logged in from 192.168.1.100
[2026-07-23 15:54:05] [ERROR] Authentication failed for user guest
[2026-07-23 15:54:09] [INFO] Handling user request for /api/v1/data
[2026-07-23 15:54:11] [INFO] Successfully processed background job #4912
[2026-07-23 15:54:13] [DEBUG] Parsing JSON payload
[2026-07-23 15:54:14] [DEBUG] Initializing cache manager
[2026-07-23 15:54:16] [INFO] Cache hit for key user_profile_123
[2026-07-23 15:54:17] [WARNING] Deprecated API usage detected in legacy_module.py
[2026-07-23 15:54:20] [INFO] Successfully processed background job #4912
[2026-07-23 15:54:24] [INFO] User admin logged in from 192.168.1.100
[2026-07-23 15:54:25] [INFO] System started successfully
[2026-07-23 15:54:27] [INFO] Successfully processed background job #4912
[2026-07-23 15:54:27] [INFO] Connection established to message queue
[2026-07-23 15:54:31] [DEBUG] Initializing cache manager
[2026-07-23 15:54:31] [INFO] System started successfully
[2026-07-23 15:54:36] [WARNING] Deprecated API usage detected in legacy_module.py
[2026-07-23 15:54:36] [INFO] User admin logged in from 192.168.1.100
[2026-07-23 15:54:37] [INFO] System started successfully
[2026-07-23 15:54:40] [WARNING] Rate limit approaching for IP 10.0.0.55
[2026-07-23 15:54:41] [DEBUG] Initializing cache manager
[2026-07-23 15:54:42] [INFO] Cache hit for key user_profile_123
[2026-07-23 15:54:44] [DEBUG] Initializing cache manager
[2026-07-23 15:54:46] [INFO] User admin logged in from 192.168.1.100
[2026-07-23 15:54:47] [INFO] User admin logged in from 192.168.1.100
[2026-07-23 15:54:52] [DEBUG] Initializing cache manager
[2026-07-23 15:54:55] [INFO] Cache hit for key user_profile_123
[2026-07-23 15:54:57] [INFO] User admin logged in from 192.168.1.100
[2026-07-23 15:55:01] [WARNING] Rate limit approaching for IP 10.0.0.55
[2026-07-23 15:55:06] [INFO] System started successfully
[2026-07-23 15:55:08] [WARNING] Rate limit approaching for IP 10.0.0.55
[2026-07-23 15:55:10] [INFO] System started successfully
[2026-07-23 15:55:10] [INFO] System started successfully
[2026-07-23 15:55:11] [INFO] Connection established to message queue
[2026-07-23 15:55:12] [DEBUG] Fetching row 4021 from database
[2026-07-23 15:55:14] [ERROR] MySQL Error: Deadlock found when trying to get lock
[2026-07-23 15:55:14] [INFO] Successfully processed background job #4912
[2026-07-23 15:55:19] [DEBUG] Fetching row 4021 from database
[2026-07-23 15:55:21] [INFO] Handling user request for /api/v1/data
[2026-07-23 15:55:25] [INFO] Connection established to message queue
[2026-07-23 15:55:29] [WARNING] Rate limit approaching for IP 10.0.0.55
[2026-07-23 15:55:32] [INFO] Handling user request for /api/v1/data
[2026-07-23 15:55:36] [INFO] Connection established to message queue
[2026-07-23 15:55:38] [INFO] User admin logged in from 192.168.1.100
[2026-07-23 15:55:41] [INFO] User admin logged in from 192.168.1.100
[2026-07-23 15:55:42] [INFO] Connection established to message queue
[2026-07-23 15:55:43] [INFO] Handling user request for /api/v1/data
[2026-07-23 15:55:43] [INFO] System started successfully
[2026-07-23 15:55:48] [ERROR] NullPointerException in DataProcessor class
[2026-07-23 15:55:50] [WARNING] Rate limit approaching for IP 10.0.0.55
[2026-07-23 15:55:55] [INFO] Cache hit for key user_profile_123
[2026-07-23 15:55:58] [DEBUG] Parsing JSON payload
[2026-07-23 15:56:00] [WARNING] Deprecated API usage detected in legacy_module.py
[2026-07-23 15:56:04] [ERROR] Database connection failed: Connection refused
[2026-07-23 15:56:07] [INFO] Successfully processed background job #4912
[2026-07-23 15:56:08] [INFO] Connection established to message queue
[2026-07-23 15:56:11] [DEBUG] Parsing JSON payload
[2026-07-23 15:56:12] [INFO] User admin logged in from 192.168.1.100
[2026-07-23 15:56:15] [INFO] Handling user request for /api/v1/data
[2026-07-23 15:56:15] [INFO] Connection established to message queue
[2026-07-23 15:56:16] [INFO] Cache hit for key user_profile_123
[2026-07-23 15:56:16] [DEBUG] Fetching row 4021 from database
[2026-07-23 15:56:18] [WARNING] High memory usage detected (85%)
[2026-07-23 15:56:21] [INFO] Handling user request for /api/v1/data
[2026-07-23 15:56:24] [INFO] Successfully processed background job #4912
[2026-07-23 15:56:28] [INFO] Connection established to message queue
[2026-07-23 15:56:30] [INFO] System started successfully
[2026-07-23 15:56:32] [DEBUG] Session token refreshed
[2026-07-23 15:56:32] [DEBUG] Parsing JSON payload
[2026-07-23 15:56:33] [INFO] User admin logged in from 192.168.1.100
[2026-07-23 15:56:38] [INFO] System started successfully
[2026-07-23 15:56:39] [INFO] System started successfully
[2026-07-23 15:56:40] [INFO] System started successfully
[2026-07-23 15:56:40] [DEBUG] Fetching row 4021 from database
[2026-07-23 15:56:41] [INFO] User admin logged in from 192.168.1.100
[2026-07-23 15:56:42] [DEBUG] Initializing cache manager
[2026-07-23 15:56:44] [INFO] System started successfully
[2026-07-23 15:56:44] [DEBUG] Parsing JSON payload
[2026-07-23 15:56:46] [DEBUG] Fetching row 4021 from database
[2026-07-23 15:56:46] [INFO] Successfully processed background job #4912
[2026-07-23 15:56:46] [INFO] User admin logged in from 192.168.1.100
[2026-07-23 15:56:46] [INFO] Successfully processed background job #4912
[2026-07-23 15:56:49] [INFO] User admin logged in from 192.168.1.100
[2026-07-23 15:56:51] [INFO] Successfully processed background job #4912
[2026-07-23 15:56:53] [DEBUG] Parsing JSON payload
[2026-07-23 15:56:56] [INFO] Handling user request for /api/v1/data
[2026-07-23 15:56:59] [INFO] User admin logged in from 192.168.1.100
[2026-07-23 15:57:03] [INFO] Cache hit for key user_profile_123
[2026-07-23 15:57:07] [DEBUG] Session token refreshed
[2026-07-23 15:57:10] [INFO] Cache hit for key user_profile_123
[2026-07-23 15:57:12] [INFO] Handling user request for /api/v1/data
[2026-07-23 15:57:14] [DEBUG] Parsing JSON payload
[2026-07-23 15:57:17] [DEBUG] Parsing JSON payload
[2026-07-23 15:57:18] [WARNING] High memory usage detected (85%)
[2026-07-23 15:57:19] [WARNING] Rate limit approaching for IP 10.0.0.55
[2026-07-23 15:57:23] [INFO] System started successfully
[2026-07-23 15:57:27] [INFO] Handling user request for /api/v1/data
[2026-07-23 15:57:31] [INFO] Successfully processed background job #4912
[2026-07-23 15:57:36] [DEBUG] Initializing cache manager
[2026-07-23 15:57:36] [DEBUG] Fetching row 4021 from database
[2026-07-23 15:57:38] [INFO] User admin logged in from 192.168.1.100
[2026-07-23 15:57:43] [DEBUG] Session token refreshed
[2026-07-23 15:57:46] [INFO] System started successfully
[2026-07-23 15:57:50] [INFO] Handling user request for /api/v1/data
[2026-07-23 15:57:52] [DEBUG] Session token refreshed
[2026-07-23 15:57:55] [INFO] Connection established to message queue
[2026-07-23 15:58:00] [INFO] Handling user request for /api/v1/data
[2026-07-23 15:58:05] [INFO] Connection established to message queue
[2026-07-23 15:58:09] [INFO] Cache hit for key user_profile_123
[2026-07-23 15:58:09] [WARNING] Rate limit approaching for IP 10.0.0.55
[2026-07-23 15:58:13] [INFO] User admin logged in from 192.168.1.100
[2026-07-23 15:58:13] [INFO] System started successfully
[2026-07-23 15:58:16] [INFO] Connection established to message queue
[2026-07-23 15:58:19] [INFO] User admin logged in from 192.168.1.100
[2026-07-23 15:58:22] [INFO] Successfully processed background job #4912
[2026-07-23 15:58:24] [DEBUG] Initializing cache manager
[2026-07-23 15:58:24] [DEBUG] Fetching row 4021 from database
[2026-07-23 15:58:28] [INFO] Cache hit for key user_profile_123
[2026-07-23 15:58:31] [ERROR] MySQL Error: Deadlock found when trying to get lock
[2026-07-23 15:58:34] [INFO] Connection established to message queue
[2026-07-23 15:58:36] [WARNING] High memory usage detected (85%)
[2026-07-23 15:58:37] [INFO] Handling user request for /api/v1/data
[2026-07-23 15:58:41] [DEBUG] Session token refreshed
[2026-07-23 15:58:41] [INFO] Connection established to message queue
[2026-07-23 15:58:43] [INFO] Handling user request for /api/v1/data
[2026-07-23 15:58:46] [DEBUG] Parsing JSON payload
[2026-07-23 15:58:50] [INFO] Handling user request for /api/v1/data
[2026-07-23 15:58:54] [DEBUG] Parsing JSON payload
[2026-07-23 15:58:58] [INFO] Cache hit for key user_profile_123
[2026-07-23 15:59:00] [INFO] User admin logged in from 192.168.1.100
[2026-07-23 15:59:04] [INFO] User admin logged in from 192.168.1.100
[2026-07-23 15:59:06] [DEBUG] Initializing cache manager
[2026-07-23 15:59:10] [INFO] Successfully processed background job #4912
[2026-07-23 15:59:12] [INFO] Successfully processed background job #4912
[2026-07-23 15:59:13] [INFO] Connection established to message queue
[2026-07-23 15:59:16] [DEBUG] Parsing JSON payload
[2026-07-23 15:59:17] [DEBUG] Fetching row 4021 from database
[2026-07-23 15:59:21] [INFO] User admin logged in from 192.168.1.100
[2026-07-23 15:59:24] [DEBUG] Session token refreshed
[2026-07-23 15:59:27] [INFO] User admin logged in from 192.168.1.100
[2026-07-23 15:59:30] [INFO] Handling user request for /api/v1/data
[2026-07-23 15:59:31] [INFO] System started successfully
[2026-07-23 15:59:31] [INFO] Successfully processed background job #4912
[2026-07-23 15:59:35] [INFO] User admin logged in from 192.168.1.100
[2026-07-23 15:59:38] [INFO] Handling user request for /api/v1/data
[2026-07-23 15:59:40] [INFO] System started successfully
[2026-07-23 15:59:44] [INFO] User admin logged in from 192.168.1.100
[2026-07-23 15:59:47] [INFO] Cache hit for key user_profile_123
[2026-07-23 15:59:52] [CRITICAL] Timeout while waiting for external service after 30000ms
[2026-07-23 15:59:54] [INFO] System started successfully
[2026-07-23 15:59:58] [ERROR] NullPointerException in DataProcessor class
[2026-07-23 16:00:03] [INFO] Cache hit for key user_profile_123
[2026-07-23 16:00:05] [INFO] Successfully processed background job #4912
[2026-07-23 16:00:07] [INFO] System started successfully
[2026-07-23 16:00:10] [ERROR] Invalid password provided for account admin
[2026-07-23 16:00:14] [WARNING] Rate limit approaching for IP 10.0.0.55
[2026-07-23 16:00:15] [INFO] Connection established to message queue
[2026-07-23 16:00:19] [INFO] Successfully processed background job #4912
[2026-07-23 16:00:22] [DEBUG] Session token refreshed
[2026-07-23 16:00:24] [INFO] System started successfully
[2026-07-23 16:00:28] [DEBUG] Fetching row 4021 from database
[2026-07-23 16:00:31] [INFO] Handling user request for /api/v1/data
[2026-07-23 16:00:33] [INFO] Connection established to message queue
[2026-07-23 16:00:34] [INFO] Connection established to message queue
[2026-07-23 16:00:37] [INFO] System started successfully
[2026-07-23 16:00:40] [INFO] Handling user request for /api/v1/data
[2026-07-23 16:00:45] [INFO] User admin logged in from 192.168.1.100
[2026-07-23 16:00:49] [ERROR] Authentication failed for user guest
[2026-07-23 16:00:50] [INFO] Successfully processed background job #4912
[2026-07-23 16:00:54] [INFO] Successfully processed background job #4912
[2026-07-23 16:00:54] [INFO] Connection established to message queue
[2026-07-23 16:00:58] [INFO] User admin logged in from 192.168.1.100
[2026-07-23 16:00:59] [ERROR] Authentication failed for user guest
[2026-07-23 16:01:01] [CRITICAL] Service crashed with exit code 137
[2026-07-23 16:01:01] [INFO] Connection established to message queue
[2026-07-23 16:01:06] [INFO] Connection established to message queue
[2026-07-23 16:01:08] [INFO] Cache hit for key user_profile_123
[2026-07-23 16:01:10] [ERROR] Database connection failed: Connection refused
[2026-07-23 16:01:11] [INFO] Successfully processed background job #4912
[2026-07-23 16:01:15] [WARNING] Deprecated API usage detected in legacy_module.py
[2026-07-23 16:01:19] [WARNING] Rate limit approaching for IP 10.0.0.55
[2026-07-23 16:01:24] [INFO] Connection established to message queue
[2026-07-23 16:01:27] [INFO] Successfully processed background job #4912
[2026-07-23 16:01:28] [INFO] Cache hit for key user_profile_123
[2026-07-23 16:01:32] [WARNING] Deprecated API usage detected in legacy_module.py
[2026-07-23 16:01:32] [INFO] Connection established to message queue
[2026-07-23 16:01:33] [INFO] System started successfully
[2026-07-23 16:01:34] [INFO] Handling user request for /api/v1/data
[2026-07-23 16:01:35] [DEBUG] Session token refreshed
[2026-07-23 16:01:37] [INFO] Connection established to message queue
[2026-07-23 16:01:38] [DEBUG] Session token refreshed
[2026-07-23 16:01:41] [INFO] System started successfully
[2026-07-23 16:01:42] [INFO] System started successfully
[2026-07-23 16:01:43] [INFO] Cache hit for key user_profile_123
[2026-07-23 16:01:47] [INFO] Cache hit for key user_profile_123
[2026-07-23 16:01:51] [INFO] User admin logged in from 192.168.1.100
[2026-07-23 16:01:55] [INFO] User admin logged in from 192.168.1.100
[2026-07-23 16:01:58] [ERROR] NullPointerException in DataProcessor class
[2026-07-23 16:01:59] [INFO] System started successfully
[2026-07-23 16:02:01] [INFO] Successfully processed background job #4912
[2026-07-23 16:02:01] [ERROR] Database connection failed: Connection refused
[2026-07-23 16:02:03] [INFO] System started successfully
[2026-07-23 16:02:06] [INFO] Handling user request for /api/v1/data
[2026-07-23 16:02:08] [INFO] Connection established to message queue
[2026-07-23 16:02:13] [ERROR] Invalid password provided for account admin
[2026-07-23 16:02:15] [INFO] Successfully processed background job #4912
[2026-07-23 16:02:16] [INFO] Connection established to message queue
[2026-07-23 16:02:18] [INFO] Connection established to message queue
[2026-07-23 16:02:19] [INFO] Handling user request for /api/v1/data
[2026-07-23 16:02:23] [INFO] Successfully processed background job #4912
[2026-07-23 16:02:26] [INFO] System started successfully
[2026-07-23 16:02:29] [INFO] Cache hit for key user_profile_123
[2026-07-23 16:02:34] [INFO] System started successfully
[2026-07-23 16:02:34] [INFO] Cache hit for key user_profile_123
[2026-07-23 16:02:39] [INFO] Connection established to message queue
[2026-07-23 16:02:43] [DEBUG] Session token refreshed
[2026-07-23 16:02:46] [INFO] User admin logged in from 192.168.1.100
[2026-07-23 16:02:47] [INFO] System started successfully
[2026-07-23 16:02:48] [INFO] Handling user request for /api/v1/data
[2026-07-23 16:02:48] [INFO] Cache hit for key user_profile_123
[2026-07-23 16:02:52] [INFO] Cache hit for key user_profile_123
[2026-07-23 16:02:53] [INFO] User admin logged in from 192.168.1.100
[2026-07-23 16:02:58] [INFO] Cache hit for key user_profile_123
[2026-07-23 16:02:59] [INFO] Cache hit for key user_profile_123
[2026-07-23 16:03:01] [INFO] Handling user request for /api/v1/data
[2026-07-23 16:03:05] [DEBUG] Parsing JSON payload
[2026-07-23 16:03:10] [INFO] Cache hit for key user_profile_123
[2026-07-23 16:03:14] [INFO] Successfully processed background job #4912
[2026-07-23 16:03:18] [WARNING] High memory usage detected (85%)
[2026-07-23 16:03:22] [INFO] Successfully processed background job #4912
[2026-07-23 16:03:25] [INFO] System started successfully
[2026-07-23 16:03:26] [WARNING] Rate limit approaching for IP 10.0.0.55
[2026-07-23 16:03:31] [INFO] Successfully processed background job #4912
[2026-07-23 16:03:34] [DEBUG] Fetching row 4021 from database
[2026-07-23 16:03:35] [INFO] Connection established to message queue
[2026-07-23 16:03:40] [WARNING] Deprecated API usage detected in legacy_module.py
[2026-07-23 16:03:44] [CRITICAL] Service crashed with exit code 137
[2026-07-23 16:03:47] [INFO] Handling user request for /api/v1/data
[2026-07-23 16:03:52] [INFO] Successfully processed background job #4912
[2026-07-23 16:03:54] [INFO] Connection established to message queue
[2026-07-23 16:03:54] [DEBUG] Fetching row 4021 from database
[2026-07-23 16:03:55] [INFO] Connection established to message queue
[2026-07-23 16:03:58] [INFO] Cache hit for key user_profile_123
[2026-07-23 16:04:01] [INFO] System started successfully
[2026-07-23 16:04:06] [INFO] Connection established to message queue
[2026-07-23 16:04:07] [INFO] Successfully processed background job #4912
[2026-07-23 16:04:10] [INFO] User admin logged in from 192.168.1.100
[2026-07-23 16:04:14] [DEBUG] Initializing cache manager
[2026-07-23 16:04:17] [DEBUG] Fetching row 4021 from database
[2026-07-23 16:04:20] [WARNING] Rate limit approaching for IP 10.0.0.55
[2026-07-23 16:04:23] [DEBUG] Parsing JSON payload
[2026-07-23 16:04:27] [INFO] Connection established to message queue
[2026-07-23 16:04:27] [INFO] Connection established to message queue
[2026-07-23 16:04:28] [INFO] User admin logged in from 192.168.1.100
[2026-07-23 16:04:31] [DEBUG] Session token refreshed
[2026-07-23 16:04:32] [INFO] User admin logged in from 192.168.1.100
[2026-07-23 16:04:35] [INFO] Connection established to message queue
[2026-07-23 16:04:38] [INFO] Connection established to message queue
[2026-07-23 16:04:42] [ERROR] Database connection failed: Connection refused
[2026-07-23 16:04:43] [INFO] Handling user request for /api/v1/data
[2026-07-23 16:04:46] [INFO] Cache hit for key user_profile_123
[2026-07-23 16:04:48] [INFO] Successfully processed background job #4912
[2026-07-23 16:04:48] [INFO] Successfully processed background job #4912
[2026-07-23 16:04:52] [INFO] System started successfully
[2026-07-23 16:04:53] [INFO] Connection established to message queue
[2026-07-23 16:04:57] [INFO] Successfully processed background job #4912
[2026-07-23 16:04:58] [INFO] Handling user request for /api/v1/data
[2026-07-23 16:05:01] [INFO] User admin logged in from 192.168.1.100
[2026-07-23 16:05:03] [INFO] Connection established to message queue
[2026-07-23 16:05:05] [DEBUG] Initializing cache manager
[2026-07-23 16:05:09] [INFO] Successfully processed background job #4912
[2026-07-23 16:05:13] [INFO] System started successfully
[2026-07-23 16:05:15] [INFO] Cache hit for key user_profile_123
[2026-07-23 16:05:20] [INFO] Successfully processed background job #4912
[2026-07-23 16:05:22] [INFO] User admin logged in from 192.168.1.100
[2026-07-23 16:05:25] [INFO] Handling user request for /api/v1/data
[2026-07-23 16:05:29] [INFO] System started successfully
[2026-07-23 16:05:30] [ERROR] Authentication failed for user guest
[2026-07-23 16:05:34] [INFO] System started successfully
[2026-07-23 16:05:37] [INFO] Handling user request for /api/v1/data
[2026-07-23 16:05:41] [INFO] Successfully processed background job #4912
[2026-07-23 16:05:41] [INFO] Connection established to message queue
[2026-07-23 16:05:42] [INFO] Connection established to message queue
[2026-07-23 16:05:47] [INFO] Successfully processed background job #4912
[2026-07-23 16:05:48] [INFO] Connection established to message queue
[2026-07-23 16:05:49] [INFO] Handling user request for /api/v1/data
[2026-07-23 16:05:52] [INFO] Handling user request for /api/v1/data
[2026-07-23 16:05:55] [INFO] Handling user request for /api/v1/data
[2026-07-23 16:05:56] [INFO] Cache hit for key user_profile_123
[2026-07-23 16:05:57] [INFO] Connection established to message queue
[2026-07-23 16:05:59] [WARNING] High memory usage detected (85%)
[2026-07-23 16:06:02] [INFO] Successfully processed background job #4912
[2026-07-23 16:06:07] [WARNING] Rate limit approaching for IP 10.0.0.55
[2026-07-23 16:06:11] [WARNING] High memory usage detected (85%)
[2026-07-23 16:06:16] [INFO] Connection established to message queue
[2026-07-23 16:06:20] [INFO] Cache hit for key user_profile_123
[2026-07-23 16:06:23] [INFO] System started successfully
[2026-07-23 16:06:25] [DEBUG] Parsing JSON payload
[2026-07-23 16:06:27] [DEBUG] Initializing cache manager
[2026-07-23 16:06:32] [ERROR] Authentication failed for user guest
[2026-07-23 16:06:37] [DEBUG] Fetching row 4021 from database
[2026-07-23 16:06:39] [ERROR] MySQL Error: Deadlock found when trying to get lock
[2026-07-23 16:06:42] [INFO] Handling user request for /api/v1/data
[2026-07-23 16:06:44] [INFO] Cache hit for key user_profile_123
[2026-07-23 16:06:46] [INFO] Connection established to message queue
[2026-07-23 16:06:50] [CRITICAL] Service crashed with exit code 137
[2026-07-23 16:06:54] [INFO] Handling user request for /api/v1/data
[2026-07-23 16:06:55] [INFO] Cache hit for key user_profile_123
[2026-07-23 16:06:55] [INFO] Connection established to message queue
[2026-07-23 16:07:00] [INFO] Successfully processed background job #4912
[2026-07-23 16:07:04] [DEBUG] Session token refreshed
[2026-07-23 16:07:07] [INFO] Cache hit for key user_profile_123
[2026-07-23 16:07:10] [INFO] Handling user request for /api/v1/data
[2026-07-23 16:07:12] [INFO] Cache hit for key user_profile_123
[2026-07-23 16:07:14] [INFO] Connection established to message queue
[2026-07-23 16:07:18] [INFO] Connection established to message queue
[2026-07-23 16:07:19] [INFO] System started successfully
[2026-07-23 16:07:19] [INFO] Successfully processed background job #4912
[2026-07-23 16:07:20] [INFO] User admin logged in from 192.168.1.100
[2026-07-23 16:07:22] [DEBUG] Parsing JSON payload
[2026-07-23 16:07:24] [INFO] User admin logged in from 192.168.1.100
[2026-07-23 16:07:27] [INFO] Cache hit for key user_profile_123
[2026-07-23 16:07:28] [INFO] System started successfully
[2026-07-23 16:07:31] [INFO] Handling user request for /api/v1/data
[2026-07-23 16:07:35] [INFO] Successfully processed background job #4912
[2026-07-23 16:07:36] [DEBUG] Initializing cache manager
[2026-07-23 16:07:37] [INFO] System started successfully
[2026-07-23 16:07:40] [DEBUG] Parsing JSON payload
[2026-07-23 16:07:45] [INFO] Successfully processed background job #4912
[2026-07-23 16:07:45] [ERROR] MySQL Error: Deadlock found when trying to get lock
[2026-07-23 16:07:49] [INFO] Connection established to message queue
[2026-07-23 16:07:53] [INFO] System started successfully
[2026-07-23 16:07:56] [INFO] Successfully processed background job #4912
[2026-07-23 16:07:59] [ERROR] Authentication failed for user guest
[2026-07-23 16:08:01] [DEBUG] Fetching row 4021 from database
[2026-07-23 16:08:03] [INFO] System started successfully
[2026-07-23 16:08:03] [WARNING] Rate limit approaching for IP 10.0.0.55
[2026-07-23 16:08:06] [DEBUG] Initializing cache manager
[2026-07-23 16:08:08] [INFO] Cache hit for key user_profile_123
[2026-07-23 16:08:11] [DEBUG] Parsing JSON payload
[2026-07-23 16:08:16] [DEBUG] Fetching row 4021 from database
[2026-07-23 16:08:18] [INFO] Successfully processed background job #4912
[2026-07-23 16:08:21] [DEBUG] Fetching row 4021 from database
[2026-07-23 16:08:22] [INFO] System started successfully
[2026-07-23 16:08:22] [DEBUG] Parsing JSON payload
[2026-07-23 16:08:26] [INFO] Handling user request for /api/v1/data
[2026-07-23 16:08:27] [INFO] Handling user request for /api/v1/data
[2026-07-23 16:08:27] [INFO] Connection established to message queue
[2026-07-23 16:08:31] [INFO] Handling user request for /api/v1/data
[2026-07-23 16:08:31] [ERROR] Database connection failed: Connection refused
[2026-07-23 16:08:33] [DEBUG] Fetching row 4021 from database
[2026-07-23 16:08:35] [INFO] System started successfully
[2026-07-23 16:08:37] [INFO] Connection established to message queue
[2026-07-23 16:08:40] [INFO] Successfully processed background job #4912
[2026-07-23 16:08:40] [INFO] Successfully processed background job #4912
[2026-07-23 16:08:45] [DEBUG] Initializing cache manager
[2026-07-23 16:08:45] [INFO] Cache hit for key user_profile_123
[2026-07-23 16:08:50] [INFO] Cache hit for key user_profile_123
[2026-07-23 16:08:51] [INFO] User admin logged in from 192.168.1.100
[2026-07-23 16:08:52] [INFO] Successfully processed background job #4912
[2026-07-23 16:08:57] [INFO] Connection established to message queue
[2026-07-23 16:08:57] [INFO] Successfully processed background job #4912
[2026-07-23 16:08:59] [DEBUG] Initializing cache manager
[2026-07-23 16:09:02] [INFO] Handling user request for /api/v1/data
[2026-07-23 16:09:02] [DEBUG] Session token refreshed
[2026-07-23 16:09:04] [WARNING] Rate limit approaching for IP 10.0.0.55
[2026-07-23 16:09:06] [INFO] Connection established to message queue
[2026-07-23 16:09:09] [DEBUG] Fetching row 4021 from database
[2026-07-23 16:09:10] [INFO] Connection established to message queue
[2026-07-23 16:09:11] [INFO] Handling user request for /api/v1/data
[2026-07-23 16:09:12] [WARNING] Deprecated API usage detected in legacy_module.py
[2026-07-23 16:09:16] [WARNING] Rate limit approaching for IP 10.0.0.55
[2026-07-23 16:09:17] [DEBUG] Initializing cache manager
[2026-07-23 16:09:22] [WARNING] High memory usage detected (85%)
[2026-07-23 16:09:23] [INFO] Successfully processed background job #4912
[2026-07-23 16:09:26] [INFO] Cache hit for key user_profile_123
[2026-07-23 16:09:28] [INFO] User admin logged in from 192.168.1.100
[2026-07-23 16:09:30] [INFO] Handling user request for /api/v1/data
[2026-07-23 16:09:32] [INFO] System started successfully
[2026-07-23 16:09:33] [WARNING] Deprecated API usage detected in legacy_module.py
[2026-07-23 16:09:37] [INFO] System started successfully
[2026-07-23 16:09:39] [INFO] System started successfully
[2026-07-23 16:09:41] [INFO] User admin logged in from 192.168.1.100
[2026-07-23 16:09:43] [DEBUG] Parsing JSON payload
[2026-07-23 16:09:44] [ERROR] NullPointerException in DataProcessor class
[2026-07-23 16:09:45] [INFO] System started successfully
[2026-07-23 16:09:48] [INFO] Connection established to message queue
[2026-07-23 16:09:51] [INFO] Successfully processed background job #4912
[2026-07-23 16:09:53] [INFO] Successfully processed background job #4912
[2026-07-23 16:09:56] [INFO] User admin logged in from 192.168.1.100
[2026-07-23 16:09:59] [INFO] User admin logged in from 192.168.1.100
[2026-07-23 16:10:00] [INFO] Connection established to message queue
[2026-07-23 16:10:02] [INFO] Cache hit for key user_profile_123
[2026-07-23 16:10:07] [INFO] User admin logged in from 192.168.1.100
[2026-07-23 16:10:11] [INFO] System started successfully
[2026-07-23 16:10:12] [INFO] Handling user request for /api/v1/data
[2026-07-23 16:10:15] [DEBUG] Session token refreshed
[2026-07-23 16:10:17] [INFO] System started successfully
[2026-07-23 16:10:20] [INFO] Successfully processed background job #4912
[2026-07-23 16:10:24] [INFO] Successfully processed background job #4912
[2026-07-23 16:10:26] [INFO] Cache hit for key user_profile_123
[2026-07-23 16:10:26] [INFO] User admin logged in from 192.168.1.100
[2026-07-23 16:10:28] [INFO] System started successfully
[2026-07-23 16:10:30] [INFO] System started successfully
[2026-07-23 16:10:34] [INFO] Connection established to message queue
[2026-07-23 16:10:37] [INFO] Connection established to message queue
[2026-07-23 16:10:38] [INFO] Handling user request for /api/v1/data
[2026-07-23 16:10:39] [INFO] Handling user request for /api/v1/data
[2026-07-23 16:10:39] [DEBUG] Session token refreshed
[2026-07-23 16:10:43] [INFO] System started successfully
[2026-07-23 16:10:44] [INFO] Cache hit for key user_profile_123
[2026-07-23 16:10:47] [INFO] System started successfully
[2026-07-23 16:10:49] [INFO] System started successfully
[2026-07-23 16:10:52] [INFO] User admin logged in from 192.168.1.100
[2026-07-23 16:10:55] [INFO] System started successfully
[2026-07-23 16:10:56] [INFO] User admin logged in from 192.168.1.100
[2026-07-23 16:10:59] [INFO] Cache hit for key user_profile_123
[2026-07-23 16:11:01] [INFO] System started successfully
[2026-07-23 16:11:01] [INFO] User admin logged in from 192.168.1.100
[2026-07-23 16:11:02] [INFO] Cache hit for key user_profile_123
[2026-07-23 16:11:05] [INFO] Successfully processed background job #4912
[2026-07-23 16:11:05] [DEBUG] Initializing cache manager
[2026-07-23 16:11:09] [INFO] System started successfully
[2026-07-23 16:11:11] [ERROR] MySQL Error: Deadlock found when trying to get lock
[2026-07-23 16:11:13] [CRITICAL] Timeout while waiting for external service after 30000ms
[2026-07-23 16:11:17] [DEBUG] Fetching row 4021 from database
[2026-07-23 16:11:18] [INFO] Handling user request for /api/v1/data
[2026-07-23 16:11:21] [INFO] User admin logged in from 192.168.1.100
[2026-07-23 16:11:23] [INFO] Connection established to message queue
[2026-07-23 16:11:24] [DEBUG] Session token refreshed
[2026-07-23 16:11:27] [DEBUG] Initializing cache manager
[2026-07-23 16:11:28] [ERROR] Authentication failed for user guest
[2026-07-23 16:11:29] [INFO] Successfully processed background job #4912
[2026-07-23 16:11:31] [INFO] System started successfully
[2026-07-23 16:11:32] [INFO] User admin logged in from 192.168.1.100
[2026-07-23 16:11:32] [INFO] Connection established to message queue
[2026-07-23 16:11:33] [WARNING] Deprecated API usage detected in legacy_module.py
[2026-07-23 16:11:33] [INFO] Cache hit for key user_profile_123
[2026-07-23 16:11:35] [WARNING] Rate limit approaching for IP 10.0.0.55
[2026-07-23 16:11:38] [INFO] User admin logged in from 192.168.1.100
[2026-07-23 16:11:39] [DEBUG] Parsing JSON payload
[2026-07-23 16:11:43] [DEBUG] Parsing JSON payload
[2026-07-23 16:11:44] [DEBUG] Parsing JSON payload
[2026-07-23 16:11:49] [INFO] Successfully processed background job #4912
[2026-07-23 16:11:50] [INFO] Cache hit for key user_profile_123
[2026-07-23 16:11:51] [INFO] Cache hit for key user_profile_123
[2026-07-23 16:11:54] [DEBUG] Initializing cache manager
[2026-07-23 16:11:58] [INFO] Connection established to message queue
[2026-07-23 16:12:00] [INFO] Cache hit for key user_profile_123
[2026-07-23 16:12:01] [INFO] Connection established to message queue
[2026-07-23 16:12:02] [INFO] Cache hit for key user_profile_123
[2026-07-23 16:12:06] [INFO] User admin logged in from 192.168.1.100
[2026-07-23 16:12:10] [INFO] Handling user request for /api/v1/data
[2026-07-23 16:12:13] [INFO] System started successfully
[2026-07-23 16:12:18] [ERROR] MySQL Error: Deadlock found when trying to get lock
[2026-07-23 16:12:22] [INFO] Cache hit for key user_profile_123
[2026-07-23 16:12:23] [INFO] User admin logged in from 192.168.1.100
[2026-07-23 16:12:26] [INFO] User admin logged in from 192.168.1.100
[2026-07-23 16:12:31] [INFO] System started successfully
[2026-07-23 16:12:31] [INFO] Connection established to message queue
[2026-07-23 16:12:34] [ERROR] NullPointerException in DataProcessor class
[2026-07-23 16:12:36] [INFO] Connection established to message queue
[2026-07-23 16:12:39] [INFO] Cache hit for key user_profile_123
[2026-07-23 16:12:40] [INFO] User admin logged in from 192.168.1.100
[2026-07-23 16:12:40] [INFO] User admin logged in from 192.168.1.100
[2026-07-23 16:12:44] [INFO] System started successfully
[2026-07-23 16:12:48] [INFO] Handling user request for /api/v1/data
[2026-07-23 16:12:52] [INFO] Connection established to message queue
[2026-07-23 16:12:55] [INFO] System started successfully
[2026-07-23 16:12:58] [INFO] Handling user request for /api/v1/data
[2026-07-23 16:13:03] [INFO] Connection established to message queue
[2026-07-23 16:13:04] [DEBUG] Session token refreshed
[2026-07-23 16:13:09] [INFO] Cache hit for key user_profile_123
[2026-07-23 16:13:13] [INFO] Successfully processed background job #4912
[2026-07-23 16:13:15] [ERROR] MySQL Error: Deadlock found when trying to get lock
[2026-07-23 16:13:18] [INFO] Cache hit for key user_profile_123
[2026-07-23 16:13:19] [INFO] Cache hit for key user_profile_123
[2026-07-23 16:13:21] [ERROR] Database connection failed: Connection refused
[2026-07-23 16:13:22] [INFO] Connection established to message queue
[2026-07-23 16:13:26] [INFO] Connection established to message queue
[2026-07-23 16:13:26] [INFO] User admin logged in from 192.168.1.100
[2026-07-23 16:13:29] [DEBUG] Parsing JSON payload
[2026-07-23 16:13:32] [INFO] Handling user request for /api/v1/data
[2026-07-23 16:13:33] [INFO] System started successfully
[2026-07-23 16:13:37] [DEBUG] Fetching row 4021 from database
[2026-07-23 16:13:40] [INFO] User admin logged in from 192.168.1.100
[2026-07-23 16:13:45] [DEBUG] Fetching row 4021 from database
[2026-07-23 16:13:47] [DEBUG] Session token refreshed
[2026-07-23 16:13:48] [INFO] Connection established to message queue
[2026-07-23 16:13:48] [INFO] Connection established to message queue
[2026-07-23 16:13:53] [INFO] System started successfully
[2026-07-23 16:13:58] [INFO] Cache hit for key user_profile_123
[2026-07-23 16:13:58] [INFO] Connection established to message queue
[2026-07-23 16:14:02] [INFO] Cache hit for key user_profile_123
[2026-07-23 16:14:04] [DEBUG] Parsing JSON payload
[2026-07-23 16:14:09] [INFO] User admin logged in from 192.168.1.100
[2026-07-23 16:14:13] [INFO] Cache hit for key user_profile_123
[2026-07-23 16:14:16] [INFO] Cache hit for key user_profile_123
[2026-07-23 16:14:18] [INFO] Cache hit for key user_profile_123
[2026-07-23 16:14:22] [INFO] User admin logged in from 192.168.1.100
[2026-07-23 16:14:24] [INFO] User admin logged in from 192.168.1.100
[2026-07-23 16:14:28] [DEBUG] Fetching row 4021 from database
[2026-07-23 16:14:29] [WARNING] High memory usage detected (85%)
[2026-07-23 16:14:30] [DEBUG] Session token refreshed
[2026-07-23 16:14:34] [INFO] Handling user request for /api/v1/data
[2026-07-23 16:14:37] [INFO] Successfully processed background job #4912
[2026-07-23 16:14:42] [WARNING] Rate limit approaching for IP 10.0.0.55
[2026-07-23 16:14:45] [INFO] System started successfully
[2026-07-23 16:14:50] [INFO] Successfully processed background job #4912
[2026-07-23 16:14:54] [INFO] User admin logged in from 192.168.1.100
[2026-07-23 16:14:56] [DEBUG] Parsing JSON payload
[2026-07-23 16:15:01] [INFO] Connection established to message queue
[2026-07-23 16:15:01] [INFO] Connection established to message queue
[2026-07-23 16:15:04] [INFO] Cache hit for key user_profile_123
[2026-07-23 16:15:09] [INFO] Handling user request for /api/v1/data
[2026-07-23 16:15:10] [INFO] Successfully processed background job #4912
[2026-07-23 16:15:12] [INFO] Successfully processed background job #4912
[2026-07-23 16:15:16] [INFO] Cache hit for key user_profile_123
[2026-07-23 16:15:19] [INFO] User admin logged in from 192.168.1.100
[2026-07-23 16:15:20] [DEBUG] Initializing cache manager
[2026-07-23 16:15:23] [INFO] Successfully processed background job #4912
[2026-07-23 16:15:24] [INFO] Successfully processed background job #4912
[2026-07-23 16:15:25] [INFO] Cache hit for key user_profile_123
[2026-07-23 16:15:26] [INFO] Handling user request for /api/v1/data
[2026-07-23 16:15:27] [INFO] System started successfully
[2026-07-23 16:15:28] [INFO] Handling user request for /api/v1/data
[2026-07-23 16:15:32] [INFO] Handling user request for /api/v1/data
[2026-07-23 16:15:34] [DEBUG] Session token refreshed
[2026-07-23 16:15:36] [INFO] Connection established to message queue
[2026-07-23 16:15:40] [INFO] Cache hit for key user_profile_123
[2026-07-23 16:15:44] [INFO] System started successfully
[2026-07-23 16:15:48] [WARNING] Deprecated API usage detected in legacy_module.py
[2026-07-23 16:15:52] [INFO] Cache hit for key user_profile_123
[2026-07-23 16:15:52] [INFO] Successfully processed background job #4912
[2026-07-23 16:15:54] [INFO] Cache hit for key user_profile_123
[2026-07-23 16:15:56] [INFO] Handling user request for /api/v1/data
[2026-07-23 16:15:58] [INFO] User admin logged in from 192.168.1.100
[2026-07-23 16:15:58] [WARNING] High memory usage detected (85%)
[2026-07-23 16:16:00] [DEBUG] Initializing cache manager
[2026-07-23 16:16:00] [INFO] Successfully processed background job #4912
[2026-07-23 16:16:02] [INFO] User admin logged in from 192.168.1.100
[2026-07-23 16:16:05] [WARNING] Rate limit approaching for IP 10.0.0.55
[2026-07-23 16:16:06] [INFO] User admin logged in from 192.168.1.100
[2026-07-23 16:16:09] [ERROR] MySQL Error: Deadlock found when trying to get lock
[2026-07-23 16:16:10] [WARNING] Rate limit approaching for IP 10.0.0.55
[2026-07-23 16:16:12] [INFO] Cache hit for key user_profile_123
[2026-07-23 16:16:13] [INFO] Cache hit for key user_profile_123
[2026-07-23 16:16:15] [DEBUG] Initializing cache manager
[2026-07-23 16:16:18] [INFO] Connection established to message queue
[2026-07-23 16:16:19] [INFO] Connection established to message queue
[2026-07-23 16:16:23] [INFO] User admin logged in from 192.168.1.100
[2026-07-23 16:16:25] [INFO] Connection established to message queue
[2026-07-23 16:16:26] [INFO] System started successfully
[2026-07-23 16:16:29] [INFO] Handling user request for /api/v1/data
[2026-07-23 16:16:29] [INFO] Successfully processed background job #4912
[2026-07-23 16:16:32] [INFO] User admin logged in from 192.168.1.100
[2026-07-23 16:16:36] [ERROR] NullPointerException in DataProcessor class
[2026-07-23 16:16:40] [DEBUG] Fetching row 4021 from database
[2026-07-23 16:16:41] [DEBUG] Fetching row 4021 from database
[2026-07-23 16:16:44] [INFO] Handling user request for /api/v1/data
[2026-07-23 16:16:45] [INFO] Connection established to message queue
[2026-07-23 16:16:48] [INFO] Cache hit for key user_profile_123
[2026-07-23 16:16:52] [INFO] Successfully processed background job #4912
[2026-07-23 16:16:56] [INFO] Connection established to message queue
[2026-07-23 16:16:56] [INFO] Successfully processed background job #4912
[2026-07-23 16:16:59] [INFO] Connection established to message queue
[2026-07-23 16:17:00] [INFO] Cache hit for key user_profile_123
[2026-07-23 16:17:04] [INFO] System started successfully
[2026-07-23 16:17:04] [INFO] System started successfully
[2026-07-23 16:17:04] [DEBUG] Session token refreshed
[2026-07-23 16:17:09] [INFO] Connection established to message queue
[2026-07-23 16:17:10] [DEBUG] Initializing cache manager
[2026-07-23 16:17:13] [INFO] Connection established to message queue
[2026-07-23 16:17:16] [INFO] Cache hit for key user_profile_123
[2026-07-23 16:17:19] [INFO] Connection established to message queue
[2026-07-23 16:17:21] [INFO] Cache hit for key user_profile_123
[2026-07-23 16:17:24] [INFO] Successfully processed background job #4912
[2026-07-23 16:17:24] [INFO] Successfully processed background job #4912
[2026-07-23 16:17:28] [INFO] Handling user request for /api/v1/data
[2026-07-23 16:17:31] [WARNING] Rate limit approaching for IP 10.0.0.55
[2026-07-23 16:17:33] [DEBUG] Parsing JSON payload
[2026-07-23 16:17:35] [INFO] Successfully processed background job #4912
[2026-07-23 16:17:39] [DEBUG] Parsing JSON payload
[2026-07-23 16:17:43] [DEBUG] Parsing JSON payload
[2026-07-23 16:17:47] [DEBUG] Parsing JSON payload
[2026-07-23 16:17:52] [INFO] Handling user request for /api/v1/data
[2026-07-23 16:17:55] [INFO] Connection established to message queue
[2026-07-23 16:17:57] [INFO] Successfully processed background job #4912
[2026-07-23 16:17:57] [WARNING] Rate limit approaching for IP 10.0.0.55
[2026-07-23 16:17:57] [WARNING] High memory usage detected (85%)
[2026-07-23 16:18:01] [INFO] Handling user request for /api/v1/data
[2026-07-23 16:18:03] [INFO] User admin logged in from 192.168.1.100
[2026-07-23 16:18:04] [INFO] User admin logged in from 192.168.1.100
[2026-07-23 16:18:04] [DEBUG] Initializing cache manager
[2026-07-23 16:18:09] [INFO] Successfully processed background job #4912
[2026-07-23 16:18:13] [INFO] Handling user request for /api/v1/data
[2026-07-23 16:18:18] [INFO] Handling user request for /api/v1/data
[2026-07-23 16:18:22] [INFO] Connection established to message queue
[2026-07-23 16:18:25] [INFO] Successfully processed background job #4912
[2026-07-23 16:18:28] [INFO] Connection established to message queue
[2026-07-23 16:18:30] [INFO] Successfully processed background job #4912
[2026-07-23 16:18:30] [INFO] Handling user request for /api/v1/data
[2026-07-23 16:18:35] [INFO] Cache hit for key user_profile_123
[2026-07-23 16:18:38] [INFO] Cache hit for key user_profile_123
[2026-07-23 16:18:41] [INFO] System started successfully
[2026-07-23 16:18:46] [INFO] Cache hit for key user_profile_123
[2026-07-23 16:18:46] [INFO] Connection established to message queue
[2026-07-23 16:18:51] [INFO] Cache hit for key user_profile_123
[2026-07-23 16:18:56] [WARNING] Deprecated API usage detected in legacy_module.py
[2026-07-23 16:18:57] [CRITICAL] Service crashed with exit code 137
[2026-07-23 16:18:57] [INFO] Handling user request for /api/v1/data
[2026-07-23 16:19:02] [INFO] Connection established to message queue
[2026-07-23 16:19:05] [INFO] Successfully processed background job #4912
[2026-07-23 16:19:09] [INFO] User admin logged in from 192.168.1.100
[2026-07-23 16:19:10] [INFO] User admin logged in from 192.168.1.100
[2026-07-23 16:19:14] [INFO] Connection established to message queue
[2026-07-23 16:19:17] [DEBUG] Initializing cache manager
[2026-07-23 16:19:21] [WARNING] High memory usage detected (85%)
[2026-07-23 16:19:22] [INFO] User admin logged in from 192.168.1.100
[2026-07-23 16:19:26] [INFO] Connection established to message queue
[2026-07-23 16:19:30] [INFO] Handling user request for /api/v1/data
[2026-07-23 16:19:32] [INFO] User admin logged in from 192.168.1.100
[2026-07-23 16:19:36] [INFO] Successfully processed background job #4912
[2026-07-23 16:19:37] [WARNING] High memory usage detected (85%)
[2026-07-23 16:19:42] [INFO] Connection established to message queue
[2026-07-23 16:19:43] [INFO] Connection established to message queue
[2026-07-23 16:19:44] [ERROR] Invalid password provided for account admin
[2026-07-23 16:19:48] [INFO] Connection established to message queue
[2026-07-23 16:19:50] [INFO] System started successfully
[2026-07-23 16:19:52] [INFO] User admin logged in from 192.168.1.100
[2026-07-23 16:19:57] [INFO] System started successfully
[2026-07-23 16:19:58] [WARNING] High memory usage detected (85%)
[2026-07-23 16:20:00] [INFO] System started successfully
[2026-07-23 16:20:00] [INFO] User admin logged in from 192.168.1.100
[2026-07-23 16:20:04] [ERROR] Database connection failed: Connection refused
[2026-07-23 16:20:07] [INFO] Successfully processed background job #4912
[2026-07-23 16:20:09] [DEBUG] Session token refreshed
[2026-07-23 16:20:12] [DEBUG] Parsing JSON payload
[2026-07-23 16:20:15] [WARNING] Deprecated API usage detected in legacy_module.py
[2026-07-23 16:20:19] [INFO] Successfully processed background job #4912
[2026-07-23 16:20:21] [INFO] User admin logged in from 192.168.1.100
[2026-07-23 16:20:26] [DEBUG] Fetching row 4021 from database
[2026-07-23 16:20:28] [INFO] System started successfully
[2026-07-23 16:20:31] [WARNING] Deprecated API usage detected in legacy_module.py
[2026-07-23 16:20:32] [INFO] Cache hit for key user_profile_123
[2026-07-23 16:20:34] [WARNING] Deprecated API usage detected in legacy_module.py
[2026-07-23 16:20:38] [INFO] Cache hit for key user_profile_123
[2026-07-23 16:20:40] [INFO] Successfully processed background job #4912
[2026-07-23 16:20:42] [INFO] Successfully processed background job #4912
[2026-07-23 16:20:45] [INFO] Connection established to message queue
[2026-07-23 16:20:45] [INFO] Successfully processed background job #4912
[2026-07-23 16:20:46] [INFO] Successfully processed background job #4912
[2026-07-23 16:20:48] [INFO] Connection established to message queue
[2026-07-23 16:20:52] [INFO] User admin logged in from 192.168.1.100
[2026-07-23 16:20:57] [INFO] Successfully processed background job #4912
[2026-07-23 16:20:59] [INFO] System started successfully
[2026-07-23 16:21:01] [INFO] System started successfully
[2026-07-23 16:21:02] [INFO] Connection established to message queue
[2026-07-23 16:21:04] [INFO] Cache hit for key user_profile_123
[2026-07-23 16:21:04] [INFO] Cache hit for key user_profile_123
[2026-07-23 16:21:05] [DEBUG] Fetching row 4021 from database
[2026-07-23 16:21:08] [INFO] System started successfully
[2026-07-23 16:21:12] [INFO] User admin logged in from 192.168.1.100
[2026-07-23 16:21:13] [INFO] Handling user request for /api/v1/data
[2026-07-23 16:21:16] [INFO] Cache hit for key user_profile_123
[2026-07-23 16:21:19] [INFO] Connection established to message queue
[2026-07-23 16:21:21] [INFO] System started successfully
[2026-07-23 16:21:22] [DEBUG] Parsing JSON payload
[2026-07-23 16:21:27] [INFO] Cache hit for key user_profile_123
[2026-07-23 16:21:31] [WARNING] Rate limit approaching for IP 10.0.0.55
[2026-07-23 16:21:34] [DEBUG] Parsing JSON payload
[2026-07-23 16:21:38] [INFO] Connection established to message queue
[2026-07-23 16:21:41] [INFO] Handling user request for /api/v1/data
[2026-07-23 16:21:41] [INFO] Cache hit for key user_profile_123
[2026-07-23 16:21:43] [WARNING] High memory usage detected (85%)
[2026-07-23 16:21:44] [INFO] User admin logged in from 192.168.1.100
[2026-07-23 16:21:44] [DEBUG] Initializing cache manager
[2026-07-23 16:21:48] [INFO] System started successfully
[2026-07-23 16:21:53] [INFO] Connection established to message queue
[2026-07-23 16:21:56] [INFO] Cache hit for key user_profile_123
[2026-07-23 16:21:58] [DEBUG] Session token refreshed
[2026-07-23 16:22:00] [DEBUG] Initializing cache manager
[2026-07-23 16:22:00] [INFO] Handling user request for /api/v1/data
[2026-07-23 16:22:05] [WARNING] Rate limit approaching for IP 10.0.0.55
[2026-07-23 16:22:06] [INFO] Connection established to message queue
[2026-07-23 16:22:11] [INFO] System started successfully
[2026-07-23 16:22:13] [WARNING] Rate limit approaching for IP 10.0.0.55
[2026-07-23 16:22:13] [DEBUG] Session token refreshed
[2026-07-23 16:22:17] [INFO] Handling user request for /api/v1/data
[2026-07-23 16:22:17] [DEBUG] Fetching row 4021 from database
[2026-07-23 16:22:21] [INFO] Cache hit for key user_profile_123
[2026-07-23 16:22:25] [DEBUG] Session token refreshed
[2026-07-23 16:22:25] [INFO] Successfully processed background job #4912
[2026-07-23 16:22:28] [INFO] Connection established to message queue
[2026-07-23 16:22:31] [INFO] User admin logged in from 192.168.1.100
[2026-07-23 16:22:35] [INFO] Successfully processed background job #4912
[2026-07-23 16:22:39] [INFO] System started successfully
[2026-07-23 16:22:43] [INFO] User admin logged in from 192.168.1.100
[2026-07-23 16:22:44] [INFO] Cache hit for key user_profile_123
[2026-07-23 16:22:47] [INFO] Handling user request for /api/v1/data
[2026-07-23 16:22:48] [DEBUG] Session token refreshed
[2026-07-23 16:22:51] [INFO] User admin logged in from 192.168.1.100
[2026-07-23 16:22:53] [ERROR] Database connection failed: Connection refused
[2026-07-23 16:22:57] [INFO] Successfully processed background job #4912
[2026-07-23 16:22:57] [DEBUG] Parsing JSON payload
[2026-07-23 16:23:00] [DEBUG] Parsing JSON payload
[2026-07-23 16:23:04] [INFO] Connection established to message queue
[2026-07-23 16:23:09] [INFO] Cache hit for key user_profile_123
[2026-07-23 16:23:12] [INFO] System started successfully
[2026-07-23 16:23:14] [DEBUG] Session token refreshed
[2026-07-23 16:23:17] [INFO] Connection established to message queue
[2026-07-23 16:23:21] [INFO] Handling user request for /api/v1/data
[2026-07-23 16:23:26] [DEBUG] Initializing cache manager
[2026-07-23 16:23:30] [DEBUG] Session token refreshed
[2026-07-23 16:23:34] [DEBUG] Parsing JSON payload
[2026-07-23 16:23:39] [INFO] Cache hit for key user_profile_123
[2026-07-23 16:23:42] [INFO] User admin logged in from 192.168.1.100
[2026-07-23 16:23:46] [INFO] Cache hit for key user_profile_123
[2026-07-23 16:23:50] [INFO] Connection established to message queue
[2026-07-23 16:23:54] [INFO] System started successfully
[2026-07-23 16:23:54] [INFO] Handling user request for /api/v1/data
[2026-07-23 16:23:58] [WARNING] Deprecated API usage detected in legacy_module.py
[2026-07-23 16:24:00] [INFO] System started successfully
[2026-07-23 16:24:05] [INFO] User admin logged in from 192.168.1.100
[2026-07-23 16:24:07] [ERROR] Authentication failed for user guest
[2026-07-23 16:24:11] [INFO] System started successfully
[2026-07-23 16:24:12] [INFO] System started successfully
[2026-07-23 16:24:15] [DEBUG] Session token refreshed
[2026-07-23 16:24:18] [INFO] Connection established to message queue
[2026-07-23 16:24:20] [WARNING] Rate limit approaching for IP 10.0.0.55
[2026-07-23 16:24:21] [WARNING] Deprecated API usage detected in legacy_module.py
[2026-07-23 16:24:26] [INFO] Connection established to message queue
[2026-07-23 16:24:27] [INFO] Cache hit for key user_profile_123
[2026-07-23 16:24:31] [INFO] Successfully processed background job #4912
[2026-07-23 16:24:34] [INFO] Successfully processed background job #4912
[2026-07-23 16:24:39] [INFO] System started successfully
[2026-07-23 16:24:40] [INFO] User admin logged in from 192.168.1.100
[2026-07-23 16:24:43] [INFO] Cache hit for key user_profile_123
[2026-07-23 16:24:44] [INFO] Handling user request for /api/v1/data
[2026-07-23 16:24:49] [INFO] Cache hit for key user_profile_123
[2026-07-23 16:24:52] [WARNING] Deprecated API usage detected in legacy_module.py
[2026-07-23 16:24:53] [INFO] Connection established to message queue
[2026-07-23 16:24:54] [DEBUG] Session token refreshed
[2026-07-23 16:24:56] [INFO] Successfully processed background job #4912
[2026-07-23 16:24:59] [INFO] Handling user request for /api/v1/data
[2026-07-23 16:25:00] [INFO] Successfully processed background job #4912
[2026-07-23 16:25:04] [INFO] Connection established to message queue
[2026-07-23 16:25:06] [DEBUG] Fetching row 4021 from database
[2026-07-23 16:25:07] [INFO] Connection established to message queue
[2026-07-23 16:25:08] [INFO] Successfully processed background job #4912
[2026-07-23 16:25:11] [INFO] Connection established to message queue
[2026-07-23 16:25:13] [DEBUG] Parsing JSON payload
[2026-07-23 16:25:17] [INFO] System started successfully
[2026-07-23 16:25:18] [ERROR] NullPointerException in DataProcessor class
[2026-07-23 16:25:21] [INFO] Cache hit for key user_profile_123
[2026-07-23 16:25:22] [DEBUG] Initializing cache manager
[2026-07-23 16:25:27] [INFO] User admin logged in from 192.168.1.100
[2026-07-23 16:25:27] [INFO] Cache hit for key user_profile_123
[2026-07-23 16:25:32] [INFO] Connection established to message queue
[2026-07-23 16:25:34] [INFO] Cache hit for key user_profile_123
[2026-07-23 16:25:35] [INFO] User admin logged in from 192.168.1.100
[2026-07-23 16:25:40] [INFO] Handling user request for /api/v1/data
[2026-07-23 16:25:42] [ERROR] Invalid password provided for account admin
[2026-07-23 16:25:45] [INFO] Handling user request for /api/v1/data
[2026-07-23 16:25:47] [INFO] Connection established to message queue
[2026-07-23 16:25:49] [INFO] System started successfully
[2026-07-23 16:25:51] [INFO] User admin logged in from 192.168.1.100
[2026-07-23 16:25:56] [WARNING] High memory usage detected (85%)
[2026-07-23 16:26:00] [INFO] Handling user request for /api/v1/data
[2026-07-23 16:26:03] [INFO] Connection established to message queue
[2026-07-23 16:26:07] [INFO] Handling user request for /api/v1/data
[2026-07-23 16:26:08] [INFO] Connection established to message queue
[2026-07-23 16:26:12] [INFO] Cache hit for key user_profile_123
[2026-07-23 16:26:13] [INFO] Cache hit for key user_profile_123
[2026-07-23 16:26:13] [DEBUG] Initializing cache manager
[2026-07-23 16:26:18] [DEBUG] Session token refreshed
[2026-07-23 16:26:21] [INFO] User admin logged in from 192.168.1.100
[2026-07-23 16:26:22] [INFO] Cache hit for key user_profile_123
[2026-07-23 16:26:25] [WARNING] Deprecated API usage detected in legacy_module.py
[2026-07-23 16:26:28] [INFO] Successfully processed background job #4912
[2026-07-23 16:26:33] [ERROR] Database connection failed: Connection refused
[2026-07-23 16:26:33] [INFO] User admin logged in from 192.168.1.100
[2026-07-23 16:26:37] [INFO] Successfully processed background job #4912
[2026-07-23 16:26:41] [INFO] Cache hit for key user_profile_123
[2026-07-23 16:26:44] [INFO] Connection established to message queue
[2026-07-23 16:26:44] [WARNING] Rate limit approaching for IP 10.0.0.55
[2026-07-23 16:26:46] [INFO] Successfully processed background job #4912
[2026-07-23 16:26:50] [INFO] Connection established to message queue
[2026-07-23 16:26:50] [INFO] Cache hit for key user_profile_123
[2026-07-23 16:26:52] [DEBUG] Parsing JSON payload
[2026-07-23 16:26:54] [ERROR] Invalid password provided for account admin
[2026-07-23 16:26:58] [WARNING] Rate limit approaching for IP 10.0.0.55
[2026-07-23 16:27:02] [DEBUG] Session token refreshed
[2026-07-23 16:27:04] [CRITICAL] Disk space exhausted on /var/log
[2026-07-23 16:27:07] [INFO] Connection established to message queue
[2026-07-23 16:27:10] [WARNING] Rate limit approaching for IP 10.0.0.55
[2026-07-23 16:27:11] [ERROR] NullPointerException in DataProcessor class
[2026-07-23 16:27:12] [INFO] Successfully processed background job #4912
[2026-07-23 16:27:14] [DEBUG] Initializing cache manager
[2026-07-23 16:27:17] [INFO] Connection established to message queue
[2026-07-23 16:27:20] [INFO] Connection established to message queue
[2026-07-23 16:27:22] [INFO] Handling user request for /api/v1/data
[2026-07-23 16:27:27] [INFO] Successfully processed background job #4912
[2026-07-23 16:27:28] [INFO] Cache hit for key user_profile_123
[2026-07-23 16:27:30] [INFO] System started successfully
[2026-07-23 16:27:34] [INFO] Connection established to message queue
[2026-07-23 16:27:39] [DEBUG] Initializing cache manager
[2026-07-23 16:27:41] [WARNING] Rate limit approaching for IP 10.0.0.55
[2026-07-23 16:27:44] [INFO] User admin logged in from 192.168.1.100
[2026-07-23 16:27:47] [INFO] System started successfully
[2026-07-23 16:27:50] [INFO] Successfully processed background job #4912
[2026-07-23 16:27:54] [INFO] User admin logged in from 192.168.1.100
[2026-07-23 16:27:58] [WARNING] High memory usage detected (85%)
[2026-07-23 16:28:00] [DEBUG] Initializing cache manager
[2026-07-23 16:28:01] [INFO] Cache hit for key user_profile_123
[2026-07-23 16:28:03] [INFO] Connection established to message queue
[2026-07-23 16:28:05] [INFO] Connection established to message queue
[2026-07-23 16:28:10] [DEBUG] Parsing JSON payload
[2026-07-23 16:28:15] [INFO] System started successfully
[2026-07-23 16:28:19] [DEBUG] Initializing cache manager
[2026-07-23 16:28:19] [ERROR] Authentication failed for user guest
[2026-07-23 16:28:19] [DEBUG] Session token refreshed
[2026-07-23 16:28:23] [DEBUG] Parsing JSON payload
[2026-07-23 16:28:27] [INFO] Handling user request for /api/v1/data
[2026-07-23 16:28:28] [INFO] Handling user request for /api/v1/data
[2026-07-23 16:28:31] [INFO] Successfully processed background job #4912
[2026-07-23 16:28:35] [INFO] Connection established to message queue
[2026-07-23 16:28:38] [INFO] Handling user request for /api/v1/data
[2026-07-23 16:28:39] [INFO] User admin logged in from 192.168.1.100
[2026-07-23 16:28:41] [INFO] Handling user request for /api/v1/data
[2026-07-23 16:28:43] [INFO] Cache hit for key user_profile_123
[2026-07-23 16:28:47] [INFO] Cache hit for key user_profile_123
[2026-07-23 16:28:49] [DEBUG] Fetching row 4021 from database
[2026-07-23 16:28:54] [DEBUG] Fetching row 4021 from database
[2026-07-23 16:28:56] [INFO] User admin logged in from 192.168.1.100
[2026-07-23 16:29:00] [INFO] Connection established to message queue
[2026-07-23 16:29:03] [INFO] System started successfully
[2026-07-23 16:29:08] [INFO] Successfully processed background job #4912
[2026-07-23 16:29:11] [INFO] Handling user request for /api/v1/data
[2026-07-23 16:29:14] [INFO] Cache hit for key user_profile_123
[2026-07-23 16:29:14] [INFO] Connection established to message queue
[2026-07-23 16:29:18] [DEBUG] Parsing JSON payload
[2026-07-23 16:29:19] [ERROR] Database connection failed: Connection refused
[2026-07-23 16:29:22] [INFO] Cache hit for key user_profile_123
[2026-07-23 16:29:24] [INFO] System started successfully
[2026-07-23 16:29:28] [WARNING] Deprecated API usage detected in legacy_module.py
[2026-07-23 16:29:29] [INFO] User admin logged in from 192.168.1.100
[2026-07-23 16:29:32] [INFO] Handling user request for /api/v1/data
[2026-07-23 16:29:35] [INFO] Cache hit for key user_profile_123
[2026-07-23 16:29:36] [INFO] Cache hit for key user_profile_123
[2026-07-23 16:29:38] [INFO] Cache hit for key user_profile_123
[2026-07-23 16:29:39] [INFO] Connection established to message queue
[2026-07-23 16:29:41] [DEBUG] Fetching row 4021 from database
[2026-07-23 16:29:43] [INFO] Connection established to message queue
[2026-07-23 16:29:43] [INFO] Successfully processed background job #4912
[2026-07-23 16:29:47] [DEBUG] Parsing JSON payload
[2026-07-23 16:29:50] [DEBUG] Fetching row 4021 from database
[2026-07-23 16:29:54] [DEBUG] Session token refreshed
[2026-07-23 16:29:54] [DEBUG] Initializing cache manager
[2026-07-23 16:29:56] [INFO] System started successfully
[2026-07-23 16:29:57] [DEBUG] Session token refreshed
[2026-07-23 16:29:58] [WARNING] High memory usage detected (85%)
[2026-07-23 16:29:59] [INFO] Cache hit for key user_profile_123
[2026-07-23 16:30:04] [INFO] Handling user request for /api/v1/data
[2026-07-23 16:30:05] [INFO] System started successfully
[2026-07-23 16:30:10] [WARNING] Rate limit approaching for IP 10.0.0.55
[2026-07-23 16:30:12] [INFO] Handling user request for /api/v1/data
[2026-07-23 16:30:16] [CRITICAL] Service crashed with exit code 137
[2026-07-23 16:30:18] [INFO] Connection established to message queue
[2026-07-23 16:30:20] [WARNING] Rate limit approaching for IP 10.0.0.55
[2026-07-23 16:30:25] [DEBUG] Fetching row 4021 from database
[2026-07-23 16:30:27] [INFO] Handling user request for /api/v1/data
[2026-07-23 16:30:32] [INFO] Handling user request for /api/v1/data
[2026-07-23 16:30:35] [WARNING] Rate limit approaching for IP 10.0.0.55
[2026-07-23 16:30:36] [INFO] Cache hit for key user_profile_123
[2026-07-23 16:30:40] [INFO] Handling user request for /api/v1/data
[2026-07-23 16:30:43] [INFO] Successfully processed background job #4912
[2026-07-23 16:30:45] [INFO] User admin logged in from 192.168.1.100
[2026-07-23 16:30:48] [ERROR] Database connection failed: Connection refused
[2026-07-23 16:30:51] [DEBUG] Fetching row 4021 from database
[2026-07-23 16:30:56] [WARNING] Deprecated API usage detected in legacy_module.py
[2026-07-23 16:31:00] [INFO] Cache hit for key user_profile_123
[2026-07-23 16:31:01] [INFO] User admin logged in from 192.168.1.100
[2026-07-23 16:31:06] [INFO] Connection established to message queue
[2026-07-23 16:31:08] [INFO] Connection established to message queue
[2026-07-23 16:31:13] [INFO] Cache hit for key user_profile_123
[2026-07-23 16:31:13] [ERROR] Database connection failed: Connection refused
[2026-07-23 16:31:17] [INFO] Successfully processed background job #4912
[2026-07-23 16:31:18] [INFO] Connection established to message queue
[2026-07-23 16:31:20] [INFO] Handling user request for /api/v1/data
[2026-07-23 16:31:24] [INFO] Handling user request for /api/v1/data
[2026-07-23 16:31:28] [ERROR] Authentication failed for user guest
[2026-07-23 16:31:30] [DEBUG] Fetching row 4021 from database
[2026-07-23 16:31:31] [INFO] User admin logged in from 192.168.1.100
[2026-07-23 16:31:32] [INFO] System started successfully
[2026-07-23 16:31:32] [DEBUG] Fetching row 4021 from database
[2026-07-23 16:31:33] [INFO] Successfully processed background job #4912
[2026-07-23 16:31:34] [INFO] User admin logged in from 192.168.1.100
[2026-07-23 16:31:37] [INFO] Handling user request for /api/v1/data
[2026-07-23 16:31:37] [INFO] Handling user request for /api/v1/data
[2026-07-23 16:31:41] [DEBUG] Session token refreshed
[2026-07-23 16:31:43] [DEBUG] Fetching row 4021 from database
[2026-07-23 16:31:45] [INFO] User admin logged in from 192.168.1.100
[2026-07-23 16:31:49] [ERROR] MySQL Error: Deadlock found when trying to get lock
[2026-07-23 16:31:54] [INFO] User admin logged in from 192.168.1.100
[2026-07-23 16:31:58] [ERROR] Invalid password provided for account admin
[2026-07-23 16:31:59] [WARNING] Deprecated API usage detected in legacy_module.py
[2026-07-23 16:32:02] [WARNING] Rate limit approaching for IP 10.0.0.55
[2026-07-23 16:32:04] [INFO] Cache hit for key user_profile_123
[2026-07-23 16:32:07] [WARNING] High memory usage detected (85%)
[2026-07-23 16:32:09] [INFO] Connection established to message queue
[2026-07-23 16:32:10] [INFO] Handling user request for /api/v1/data
[2026-07-23 16:32:14] [INFO] Handling user request for /api/v1/data
[2026-07-23 16:32:18] [INFO] Successfully processed background job #4912
[2026-07-23 16:32:18] [INFO] Connection established to message queue
[2026-07-23 16:32:22] [INFO] Handling user request for /api/v1/data
[2026-07-23 16:32:23] [INFO] System started successfully
[2026-07-23 16:32:25] [INFO] Handling user request for /api/v1/data
[2026-07-23 16:32:30] [INFO] User admin logged in from 192.168.1.100
[2026-07-23 16:32:31] [INFO] Connection established to message queue
[2026-07-23 16:32:36] [CRITICAL] Service crashed with exit code 137
[2026-07-23 16:32:39] [INFO] Cache hit for key user_profile_123
[2026-07-23 16:32:42] [INFO] System started successfully
[2026-07-23 16:32:45] [INFO] User admin logged in from 192.168.1.100
[2026-07-23 16:32:48] [INFO] System started successfully
[2026-07-23 16:32:48] [INFO] Successfully processed background job #4912
[2026-07-23 16:32:51] [ERROR] Database connection failed: Connection refused
[2026-07-23 16:32:54] [INFO] Successfully processed background job #4912
[2026-07-23 16:32:55] [WARNING] Rate limit approaching for IP 10.0.0.55
[2026-07-23 16:32:58] [INFO] Connection established to message queue
[2026-07-23 16:33:02] [DEBUG] Fetching row 4021 from database
[2026-07-23 16:33:05] [ERROR] Authentication failed for user guest
[2026-07-23 16:33:09] [WARNING] Deprecated API usage detected in legacy_module.py
[2026-07-23 16:33:13] [INFO] Successfully processed background job #4912
[2026-07-23 16:33:18] [INFO] Connection established to message queue
[2026-07-23 16:33:19] [INFO] Connection established to message queue
[2026-07-23 16:33:23] [INFO] System started successfully
[2026-07-23 16:33:27] [INFO] Cache hit for key user_profile_123
[2026-07-23 16:33:30] [INFO] User admin logged in from 192.168.1.100
[2026-07-23 16:33:34] [INFO] Connection established to message queue
[2026-07-23 16:33:35] [INFO] Connection established to message queue
[2026-07-23 16:33:38] [INFO] System started successfully
[2026-07-23 16:33:40] [DEBUG] Initializing cache manager
[2026-07-23 16:33:43] [INFO] Successfully processed background job #4912
[2026-07-23 16:33:44] [INFO] Successfully processed background job #4912
[2026-07-23 16:33:48] [INFO] System started successfully
[2026-07-23 16:33:53] [INFO] Handling user request for /api/v1/data
[2026-07-23 16:33:53] [INFO] Cache hit for key user_profile_123
[2026-07-23 16:33:56] [INFO] Successfully processed background job #4912
[2026-07-23 16:34:00] [INFO] Handling user request for /api/v1/data
[2026-07-23 16:34:02] [DEBUG] Fetching row 4021 from database
[2026-07-23 16:34:03] [INFO] System started successfully
[2026-07-23 16:34:04] [INFO] System started successfully
[2026-07-23 16:34:08] [DEBUG] Session token refreshed
[2026-07-23 16:34:12] [DEBUG] Parsing JSON payload
[2026-07-23 16:34:15] [ERROR] Authentication failed for user guest
[2026-07-23 16:34:18] [INFO] System started successfully
[2026-07-23 16:34:21] [DEBUG] Initializing cache manager
[2026-07-23 16:34:23] [INFO] Cache hit for key user_profile_123
[2026-07-23 16:34:24] [INFO] Handling user request for /api/v1/data
[2026-07-23 16:34:26] [INFO] User admin logged in from 192.168.1.100
[2026-07-23 16:34:29] [INFO] Connection established to message queue
[2026-07-23 16:34:34] [INFO] Successfully processed background job #4912
[2026-07-23 16:34:37] [DEBUG] Fetching row 4021 from database
[2026-07-23 16:34:39] [INFO] Handling user request for /api/v1/data
[2026-07-23 16:34:42] [INFO] Handling user request for /api/v1/data
[2026-07-23 16:34:45] [INFO] Handling user request for /api/v1/data
[2026-07-23 16:34:48] [ERROR] Authentication failed for user guest
[2026-07-23 16:34:50] [DEBUG] Fetching row 4021 from database
[2026-07-23 16:34:53] [INFO] Cache hit for key user_profile_123
[2026-07-23 16:34:57] [INFO] System started successfully
[2026-07-23 16:35:00] [WARNING] Rate limit approaching for IP 10.0.0.55
[2026-07-23 16:35:00] [INFO] User admin logged in from 192.168.1.100
[2026-07-23 16:35:04] [INFO] System started successfully
[2026-07-23 16:35:05] [INFO] Handling user request for /api/v1/data
[2026-07-23 16:35:05] [INFO] System started successfully
[2026-07-23 16:35:07] [ERROR] MySQL Error: Deadlock found when trying to get lock
[2026-07-23 16:35:10] [DEBUG] Initializing cache manager
[2026-07-23 16:35:10] [INFO] Cache hit for key user_profile_123
[2026-07-23 16:35:12] [INFO] Connection established to message queue
[2026-07-23 16:35:16] [WARNING] Rate limit approaching for IP 10.0.0.55
[2026-07-23 16:35:18] [INFO] Connection established to message queue
[2026-07-23 16:35:22] [INFO] System started successfully
[2026-07-23 16:35:22] [INFO] Successfully processed background job #4912
[2026-07-23 16:35:23] [INFO] Connection established to message queue
[2026-07-23 16:35:24] [INFO] Successfully processed background job #4912
[2026-07-23 16:35:29] [INFO] Successfully processed background job #4912
[2026-07-23 16:35:32] [INFO] User admin logged in from 192.168.1.100
[2026-07-23 16:35:33] [INFO] System started successfully
[2026-07-23 16:35:34] [ERROR] NullPointerException in DataProcessor class
[2026-07-23 16:35:37] [INFO] System started successfully
[2026-07-23 16:35:41] [INFO] System started successfully
[2026-07-23 16:35:43] [WARNING] Rate limit approaching for IP 10.0.0.55
[2026-07-23 16:35:47] [INFO] Successfully processed background job #4912
[2026-07-23 16:35:52] [INFO] Successfully processed background job #4912
[2026-07-23 16:35:53] [DEBUG] Session token refreshed
[2026-07-23 16:35:55] [INFO] System started successfully
[2026-07-23 16:35:58] [INFO] Successfully processed background job #4912
[2026-07-23 16:36:02] [DEBUG] Fetching row 4021 from database
[2026-07-23 16:36:05] [INFO] Cache hit for key user_profile_123
[2026-07-23 16:36:06] [ERROR] NullPointerException in DataProcessor class
[2026-07-23 16:36:07] [INFO] Handling user request for /api/v1/data
[2026-07-23 16:36:11] [INFO] System started successfully
[2026-07-23 16:36:12] [INFO] Handling user request for /api/v1/data
[2026-07-23 16:36:12] [ERROR] NullPointerException in DataProcessor class
[2026-07-23 16:36:14] [WARNING] Deprecated API usage detected in legacy_module.py
[2026-07-23 16:36:19] [DEBUG] Session token refreshed
[2026-07-23 16:36:20] [INFO] Successfully processed background job #4912
[2026-07-23 16:36:21] [INFO] Successfully processed background job #4912
[2026-07-23 16:36:22] [INFO] User admin logged in from 192.168.1.100
[2026-07-23 16:36:23] [INFO] User admin logged in from 192.168.1.100
[2026-07-23 16:36:25] [INFO] Successfully processed background job #4912
[2026-07-23 16:36:30] [INFO] Successfully processed background job #4912
[2026-07-23 16:36:34] [INFO] Handling user request for /api/v1/data
[2026-07-23 16:36:36] [INFO] Cache hit for key user_profile_123
[2026-07-23 16:36:40] [ERROR] Database connection failed: Connection refused
[2026-07-23 16:36:43] [INFO] Handling user request for /api/v1/data
[2026-07-23 16:36:45] [INFO] System started successfully
[2026-07-23 16:36:50] [ERROR] Authentication failed for user guest
[2026-07-23 16:36:53] [INFO] Successfully processed background job #4912
[2026-07-23 16:36:56] [DEBUG] Initializing cache manager
[2026-07-23 16:36:58] [ERROR] Invalid password provided for account admin
[2026-07-23 16:36:59] [INFO] Connection established to message queue
[2026-07-23 16:36:59] [INFO] Cache hit for key user_profile_123
[2026-07-23 16:36:59] [INFO] Cache hit for key user_profile_123
[2026-07-23 16:37:02] [DEBUG] Parsing JSON payload
[2026-07-23 16:37:02] [INFO] Successfully processed background job #4912
[2026-07-23 16:37:07] [INFO] User admin logged in from 192.168.1.100
[2026-07-23 16:37:09] [INFO] Successfully processed background job #4912
[2026-07-23 16:37:13] [INFO] Successfully processed background job #4912
[2026-07-23 16:37:14] [WARNING] Rate limit approaching for IP 10.0.0.55
[2026-07-23 16:37:18] [INFO] Handling user request for /api/v1/data
[2026-07-23 16:37:20] [INFO] System started successfully
[2026-07-23 16:37:24] [WARNING] Deprecated API usage detected in legacy_module.py
[2026-07-23 16:37:27] [DEBUG] Initializing cache manager
[2026-07-23 16:37:32] [INFO] Handling user request for /api/v1/data
[2026-07-23 16:37:35] [INFO] User admin logged in from 192.168.1.100
[2026-07-23 16:37:36] [INFO] System started successfully
[2026-07-23 16:37:41] [INFO] System started successfully
[2026-07-23 16:37:42] [INFO] Successfully processed background job #4912
[2026-07-23 16:37:44] [INFO] Cache hit for key user_profile_123
[2026-07-23 16:37:45] [DEBUG] Initializing cache manager
[2026-07-23 16:37:47] [INFO] System started successfully
[2026-07-23 16:37:48] [INFO] Connection established to message queue
[2026-07-23 16:37:53] [INFO] Cache hit for key user_profile_123
[2026-07-23 16:37:54] [DEBUG] Parsing JSON payload
[2026-07-23 16:37:58] [INFO] Successfully processed background job #4912
[2026-07-23 16:38:00] [DEBUG] Parsing JSON payload
[2026-07-23 16:38:03] [DEBUG] Session token refreshed
[2026-07-23 16:38:06] [DEBUG] Session token refreshed
[2026-07-23 16:38:06] [INFO] User admin logged in from 192.168.1.100
[2026-07-23 16:38:08] [INFO] Cache hit for key user_profile_123
[2026-07-23 16:38:12] [INFO] Handling user request for /api/v1/data
[2026-07-23 16:38:17] [INFO] System started successfully
[2026-07-23 16:38:22] [INFO] Connection established to message queue
[2026-07-23 16:38:26] [INFO] Handling user request for /api/v1/data
[2026-07-23 16:38:31] [WARNING] Rate limit approaching for IP 10.0.0.55
[2026-07-23 16:38:36] [INFO] Handling user request for /api/v1/data
[2026-07-23 16:38:39] [DEBUG] Session token refreshed
[2026-07-23 16:38:42] [DEBUG] Parsing JSON payload
[2026-07-23 16:38:43] [INFO] Handling user request for /api/v1/data
[2026-07-23 16:38:45] [DEBUG] Parsing JSON payload
[2026-07-23 16:38:47] [INFO] System started successfully
[2026-07-23 16:38:49] [INFO] Handling user request for /api/v1/data
[2026-07-23 16:38:51] [CRITICAL] Disk space exhausted on /var/log
[2026-07-23 16:38:53] [DEBUG] Session token refreshed
[2026-07-23 16:38:57] [INFO] Handling user request for /api/v1/data
[2026-07-23 16:38:58] [INFO] Successfully processed background job #4912
[2026-07-23 16:39:01] [INFO] User admin logged in from 192.168.1.100
[2026-07-23 16:39:04] [INFO] Handling user request for /api/v1/data
[2026-07-23 16:39:08] [INFO] System started successfully
[2026-07-23 16:39:08] [INFO] System started successfully
[2026-07-23 16:39:09] [INFO] Handling user request for /api/v1/data
[2026-07-23 16:39:13] [INFO] Cache hit for key user_profile_123
[2026-07-23 16:39:17] [DEBUG] Session token refreshed
[2026-07-23 16:39:21] [WARNING] High memory usage detected (85%)
[2026-07-23 16:39:22] [INFO] Successfully processed background job #4912
[2026-07-23 16:39:24] [CRITICAL] Disk space exhausted on /var/log
[2026-07-23 16:39:25] [INFO] Cache hit for key user_profile_123
[2026-07-23 16:39:26] [INFO] Successfully processed background job #4912
[2026-07-23 16:39:29] [INFO] System started successfully
[2026-07-23 16:39:32] [INFO] Cache hit for key user_profile_123
[2026-07-23 16:39:37] [INFO] Connection established to message queue
[2026-07-23 16:39:39] [CRITICAL] Timeout while waiting for external service after 30000ms
[2026-07-23 16:39:40] [INFO] System started successfully
[2026-07-23 16:39:42] [INFO] System started successfully
[2026-07-23 16:39:42] [INFO] Handling user request for /api/v1/data
[2026-07-23 16:39:46] [WARNING] High memory usage detected (85%)
[2026-07-23 16:39:49] [INFO] System started successfully
[2026-07-23 16:39:50] [DEBUG] Initializing cache manager
[2026-07-23 16:39:54] [INFO] System started successfully
[2026-07-23 16:39:55] [DEBUG] Parsing JSON payload
[2026-07-23 16:39:56] [INFO] User admin logged in from 192.168.1.100
[2026-07-23 16:39:58] [INFO] Cache hit for key user_profile_123
[2026-07-23 16:39:59] [INFO] Cache hit for key user_profile_123
[2026-07-23 16:40:00] [INFO] Connection established to message queue
[2026-07-23 16:40:03] [INFO] Handling user request for /api/v1/data
[2026-07-23 16:40:05] [INFO] Connection established to message queue
[2026-07-23 16:40:09] [INFO] User admin logged in from 192.168.1.100
[2026-07-23 16:40:11] [ERROR] Database connection failed: Connection refused
[2026-07-23 16:40:13] [INFO] User admin logged in from 192.168.1.100
[2026-07-23 16:40:18] [INFO] User admin logged in from 192.168.1.100
[2026-07-23 16:40:22] [INFO] Cache hit for key user_profile_123
[2026-07-23 16:40:24] [DEBUG] Parsing JSON payload
[2026-07-23 16:40:26] [INFO] System started successfully
[2026-07-23 16:40:27] [DEBUG] Initializing cache manager
[2026-07-23 16:40:28] [INFO] Handling user request for /api/v1/data
[2026-07-23 16:40:30] [INFO] User admin logged in from 192.168.1.100
[2026-07-23 16:40:35] [INFO] Handling user request for /api/v1/data
[2026-07-23 16:40:35] [INFO] Successfully processed background job #4912
[2026-07-23 16:40:40] [INFO] User admin logged in from 192.168.1.100
[2026-07-23 16:40:40] [INFO] Connection established to message queue
[2026-07-23 16:40:43] [INFO] System started successfully
[2026-07-23 16:40:46] [WARNING] Deprecated API usage detected in legacy_module.py
[2026-07-23 16:40:48] [INFO] Successfully processed background job #4912
[2026-07-23 16:40:52] [INFO] User admin logged in from 192.168.1.100
[2026-07-23 16:40:55] [INFO] Successfully processed background job #4912
[2026-07-23 16:41:00] [INFO] Handling user request for /api/v1/data
[2026-07-23 16:41:00] [WARNING] Rate limit approaching for IP 10.0.0.55
[2026-07-23 16:41:01] [INFO] Cache hit for key user_profile_123
[2026-07-23 16:41:05] [INFO] System started successfully
[2026-07-23 16:41:10] [INFO] System started successfully
[2026-07-23 16:41:11] [INFO] Handling user request for /api/v1/data
[2026-07-23 16:41:14] [ERROR] Invalid password provided for account admin
[2026-07-23 16:41:18] [WARNING] Deprecated API usage detected in legacy_module.py
[2026-07-23 16:41:22] [DEBUG] Fetching row 4021 from database
[2026-07-23 16:41:22] [INFO] User admin logged in from 192.168.1.100
[2026-07-23 16:41:26] [WARNING] Rate limit approaching for IP 10.0.0.55
[2026-07-23 16:41:29] [INFO] System started successfully
[2026-07-23 16:41:30] [DEBUG] Fetching row 4021 from database
[2026-07-23 16:41:30] [INFO] Connection established to message queue
[2026-07-23 16:41:30] [INFO] Handling user request for /api/v1/data
[2026-07-23 16:41:33] [ERROR] MySQL Error: Deadlock found when trying to get lock
[2026-07-23 16:41:36] [INFO] User admin logged in from 192.168.1.100
[2026-07-23 16:41:41] [DEBUG] Session token refreshed
[2026-07-23 16:41:41] [INFO] Handling user request for /api/v1/data
[2026-07-23 16:41:44] [INFO] Handling user request for /api/v1/data
[2026-07-23 16:41:45] [INFO] Successfully processed background job #4912
[2026-07-23 16:41:49] [DEBUG] Session token refreshed
[2026-07-23 16:41:50] [DEBUG] Parsing JSON payload
[2026-07-23 16:41:51] [DEBUG] Initializing cache manager
[2026-07-23 16:41:55] [INFO] User admin logged in from 192.168.1.100
[2026-07-23 16:41:58] [ERROR] Invalid password provided for account admin
[2026-07-23 16:42:00] [DEBUG] Parsing JSON payload
[2026-07-23 16:42:00] [INFO] Connection established to message queue
[2026-07-23 16:42:02] [INFO] Successfully processed background job #4912
[2026-07-23 16:42:07] [WARNING] Rate limit approaching for IP 10.0.0.55
[2026-07-23 16:42:11] [INFO] Connection established to message queue
[2026-07-23 16:42:15] [INFO] Handling user request for /api/v1/data
[2026-07-23 16:42:18] [DEBUG] Fetching row 4021 from database
[2026-07-23 16:42:23] [INFO] Handling user request for /api/v1/data
[2026-07-23 16:42:28] [INFO] Successfully processed background job #4912
[2026-07-23 16:42:32] [INFO] Successfully processed background job #4912
[2026-07-23 16:42:35] [INFO] User admin logged in from 192.168.1.100
[2026-07-23 16:42:36] [INFO] System started successfully
[2026-07-23 16:42:39] [INFO] User admin logged in from 192.168.1.100
[2026-07-23 16:42:39] [DEBUG] Parsing JSON payload
[2026-07-23 16:42:43] [WARNING] Deprecated API usage detected in legacy_module.py
[2026-07-23 16:42:43] [INFO] Cache hit for key user_profile_123
[2026-07-23 16:42:48] [INFO] Cache hit for key user_profile_123
[2026-07-23 16:42:50] [DEBUG] Session token refreshed
[2026-07-23 16:42:50] [INFO] System started successfully
[2026-07-23 16:42:51] [INFO] Cache hit for key user_profile_123
[2026-07-23 16:42:55] [INFO] Successfully processed background job #4912
[2026-07-23 16:42:58] [DEBUG] Parsing JSON payload
[2026-07-23 16:42:59] [WARNING] High memory usage detected (85%)
[2026-07-23 16:43:04] [INFO] Cache hit for key user_profile_123
[2026-07-23 16:43:07] [INFO] User admin logged in from 192.168.1.100
[2026-07-23 16:43:09] [INFO] User admin logged in from 192.168.1.100
[2026-07-23 16:43:13] [INFO] Handling user request for /api/v1/data
[2026-07-23 16:43:18] [INFO] Successfully processed background job #4912
[2026-07-23 16:43:20] [CRITICAL] Service crashed with exit code 137
[2026-07-23 16:43:25] [INFO] User admin logged in from 192.168.1.100
[2026-07-23 16:43:25] [INFO] System started successfully
[2026-07-23 16:43:29] [INFO] Successfully processed background job #4912
[2026-07-23 16:43:30] [INFO] User admin logged in from 192.168.1.100
[2026-07-23 16:43:32] [DEBUG] Fetching row 4021 from database
[2026-07-23 16:43:35] [WARNING] Deprecated API usage detected in legacy_module.py
[2026-07-23 16:43:37] [CRITICAL] Timeout while waiting for external service after 30000ms
[2026-07-23 16:43:39] [INFO] User admin logged in from 192.168.1.100
[2026-07-23 16:43:43] [DEBUG] Initializing cache manager
[2026-07-23 16:43:47] [INFO] Handling user request for /api/v1/data
[2026-07-23 16:43:49] [INFO] User admin logged in from 192.168.1.100
[2026-07-23 16:43:53] [INFO] User admin logged in from 192.168.1.100
[2026-07-23 16:43:56] [WARNING] High memory usage detected (85%)
[2026-07-23 16:43:58] [DEBUG] Initializing cache manager
[2026-07-23 16:44:03] [INFO] Handling user request for /api/v1/data
[2026-07-23 16:44:05] [INFO] System started successfully
[2026-07-23 16:44:07] [INFO] Connection established to message queue
[2026-07-23 16:44:11] [DEBUG] Initializing cache manager
[2026-07-23 16:44:13] [INFO] Successfully processed background job #4912
[2026-07-23 16:44:17] [INFO] Cache hit for key user_profile_123
[2026-07-23 16:44:19] [WARNING] Rate limit approaching for IP 10.0.0.55
[2026-07-23 16:44:22] [INFO] Cache hit for key user_profile_123
[2026-07-23 16:44:24] [INFO] System started successfully
[2026-07-23 16:44:28] [INFO] Handling user request for /api/v1/data
[2026-07-23 16:44:30] [WARNING] Deprecated API usage detected in legacy_module.py
[2026-07-23 16:44:32] [DEBUG] Session token refreshed
[2026-07-23 16:44:36] [INFO] Connection established to message queue
[2026-07-23 16:44:37] [INFO] Connection established to message queue
[2026-07-23 16:44:41] [INFO] Handling user request for /api/v1/data
[2026-07-23 16:44:46] [INFO] Successfully processed background job #4912
[2026-07-23 16:44:46] [CRITICAL] Timeout while waiting for external service after 30000ms
[2026-07-23 16:44:48] [DEBUG] Fetching row 4021 from database
[2026-07-23 16:44:49] [DEBUG] Fetching row 4021 from database
[2026-07-23 16:44:54] [INFO] Cache hit for key user_profile_123
[2026-07-23 16:44:58] [INFO] Cache hit for key user_profile_123
[2026-07-23 16:45:01] [INFO] Handling user request for /api/v1/data
[2026-07-23 16:45:05] [DEBUG] Session token refreshed
[2026-07-23 16:45:10] [INFO] Handling user request for /api/v1/data
[2026-07-23 16:45:10] [INFO] Connection established to message queue
[2026-07-23 16:45:10] [DEBUG] Parsing JSON payload
[2026-07-23 16:45:13] [INFO] Cache hit for key user_profile_123
[2026-07-23 16:45:13] [INFO] System started successfully
[2026-07-23 16:45:16] [DEBUG] Session token refreshed
[2026-07-23 16:45:16] [WARNING] Rate limit approaching for IP 10.0.0.55
[2026-07-23 16:45:17] [INFO] Connection established to message queue
[2026-07-23 16:45:20] [INFO] System started successfully
[2026-07-23 16:45:24] [INFO] Cache hit for key user_profile_123
[2026-07-23 16:45:28] [DEBUG] Fetching row 4021 from database
[2026-07-23 16:45:29] [INFO] Successfully processed background job #4912
[2026-07-23 16:45:30] [INFO] User admin logged in from 192.168.1.100
[2026-07-23 16:45:31] [INFO] Cache hit for key user_profile_123
[2026-07-23 16:45:35] [WARNING] Deprecated API usage detected in legacy_module.py
[2026-07-23 16:45:37] [INFO] System started successfully
[2026-07-23 16:45:39] [WARNING] Deprecated API usage detected in legacy_module.py
[2026-07-23 16:45:43] [INFO] Connection established to message queue
[2026-07-23 16:45:48] [ERROR] NullPointerException in DataProcessor class
[2026-07-23 16:45:49] [INFO] Connection established to message queue
[2026-07-23 16:45:53] [INFO] Handling user request for /api/v1/data
[2026-07-23 16:45:55] [WARNING] High memory usage detected (85%)
[2026-07-23 16:45:58] [INFO] System started successfully
[2026-07-23 16:46:02] [INFO] Cache hit for key user_profile_123
[2026-07-23 16:46:03] [INFO] Successfully processed background job #4912
[2026-07-23 16:46:07] [INFO] Connection established to message queue
[2026-07-23 16:46:08] [INFO] Handling user request for /api/v1/data
[2026-07-23 16:46:11] [INFO] Handling user request for /api/v1/data
[2026-07-23 16:46:12] [INFO] User admin logged in from 192.168.1.100
[2026-07-23 16:46:15] [INFO] Successfully processed background job #4912
[2026-07-23 16:46:19] [INFO] User admin logged in from 192.168.1.100
[2026-07-23 16:46:23] [ERROR] MySQL Error: Deadlock found when trying to get lock
[2026-07-23 16:46:28] [INFO] Connection established to message queue
[2026-07-23 16:46:30] [INFO] Handling user request for /api/v1/data
[2026-07-23 16:46:32] [INFO] Connection established to message queue
[2026-07-23 16:46:34] [INFO] Successfully processed background job #4912
[2026-07-23 16:46:38] [INFO] System started successfully
[2026-07-23 16:46:39] [INFO] Connection established to message queue
[2026-07-23 16:46:42] [DEBUG] Fetching row 4021 from database
[2026-07-23 16:46:45] [DEBUG] Session token refreshed
[2026-07-23 16:46:49] [WARNING] Rate limit approaching for IP 10.0.0.55
[2026-07-23 16:46:51] [INFO] User admin logged in from 192.168.1.100
[2026-07-23 16:46:53] [INFO] User admin logged in from 192.168.1.100
[2026-07-23 16:46:57] [ERROR] Authentication failed for user guest
[2026-07-23 16:46:58] [INFO] Handling user request for /api/v1/data
[2026-07-23 16:46:58] [INFO] Cache hit for key user_profile_123
[2026-07-23 16:47:03] [INFO] Handling user request for /api/v1/data
[2026-07-23 16:47:05] [INFO] Connection established to message queue
[2026-07-23 16:47:05] [INFO] Connection established to message queue
[2026-07-23 16:47:06] [ERROR] Database connection failed: Connection refused
[2026-07-23 16:47:09] [INFO] Handling user request for /api/v1/data
[2026-07-23 16:47:13] [INFO] Connection established to message queue
[2026-07-23 16:47:17] [INFO] Successfully processed background job #4912
[2026-07-23 16:47:17] [ERROR] NullPointerException in DataProcessor class
[2026-07-23 16:47:21] [DEBUG] Session token refreshed
[2026-07-23 16:47:22] [INFO] Handling user request for /api/v1/data
[2026-07-23 16:47:23] [INFO] Successfully processed background job #4912
[2026-07-23 16:47:27] [ERROR] Authentication failed for user guest
[2026-07-23 16:47:29] [INFO] System started successfully
[2026-07-23 16:47:31] [INFO] Handling user request for /api/v1/data
[2026-07-23 16:47:33] [INFO] Connection established to message queue
[2026-07-23 16:47:34] [INFO] Connection established to message queue
[2026-07-23 16:47:38] [DEBUG] Initializing cache manager
[2026-07-23 16:47:39] [DEBUG] Fetching row 4021 from database
[2026-07-23 16:47:44] [INFO] Successfully processed background job #4912
[2026-07-23 16:47:48] [INFO] System started successfully
[2026-07-23 16:47:51] [INFO] Successfully processed background job #4912
[2026-07-23 16:47:53] [INFO] Connection established to message queue
[2026-07-23 16:47:53] [INFO] System started successfully
[2026-07-23 16:47:55] [INFO] Successfully processed background job #4912
[2026-07-23 16:47:59] [DEBUG] Parsing JSON payload
[2026-07-23 16:48:00] [INFO] Connection established to message queue
[2026-07-23 16:48:01] [INFO] Successfully processed background job #4912
[2026-07-23 16:48:05] [INFO] Handling user request for /api/v1/data
[2026-07-23 16:48:09] [INFO] Connection established to message queue
[2026-07-23 16:48:13] [DEBUG] Fetching row 4021 from database
[2026-07-23 16:48:13] [WARNING] Deprecated API usage detected in legacy_module.py
[2026-07-23 16:48:14] [INFO] System started successfully
[2026-07-23 16:48:19] [INFO] Handling user request for /api/v1/data
[2026-07-23 16:48:23] [INFO] System started successfully
[2026-07-23 16:48:27] [INFO] User admin logged in from 192.168.1.100
[2026-07-23 16:48:29] [INFO] User admin logged in from 192.168.1.100
[2026-07-23 16:48:32] [INFO] Handling user request for /api/v1/data
[2026-07-23 16:48:36] [INFO] Handling user request for /api/v1/data
[2026-07-23 16:48:38] [INFO] System started successfully
[2026-07-23 16:48:43] [INFO] System started successfully
[2026-07-23 16:48:46] [ERROR] MySQL Error: Deadlock found when trying to get lock
[2026-07-23 16:48:47] [INFO] Cache hit for key user_profile_123
[2026-07-23 16:48:48] [INFO] System started successfully
[2026-07-23 16:48:51] [DEBUG] Parsing JSON payload
[2026-07-23 16:48:53] [INFO] System started successfully
[2026-07-23 16:48:56] [INFO] Successfully processed background job #4912
[2026-07-23 16:48:58] [INFO] Cache hit for key user_profile_123
[2026-07-23 16:49:02] [DEBUG] Session token refreshed
[2026-07-23 16:49:07] [INFO] Successfully processed background job #4912
[2026-07-23 16:49:09] [INFO] User admin logged in from 192.168.1.100
[2026-07-23 16:49:13] [INFO] System started successfully
[2026-07-23 16:49:16] [INFO] System started successfully
[2026-07-23 16:49:21] [INFO] System started successfully
[2026-07-23 16:49:24] [INFO] Successfully processed background job #4912
[2026-07-23 16:49:25] [WARNING] High memory usage detected (85%)
[2026-07-23 16:49:26] [DEBUG] Fetching row 4021 from database
[2026-07-23 16:49:29] [INFO] Cache hit for key user_profile_123
[2026-07-23 16:49:30] [INFO] System started successfully
[2026-07-23 16:49:31] [DEBUG] Fetching row 4021 from database
[2026-07-23 16:49:33] [INFO] System started successfully
[2026-07-23 16:49:36] [INFO] Successfully processed background job #4912
[2026-07-23 16:49:41] [INFO] Cache hit for key user_profile_123
[2026-07-23 16:49:43] [INFO] Connection established to message queue
[2026-07-23 16:49:47] [WARNING] Rate limit approaching for IP 10.0.0.55
[2026-07-23 16:49:49] [INFO] Handling user request for /api/v1/data
[2026-07-23 16:49:52] [INFO] User admin logged in from 192.168.1.100
[2026-07-23 16:49:57] [INFO] Handling user request for /api/v1/data
[2026-07-23 16:50:00] [INFO] User admin logged in from 192.168.1.100
[2026-07-23 16:50:01] [ERROR] Database connection failed: Connection refused
[2026-07-23 16:50:06] [INFO] Cache hit for key user_profile_123
[2026-07-23 16:50:09] [WARNING] High memory usage detected (85%)
[2026-07-23 16:50:13] [ERROR] Invalid password provided for account admin
[2026-07-23 16:50:18] [DEBUG] Parsing JSON payload
[2026-07-23 16:50:22] [INFO] System started successfully
[2026-07-23 16:50:23] [INFO] Successfully processed background job #4912
[2026-07-23 16:50:26] [INFO] Cache hit for key user_profile_123
[2026-07-23 16:50:29] [INFO] System started successfully
[2026-07-23 16:50:30] [INFO] Handling user request for /api/v1/data
[2026-07-23 16:50:31] [ERROR] Authentication failed for user guest
[2026-07-23 16:50:34] [INFO] Handling user request for /api/v1/data
[2026-07-23 16:50:35] [DEBUG] Initializing cache manager
[2026-07-23 16:50:35] [INFO] System started successfully
[2026-07-23 16:50:39] [INFO] Handling user request for /api/v1/data
[2026-07-23 16:50:43] [INFO] System started successfully
[2026-07-23 16:50:44] [WARNING] Deprecated API usage detected in legacy_module.py
[2026-07-23 16:50:45] [INFO] Cache hit for key user_profile_123
[2026-07-23 16:50:46] [INFO] Cache hit for key user_profile_123
[2026-07-23 16:50:49] [INFO] Handling user request for /api/v1/data
[2026-07-23 16:50:50] [INFO] Cache hit for key user_profile_123
[2026-07-23 16:50:55] [INFO] System started successfully
[2026-07-23 16:50:59] [INFO] User admin logged in from 192.168.1.100
[2026-07-23 16:51:01] [ERROR] NullPointerException in DataProcessor class
[2026-07-23 16:51:05] [WARNING] Deprecated API usage detected in legacy_module.py
[2026-07-23 16:51:07] [INFO] Cache hit for key user_profile_123
[2026-07-23 16:51:09] [INFO] User admin logged in from 192.168.1.100
[2026-07-23 16:51:12] [INFO] Successfully processed background job #4912
[2026-07-23 16:51:13] [INFO] Cache hit for key user_profile_123
[2026-07-23 16:51:17] [DEBUG] Session token refreshed
[2026-07-23 16:51:22] [INFO] Cache hit for key user_profile_123
[2026-07-23 16:51:26] [DEBUG] Parsing JSON payload
[2026-07-23 16:51:26] [INFO] Cache hit for key user_profile_123
[2026-07-23 16:51:26] [ERROR] MySQL Error: Deadlock found when trying to get lock
[2026-07-23 16:51:30] [INFO] User admin logged in from 192.168.1.100
[2026-07-23 16:51:31] [ERROR] Database connection failed: Connection refused
[2026-07-23 16:51:33] [DEBUG] Session token refreshed
[2026-07-23 16:51:37] [INFO] Connection established to message queue
[2026-07-23 16:51:39] [INFO] Connection established to message queue
[2026-07-23 16:51:39] [INFO] Connection established to message queue
[2026-07-23 16:51:42] [INFO] System started successfully
[2026-07-23 16:51:44] [INFO] Successfully processed background job #4912
[2026-07-23 16:51:48] [ERROR] NullPointerException in DataProcessor class
[2026-07-23 16:51:52] [INFO] User admin logged in from 192.168.1.100
[2026-07-23 16:51:54] [INFO] Handling user request for /api/v1/data
[2026-07-23 16:51:54] [INFO] Handling user request for /api/v1/data
[2026-07-23 16:51:59] [INFO] Handling user request for /api/v1/data
[2026-07-23 16:52:02] [DEBUG] Parsing JSON payload
[2026-07-23 16:52:02] [INFO] System started successfully
[2026-07-23 16:52:02] [INFO] Connection established to message queue
[2026-07-23 16:52:03] [INFO] System started successfully
[2026-07-23 16:52:06] [INFO] User admin logged in from 192.168.1.100
[2026-07-23 16:52:09] [INFO] Connection established to message queue
[2026-07-23 16:52:10] [INFO] User admin logged in from 192.168.1.100
[2026-07-23 16:52:12] [INFO] Connection established to message queue
[2026-07-23 16:52:13] [INFO] Cache hit for key user_profile_123
[2026-07-23 16:52:15] [INFO] Connection established to message queue
[2026-07-23 16:52:19] [DEBUG] Fetching row 4021 from database
[2026-07-23 16:52:20] [DEBUG] Initializing cache manager
[2026-07-23 16:52:22] [INFO] Connection established to message queue
[2026-07-23 16:52:22] [DEBUG] Parsing JSON payload
[2026-07-23 16:52:23] [INFO] User admin logged in from 192.168.1.100
[2026-07-23 16:52:26] [INFO] Successfully processed background job #4912
[2026-07-23 16:52:28] [ERROR] MySQL Error: Deadlock found when trying to get lock
[2026-07-23 16:52:29] [INFO] Connection established to message queue
[2026-07-23 16:52:30] [WARNING] Deprecated API usage detected in legacy_module.py
[2026-07-23 16:52:30] [INFO] Connection established to message queue
[2026-07-23 16:52:35] [INFO] Connection established to message queue
[2026-07-23 16:52:39] [INFO] User admin logged in from 192.168.1.100
[2026-07-23 16:52:41] [WARNING] Rate limit approaching for IP 10.0.0.55
[2026-07-23 16:52:41] [WARNING] High memory usage detected (85%)
[2026-07-23 16:52:42] [INFO] Connection established to message queue
[2026-07-23 16:52:47] [INFO] Cache hit for key user_profile_123
[2026-07-23 16:52:50] [INFO] Cache hit for key user_profile_123
[2026-07-23 16:52:54] [INFO] User admin logged in from 192.168.1.100
[2026-07-23 16:52:56] [INFO] Cache hit for key user_profile_123
[2026-07-23 16:52:57] [INFO] Successfully processed background job #4912
[2026-07-23 16:53:01] [INFO] User admin logged in from 192.168.1.100
[2026-07-23 16:53:04] [INFO] Connection established to message queue
[2026-07-23 16:53:05] [INFO] System started successfully
[2026-07-23 16:53:06] [WARNING] Deprecated API usage detected in legacy_module.py
[2026-07-23 16:53:09] [INFO] System started successfully
[2026-07-23 16:53:11] [DEBUG] Fetching row 4021 from database
[2026-07-23 16:53:14] [INFO] Successfully processed background job #4912
[2026-07-23 16:53:15] [ERROR] MySQL Error: Deadlock found when trying to get lock
[2026-07-23 16:53:19] [INFO] System started successfully
[2026-07-23 16:53:24] [INFO] User admin logged in from 192.168.1.100
[2026-07-23 16:53:28] [INFO] Cache hit for key user_profile_123
[2026-07-23 16:53:33] [INFO] Cache hit for key user_profile_123
[2026-07-23 16:53:36] [INFO] Successfully processed background job #4912
[2026-07-23 16:53:40] [DEBUG] Session token refreshed
[2026-07-23 16:53:42] [DEBUG] Initializing cache manager
[2026-07-23 16:53:43] [INFO] Handling user request for /api/v1/data
[2026-07-23 16:53:46] [ERROR] Database connection failed: Connection refused
[2026-07-23 16:53:51] [INFO] Cache hit for key user_profile_123
[2026-07-23 16:53:54] [WARNING] Deprecated API usage detected in legacy_module.py
[2026-07-23 16:53:59] [INFO] User admin logged in from 192.168.1.100
[2026-07-23 16:54:01] [INFO] User admin logged in from 192.168.1.100
[2026-07-23 16:54:01] [INFO] Handling user request for /api/v1/data
[2026-07-23 16:54:05] [DEBUG] Parsing JSON payload
[2026-07-23 16:54:10] [INFO] System started successfully
[2026-07-23 16:54:10] [INFO] Handling user request for /api/v1/data
[2026-07-23 16:54:11] [DEBUG] Initializing cache manager
[2026-07-23 16:54:14] [ERROR] MySQL Error: Deadlock found when trying to get lock
[2026-07-23 16:54:17] [INFO] Successfully processed background job #4912
[2026-07-23 16:54:21] [DEBUG] Initializing cache manager
[2026-07-23 16:54:23] [INFO] System started successfully
[2026-07-23 16:54:28] [INFO] Successfully processed background job #4912
[2026-07-23 16:54:28] [INFO] Connection established to message queue
[2026-07-23 16:54:32] [INFO] Successfully processed background job #4912
[2026-07-23 16:54:36] [INFO] User admin logged in from 192.168.1.100
[2026-07-23 16:54:36] [INFO] Successfully processed background job #4912
[2026-07-23 16:54:40] [WARNING] Deprecated API usage detected in legacy_module.py
[2026-07-23 16:54:43] [INFO] User admin logged in from 192.168.1.100
[2026-07-23 16:54:47] [INFO] Successfully processed background job #4912
[2026-07-23 16:54:51] [INFO] Cache hit for key user_profile_123
[2026-07-23 16:54:54] [DEBUG] Initializing cache manager
[2026-07-23 16:54:54] [INFO] Cache hit for key user_profile_123
[2026-07-23 16:54:59] [ERROR] Authentication failed for user guest
[2026-07-23 16:55:01] [INFO] User admin logged in from 192.168.1.100
[2026-07-23 16:55:02] [DEBUG] Fetching row 4021 from database
[2026-07-23 16:55:06] [DEBUG] Fetching row 4021 from database
[2026-07-23 16:55:08] [INFO] User admin logged in from 192.168.1.100
[2026-07-23 16:55:11] [INFO] Connection established to message queue
[2026-07-23 16:55:14] [DEBUG] Fetching row 4021 from database
[2026-07-23 16:55:17] [INFO] Cache hit for key user_profile_123
[2026-07-23 16:55:20] [INFO] Connection established to message queue
[2026-07-23 16:55:20] [DEBUG] Initializing cache manager
[2026-07-23 16:55:22] [INFO] Handling user request for /api/v1/data
[2026-07-23 16:55:26] [INFO] Connection established to message queue
[2026-07-23 16:55:28] [DEBUG] Session token refreshed
[2026-07-23 16:55:33] [INFO] User admin logged in from 192.168.1.100
[2026-07-23 16:55:36] [ERROR] Authentication failed for user guest
[2026-07-23 16:55:37] [INFO] User admin logged in from 192.168.1.100
[2026-07-23 16:55:41] [INFO] Handling user request for /api/v1/data
[2026-07-23 16:55:44] [INFO] Cache hit for key user_profile_123
[2026-07-23 16:55:47] [INFO] Successfully processed background job #4912
[2026-07-23 16:55:51] [INFO] Handling user request for /api/v1/data
[2026-07-23 16:55:53] [DEBUG] Session token refreshed
[2026-07-23 16:55:56] [WARNING] High memory usage detected (85%)
[2026-07-23 16:55:56] [INFO] Handling user request for /api/v1/data
[2026-07-23 16:55:57] [INFO] Successfully processed background job #4912
[2026-07-23 16:56:00] [WARNING] High memory usage detected (85%)
[2026-07-23 16:56:00] [INFO] User admin logged in from 192.168.1.100
[2026-07-23 16:56:02] [INFO] User admin logged in from 192.168.1.100
[2026-07-23 16:56:03] [INFO] Successfully processed background job #4912
[2026-07-23 16:56:04] [INFO] User admin logged in from 192.168.1.100
[2026-07-23 16:56:05] [INFO] Handling user request for /api/v1/data
[2026-07-23 16:56:07] [WARNING] High memory usage detected (85%)
[2026-07-23 16:56:08] [INFO] User admin logged in from 192.168.1.100
[2026-07-23 16:56:12] [DEBUG] Session token refreshed
[2026-07-23 16:56:15] [INFO] Successfully processed background job #4912
[2026-07-23 16:56:17] [INFO] Cache hit for key user_profile_123
[2026-07-23 16:56:17] [INFO] Cache hit for key user_profile_123
[2026-07-23 16:56:20] [INFO] Connection established to message queue
[2026-07-23 16:56:20] [WARNING] Rate limit approaching for IP 10.0.0.55
[2026-07-23 16:56:23] [INFO] Cache hit for key user_profile_123
[2026-07-23 16:56:28] [INFO] User admin logged in from 192.168.1.100
[2026-07-23 16:56:30] [DEBUG] Session token refreshed
[2026-07-23 16:56:35] [INFO] Successfully processed background job #4912
[2026-07-23 16:56:37] [ERROR] Invalid password provided for account admin
[2026-07-23 16:56:38] [INFO] Connection established to message queue
[2026-07-23 16:56:40] [INFO] Successfully processed background job #4912
[2026-07-23 16:56:41] [WARNING] Rate limit approaching for IP 10.0.0.55
[2026-07-23 16:56:44] [INFO] System started successfully
[2026-07-23 16:56:49] [INFO] Handling user request for /api/v1/data
[2026-07-23 16:56:54] [INFO] System started successfully
[2026-07-23 16:56:58] [WARNING] Deprecated API usage detected in legacy_module.py
[2026-07-23 16:57:02] [INFO] User admin logged in from 192.168.1.100
[2026-07-23 16:57:04] [INFO] Handling user request for /api/v1/data
[2026-07-23 16:57:09] [INFO] Connection established to message queue
[2026-07-23 16:57:11] [INFO] Handling user request for /api/v1/data
[2026-07-23 16:57:16] [INFO] User admin logged in from 192.168.1.100
[2026-07-23 16:57:20] [INFO] Successfully processed background job #4912
[2026-07-23 16:57:23] [WARNING] Rate limit approaching for IP 10.0.0.55
[2026-07-23 16:57:24] [ERROR] Database connection failed: Connection refused
[2026-07-23 16:57:25] [INFO] Successfully processed background job #4912
[2026-07-23 16:57:29] [INFO] Connection established to message queue
[2026-07-23 16:57:32] [INFO] Successfully processed background job #4912
[2026-07-23 16:57:35] [INFO] Successfully processed background job #4912
[2026-07-23 16:57:36] [WARNING] High memory usage detected (85%)
[2026-07-23 16:57:40] [INFO] Handling user request for /api/v1/data
[2026-07-23 16:57:43] [INFO] User admin logged in from 192.168.1.100
[2026-07-23 16:57:48] [INFO] Connection established to message queue
[2026-07-23 16:57:51] [INFO] System started successfully
[2026-07-23 16:57:54] [ERROR] Invalid password provided for account admin
[2026-07-23 16:57:55] [INFO] System started successfully
[2026-07-23 16:57:56] [INFO] Successfully processed background job #4912
[2026-07-23 16:57:59] [INFO] Successfully processed background job #4912
[2026-07-23 16:58:00] [INFO] System started successfully
[2026-07-23 16:58:05] [INFO] Successfully processed background job #4912
[2026-07-23 16:58:08] [INFO] User admin logged in from 192.168.1.100
[2026-07-23 16:58:12] [INFO] Cache hit for key user_profile_123
[2026-07-23 16:58:14] [INFO] User admin logged in from 192.168.1.100
[2026-07-23 16:58:16] [INFO] User admin logged in from 192.168.1.100
[2026-07-23 16:58:19] [WARNING] High memory usage detected (85%)
[2026-07-23 16:58:23] [INFO] User admin logged in from 192.168.1.100
[2026-07-23 16:58:26] [INFO] Successfully processed background job #4912
[2026-07-23 16:58:31] [INFO] System started successfully
[2026-07-23 16:58:34] [INFO] Cache hit for key user_profile_123
[2026-07-23 16:58:36] [INFO] Connection established to message queue
[2026-07-23 16:58:40] [CRITICAL] Service crashed with exit code 137
[2026-07-23 16:58:43] [WARNING] Deprecated API usage detected in legacy_module.py
[2026-07-23 16:58:45] [INFO] System started successfully
[2026-07-23 16:58:45] [DEBUG] Initializing cache manager
[2026-07-23 16:58:47] [DEBUG] Session token refreshed
[2026-07-23 16:58:50] [INFO] Handling user request for /api/v1/data
[2026-07-23 16:58:53] [INFO] Cache hit for key user_profile_123
[2026-07-23 16:58:57] [WARNING] Rate limit approaching for IP 10.0.0.55
[2026-07-23 16:59:01] [ERROR] MySQL Error: Deadlock found when trying to get lock
[2026-07-23 16:59:04] [DEBUG] Session token refreshed
[2026-07-23 16:59:08] [INFO] Successfully processed background job #4912
[2026-07-23 16:59:12] [INFO] Cache hit for key user_profile_123
[2026-07-23 16:59:13] [DEBUG] Fetching row 4021 from database
[2026-07-23 16:59:16] [INFO] Connection established to message queue
[2026-07-23 16:59:21] [INFO] Handling user request for /api/v1/data
[2026-07-23 16:59:25] [INFO] Successfully processed background job #4912
[2026-07-23 16:59:27] [INFO] Successfully processed background job #4912
[2026-07-23 16:59:32] [DEBUG] Fetching row 4021 from database
[2026-07-23 16:59:35] [INFO] Successfully processed background job #4912
[2026-07-23 16:59:37] [INFO] User admin logged in from 192.168.1.100
[2026-07-23 16:59:40] [INFO] Handling user request for /api/v1/data
[2026-07-23 16:59:43] [INFO] Cache hit for key user_profile_123
[2026-07-23 16:59:45] [INFO] User admin logged in from 192.168.1.100
[2026-07-23 16:59:48] [CRITICAL] Disk space exhausted on /var/log
[2026-07-23 16:59:51] [INFO] System started successfully
[2026-07-23 16:59:52] [INFO] Cache hit for key user_profile_123
[2026-07-23 16:59:55] [INFO] Connection established to message queue
[2026-07-23 16:59:58] [DEBUG] Fetching row 4021 from database
[2026-07-23 17:00:01] [INFO] System started successfully
[2026-07-23 17:00:05] [INFO] Successfully processed background job #4912
[2026-07-23 17:00:10] [ERROR] Database connection failed: Connection refused
[2026-07-23 17:00:13] [INFO] Handling user request for /api/v1/data
[2026-07-23 17:00:15] [INFO] Handling user request for /api/v1/data
[2026-07-23 17:00:20] [INFO] Successfully processed background job #4912
[2026-07-23 17:00:23] [DEBUG] Initializing cache manager
[2026-07-23 17:00:27] [DEBUG] Fetching row 4021 from database
[2026-07-23 17:00:29] [INFO] Handling user request for /api/v1/data
[2026-07-23 17:00:31] [INFO] Cache hit for key user_profile_123
[2026-07-23 17:00:33] [INFO] Successfully processed background job #4912
[2026-07-23 17:00:38] [INFO] System started successfully
[2026-07-23 17:00:40] [INFO] Cache hit for key user_profile_123
[2026-07-23 17:00:44] [INFO] Successfully processed background job #4912
[2026-07-23 17:00:48] [ERROR] NullPointerException in DataProcessor class
[2026-07-23 17:00:53] [INFO] Successfully processed background job #4912
[2026-07-23 17:00:56] [INFO] User admin logged in from 192.168.1.100
[2026-07-23 17:00:56] [INFO] Cache hit for key user_profile_123
[2026-07-23 17:01:00] [INFO] User admin logged in from 192.168.1.100
[2026-07-23 17:01:05] [INFO] Successfully processed background job #4912
[2026-07-23 17:01:07] [INFO] Cache hit for key user_profile_123
[2026-07-23 17:01:11] [INFO] User admin logged in from 192.168.1.100
[2026-07-23 17:01:11] [INFO] Successfully processed background job #4912
[2026-07-23 17:01:14] [INFO] Handling user request for /api/v1/data
[2026-07-23 17:01:15] [INFO] Connection established to message queue
[2026-07-23 17:01:17] [ERROR] NullPointerException in DataProcessor class
[2026-07-23 17:01:17] [INFO] Connection established to message queue
[2026-07-23 17:01:21] [INFO] Cache hit for key user_profile_123
[2026-07-23 17:01:24] [INFO] System started successfully
[2026-07-23 17:01:25] [INFO] User admin logged in from 192.168.1.100
[2026-07-23 17:01:26] [INFO] User admin logged in from 192.168.1.100
[2026-07-23 17:01:28] [INFO] User admin logged in from 192.168.1.100
[2026-07-23 17:01:29] [ERROR] Invalid password provided for account admin
[2026-07-23 17:01:34] [INFO] Successfully processed background job #4912
[2026-07-23 17:01:37] [DEBUG] Fetching row 4021 from database
[2026-07-23 17:01:37] [INFO] User admin logged in from 192.168.1.100
[2026-07-23 17:01:40] [INFO] Connection established to message queue
[2026-07-23 17:01:43] [INFO] Connection established to message queue
[2026-07-23 17:01:45] [ERROR] Invalid password provided for account admin
[2026-07-23 17:01:45] [INFO] Connection established to message queue
[2026-07-23 17:01:49] [INFO] Handling user request for /api/v1/data
[2026-07-23 17:01:53] [INFO] Connection established to message queue
[2026-07-23 17:01:55] [INFO] Connection established to message queue
[2026-07-23 17:01:59] [WARNING] Deprecated API usage detected in legacy_module.py
[2026-07-23 17:02:04] [WARNING] High memory usage detected (85%)
[2026-07-23 17:02:08] [ERROR] Invalid password provided for account admin
[2026-07-23 17:02:12] [INFO] Cache hit for key user_profile_123
[2026-07-23 17:02:14] [WARNING] Rate limit approaching for IP 10.0.0.55
[2026-07-23 17:02:16] [INFO] Connection established to message queue
[2026-07-23 17:02:18] [DEBUG] Session token refreshed
[2026-07-23 17:02:18] [INFO] Connection established to message queue
[2026-07-23 17:02:20] [INFO] Connection established to message queue
[2026-07-23 17:02:22] [INFO] Connection established to message queue
[2026-07-23 17:02:23] [INFO] System started successfully
[2026-07-23 17:02:24] [INFO] Handling user request for /api/v1/data
[2026-07-23 17:02:27] [INFO] Cache hit for key user_profile_123
[2026-07-23 17:02:28] [WARNING] High memory usage detected (85%)
[2026-07-23 17:02:28] [INFO] User admin logged in from 192.168.1.100
[2026-07-23 17:02:30] [INFO] Handling user request for /api/v1/data
[2026-07-23 17:02:35] [DEBUG] Initializing cache manager
[2026-07-23 17:02:37] [INFO] User admin logged in from 192.168.1.100
[2026-07-23 17:02:40] [INFO] Successfully processed background job #4912
[2026-07-23 17:02:40] [INFO] Cache hit for key user_profile_123
[2026-07-23 17:02:43] [ERROR] Invalid password provided for account admin
[2026-07-23 17:02:46] [DEBUG] Session token refreshed
[2026-07-23 17:02:47] [INFO] Handling user request for /api/v1/data
[2026-07-23 17:02:50] [ERROR] Database connection failed: Connection refused
[2026-07-23 17:02:53] [INFO] User admin logged in from 192.168.1.100
[2026-07-23 17:02:57] [INFO] Cache hit for key user_profile_123
[2026-07-23 17:03:00] [INFO] User admin logged in from 192.168.1.100
[2026-07-23 17:03:05] [INFO] Handling user request for /api/v1/data
[2026-07-23 17:03:09] [INFO] Handling user request for /api/v1/data
[2026-07-23 17:03:12] [INFO] Cache hit for key user_profile_123
[2026-07-23 17:03:16] [WARNING] High memory usage detected (85%)
[2026-07-23 17:03:19] [INFO] Handling user request for /api/v1/data
[2026-07-23 17:03:20] [INFO] Cache hit for key user_profile_123
[2026-07-23 17:03:21] [INFO] Cache hit for key user_profile_123
[2026-07-23 17:03:21] [ERROR] MySQL Error: Deadlock found when trying to get lock
[2026-07-23 17:03:23] [INFO] Successfully processed background job #4912
[2026-07-23 17:03:27] [INFO] Connection established to message queue
[2026-07-23 17:03:30] [INFO] Connection established to message queue
[2026-07-23 17:03:31] [INFO] Connection established to message queue
[2026-07-23 17:03:32] [INFO] Connection established to message queue
[2026-07-23 17:03:35] [INFO] Handling user request for /api/v1/data
[2026-07-23 17:03:36] [INFO] System started successfully
[2026-07-23 17:03:40] [INFO] Connection established to message queue
[2026-07-23 17:03:43] [INFO] User admin logged in from 192.168.1.100
[2026-07-23 17:03:45] [INFO] Handling user request for /api/v1/data
[2026-07-23 17:03:48] [INFO] Successfully processed background job #4912
[2026-07-23 17:03:49] [INFO] Successfully processed background job #4912
[2026-07-23 17:03:51] [INFO] Cache hit for key user_profile_123
[2026-07-23 17:03:52] [DEBUG] Session token refreshed
[2026-07-23 17:03:53] [DEBUG] Parsing JSON payload
[2026-07-23 17:03:58] [DEBUG] Fetching row 4021 from database
[2026-07-23 17:03:58] [INFO] Connection established to message queue
[2026-07-23 17:04:03] [INFO] System started successfully
[2026-07-23 17:04:04] [DEBUG] Parsing JSON payload
[2026-07-23 17:04:07] [INFO] Cache hit for key user_profile_123
[2026-07-23 17:04:10] [INFO] Connection established to message queue
[2026-07-23 17:04:15] [INFO] Cache hit for key user_profile_123
[2026-07-23 17:04:19] [INFO] Cache hit for key user_profile_123
[2026-07-23 17:04:24] [INFO] Cache hit for key user_profile_123
[2026-07-23 17:04:27] [WARNING] Deprecated API usage detected in legacy_module.py
[2026-07-23 17:04:28] [INFO] System started successfully
[2026-07-23 17:04:32] [INFO] Handling user request for /api/v1/data
[2026-07-23 17:04:33] [INFO] Connection established to message queue
[2026-07-23 17:04:35] [DEBUG] Session token refreshed
[2026-07-23 17:04:38] [INFO] Successfully processed background job #4912
[2026-07-23 17:04:40] [INFO] User admin logged in from 192.168.1.100
[2026-07-23 17:04:41] [INFO] Successfully processed background job #4912
[2026-07-23 17:04:44] [INFO] Cache hit for key user_profile_123
[2026-07-23 17:04:48] [INFO] Successfully processed background job #4912
[2026-07-23 17:04:51] [INFO] Handling user request for /api/v1/data
[2026-07-23 17:04:52] [INFO] Successfully processed background job #4912
[2026-07-23 17:04:53] [INFO] Successfully processed background job #4912
[2026-07-23 17:04:58] [DEBUG] Initializing cache manager
[2026-07-23 17:04:58] [INFO] User admin logged in from 192.168.1.100
[2026-07-23 17:05:00] [ERROR] Authentication failed for user guest
[2026-07-23 17:05:02] [DEBUG] Session token refreshed
[2026-07-23 17:05:03] [INFO] Successfully processed background job #4912
[2026-07-23 17:05:06] [DEBUG] Initializing cache manager
[2026-07-23 17:05:11] [INFO] Handling user request for /api/v1/data
[2026-07-23 17:05:13] [INFO] Successfully processed background job #4912
[2026-07-23 17:05:16] [INFO] Connection established to message queue
[2026-07-23 17:05:19] [INFO] Connection established to message queue
[2026-07-23 17:05:21] [INFO] User admin logged in from 192.168.1.100
[2026-07-23 17:05:25] [WARNING] High memory usage detected (85%)
[2026-07-23 17:05:28] [INFO] Successfully processed background job #4912
[2026-07-23 17:05:29] [INFO] Handling user request for /api/v1/data
[2026-07-23 17:05:31] [DEBUG] Parsing JSON payload
[2026-07-23 17:05:31] [INFO] Cache hit for key user_profile_123
[2026-07-23 17:05:32] [INFO] Cache hit for key user_profile_123
[2026-07-23 17:05:37] [INFO] Successfully processed background job #4912
[2026-07-23 17:05:40] [INFO] Cache hit for key user_profile_123
[2026-07-23 17:05:42] [INFO] Connection established to message queue
[2026-07-23 17:05:43] [INFO] User admin logged in from 192.168.1.100
[2026-07-23 17:05:47] [ERROR] Invalid password provided for account admin
[2026-07-23 17:05:47] [INFO] System started successfully
[2026-07-23 17:05:50] [INFO] Cache hit for key user_profile_123
[2026-07-23 17:05:52] [INFO] Handling user request for /api/v1/data
[2026-07-23 17:05:57] [INFO] Cache hit for key user_profile_123
[2026-07-23 17:06:00] [INFO] Successfully processed background job #4912
[2026-07-23 17:06:02] [INFO] System started successfully
[2026-07-23 17:06:05] [INFO] System started successfully
[2026-07-23 17:06:09] [DEBUG] Initializing cache manager
[2026-07-23 17:06:14] [INFO] User admin logged in from 192.168.1.100
[2026-07-23 17:06:14] [INFO] System started successfully
[2026-07-23 17:06:16] [INFO] User admin logged in from 192.168.1.100
[2026-07-23 17:06:16] [INFO] Successfully processed background job #4912
[2026-07-23 17:06:20] [INFO] Cache hit for key user_profile_123
[2026-07-23 17:06:20] [INFO] System started successfully
[2026-07-23 17:06:23] [INFO] System started successfully
[2026-07-23 17:06:24] [DEBUG] Initializing cache manager
[2026-07-23 17:06:26] [INFO] Cache hit for key user_profile_123
[2026-07-23 17:06:27] [WARNING] Deprecated API usage detected in legacy_module.py
[2026-07-23 17:06:32] [DEBUG] Fetching row 4021 from database
[2026-07-23 17:06:35] [INFO] Connection established to message queue
[2026-07-23 17:06:39] [DEBUG] Fetching row 4021 from database
[2026-07-23 17:06:43] [ERROR] Database connection failed: Connection refused
[2026-07-23 17:06:46] [INFO] Handling user request for /api/v1/data
[2026-07-23 17:06:48] [INFO] Cache hit for key user_profile_123
[2026-07-23 17:06:51] [DEBUG] Session token refreshed
[2026-07-23 17:06:54] [INFO] Handling user request for /api/v1/data
[2026-07-23 17:06:56] [INFO] User admin logged in from 192.168.1.100
[2026-07-23 17:06:57] [ERROR] MySQL Error: Deadlock found when trying to get lock
[2026-07-23 17:06:58] [INFO] Handling user request for /api/v1/data
[2026-07-23 17:07:02] [INFO] System started successfully
[2026-07-23 17:07:02] [INFO] Connection established to message queue
[2026-07-23 17:07:05] [INFO] User admin logged in from 192.168.1.100
[2026-07-23 17:07:06] [INFO] Handling user request for /api/v1/data
[2026-07-23 17:07:08] [INFO] Connection established to message queue
[2026-07-23 17:07:11] [INFO] Cache hit for key user_profile_123
[2026-07-23 17:07:15] [DEBUG] Parsing JSON payload
[2026-07-23 17:07:19] [INFO] Connection established to message queue
[2026-07-23 17:07:22] [INFO] User admin logged in from 192.168.1.100
[2026-07-23 17:07:23] [INFO] System started successfully
[2026-07-23 17:07:24] [INFO] Successfully processed background job #4912
[2026-07-23 17:07:28] [CRITICAL] Timeout while waiting for external service after 30000ms
[2026-07-23 17:07:29] [INFO] System started successfully
[2026-07-23 17:07:31] [ERROR] NullPointerException in DataProcessor class
[2026-07-23 17:07:31] [INFO] User admin logged in from 192.168.1.100
[2026-07-23 17:07:35] [INFO] System started successfully
[2026-07-23 17:07:35] [INFO] Successfully processed background job #4912
[2026-07-23 17:07:36] [INFO] Handling user request for /api/v1/data
[2026-07-23 17:07:39] [INFO] Cache hit for key user_profile_123
[2026-07-23 17:07:42] [INFO] Successfully processed background job #4912
[2026-07-23 17:07:47] [INFO] User admin logged in from 192.168.1.100
[2026-07-23 17:07:49] [INFO] Connection established to message queue
[2026-07-23 17:07:49] [ERROR] NullPointerException in DataProcessor class
[2026-07-23 17:07:51] [DEBUG] Initializing cache manager
[2026-07-23 17:07:53] [INFO] System started successfully
[2026-07-23 17:07:56] [INFO] Cache hit for key user_profile_123
[2026-07-23 17:08:00] [INFO] Handling user request for /api/v1/data
[2026-07-23 17:08:01] [INFO] Connection established to message queue
[2026-07-23 17:08:05] [WARNING] Deprecated API usage detected in legacy_module.py
[2026-07-23 17:08:08] [INFO] Handling user request for /api/v1/data
[2026-07-23 17:08:13] [WARNING] Deprecated API usage detected in legacy_module.py
[2026-07-23 17:08:14] [WARNING] Rate limit approaching for IP 10.0.0.55
[2026-07-23 17:08:15] [INFO] User admin logged in from 192.168.1.100
[2026-07-23 17:08:16] [INFO] Connection established to message queue
[2026-07-23 17:08:19] [DEBUG] Fetching row 4021 from database
[2026-07-23 17:08:20] [WARNING] Deprecated API usage detected in legacy_module.py
[2026-07-23 17:08:21] [INFO] System started successfully
[2026-07-23 17:08:22] [DEBUG] Initializing cache manager
[2026-07-23 17:08:24] [DEBUG] Initializing cache manager
[2026-07-23 17:08:24] [INFO] Cache hit for key user_profile_123
[2026-07-23 17:08:27] [WARNING] Deprecated API usage detected in legacy_module.py
[2026-07-23 17:08:29] [INFO] System started successfully
[2026-07-23 17:08:34] [ERROR] Database connection failed: Connection refused
[2026-07-23 17:08:39] [DEBUG] Session token refreshed
[2026-07-23 17:08:41] [INFO] System started successfully
[2026-07-23 17:08:43] [INFO] System started successfully
[2026-07-23 17:08:43] [INFO] Successfully processed background job #4912
[2026-07-23 17:08:47] [INFO] User admin logged in from 192.168.1.100
[2026-07-23 17:08:47] [DEBUG] Fetching row 4021 from database
[2026-07-23 17:08:49] [CRITICAL] Disk space exhausted on /var/log
[2026-07-23 17:08:51] [DEBUG] Parsing JSON payload
[2026-07-23 17:08:53] [INFO] Successfully processed background job #4912
[2026-07-23 17:08:58] [WARNING] Rate limit approaching for IP 10.0.0.55
[2026-07-23 17:09:01] [INFO] System started successfully
[2026-07-23 17:09:02] [WARNING] Deprecated API usage detected in legacy_module.py
[2026-07-23 17:09:02] [INFO] Successfully processed background job #4912
[2026-07-23 17:09:04] [INFO] Handling user request for /api/v1/data
[2026-07-23 17:09:05] [INFO] Successfully processed background job #4912
[2026-07-23 17:09:08] [INFO] Successfully processed background job #4912
[2026-07-23 17:09:10] [INFO] Connection established to message queue
[2026-07-23 17:09:13] [DEBUG] Initializing cache manager
[2026-07-23 17:09:15] [INFO] Cache hit for key user_profile_123
[2026-07-23 17:09:16] [ERROR] NullPointerException in DataProcessor class
[2026-07-23 17:09:20] [INFO] Connection established to message queue
[2026-07-23 17:09:23] [WARNING] High memory usage detected (85%)
[2026-07-23 17:09:23] [WARNING] High memory usage detected (85%)
[2026-07-23 17:09:24] [INFO] Handling user request for /api/v1/data
[2026-07-23 17:09:29] [DEBUG] Fetching row 4021 from database
[2026-07-23 17:09:32] [INFO] Successfully processed background job #4912
[2026-07-23 17:09:32] [DEBUG] Session token refreshed
[2026-07-23 17:09:34] [INFO] Cache hit for key user_profile_123
[2026-07-23 17:09:38] [INFO] Successfully processed background job #4912
[2026-07-23 17:09:42] [INFO] Connection established to message queue
[2026-07-23 17:09:46] [WARNING] High memory usage detected (85%)
[2026-07-23 17:09:49] [INFO] Handling user request for /api/v1/data
[2026-07-23 17:09:49] [DEBUG] Parsing JSON payload
[2026-07-23 17:09:51] [INFO] Cache hit for key user_profile_123
[2026-07-23 17:09:55] [INFO] Cache hit for key user_profile_123
[2026-07-23 17:09:57] [INFO] System started successfully
[2026-07-23 17:10:00] [INFO] User admin logged in from 192.168.1.100
[2026-07-23 17:10:04] [INFO] Cache hit for key user_profile_123
[2026-07-23 17:10:09] [DEBUG] Session token refreshed
[2026-07-23 17:10:13] [INFO] Successfully processed background job #4912
[2026-07-23 17:10:17] [DEBUG] Initializing cache manager
[2026-07-23 17:10:22] [INFO] Successfully processed background job #4912
[2026-07-23 17:10:25] [INFO] Successfully processed background job #4912
[2026-07-23 17:10:26] [INFO] Successfully processed background job #4912
[2026-07-23 17:10:30] [DEBUG] Parsing JSON payload
[2026-07-23 17:10:32] [INFO] Handling user request for /api/v1/data
[2026-07-23 17:10:37] [INFO] Handling user request for /api/v1/data
[2026-07-23 17:10:37] [INFO] Successfully processed background job #4912
[2026-07-23 17:10:37] [INFO] Connection established to message queue
[2026-07-23 17:10:40] [INFO] Successfully processed background job #4912
[2026-07-23 17:10:44] [INFO] System started successfully
[2026-07-23 17:10:49] [INFO] Cache hit for key user_profile_123
[2026-07-23 17:10:54] [INFO] Handling user request for /api/v1/data
[2026-07-23 17:10:55] [WARNING] Rate limit approaching for IP 10.0.0.55
[2026-07-23 17:10:58] [INFO] Successfully processed background job #4912
[2026-07-23 17:11:03] [DEBUG] Session token refreshed
[2026-07-23 17:11:04] [INFO] User admin logged in from 192.168.1.100
[2026-07-23 17:11:08] [INFO] Handling user request for /api/v1/data
[2026-07-23 17:11:10] [INFO] Cache hit for key user_profile_123
[2026-07-23 17:11:12] [ERROR] Invalid password provided for account admin
[2026-07-23 17:11:14] [DEBUG] Session token refreshed
[2026-07-23 17:11:18] [INFO] Handling user request for /api/v1/data
[2026-07-23 17:11:21] [INFO] User admin logged in from 192.168.1.100
[2026-07-23 17:11:26] [INFO] System started successfully
[2026-07-23 17:11:26] [INFO] Cache hit for key user_profile_123
[2026-07-23 17:11:28] [DEBUG] Initializing cache manager
[2026-07-23 17:11:30] [INFO] System started successfully
[2026-07-23 17:11:32] [INFO] Connection established to message queue
[2026-07-23 17:11:36] [ERROR] MySQL Error: Deadlock found when trying to get lock
[2026-07-23 17:11:39] [DEBUG] Parsing JSON payload
[2026-07-23 17:11:42] [INFO] Connection established to message queue
[2026-07-23 17:11:46] [WARNING] Deprecated API usage detected in legacy_module.py
[2026-07-23 17:11:50] [INFO] System started successfully
[2026-07-23 17:11:54] [WARNING] Rate limit approaching for IP 10.0.0.55
[2026-07-23 17:11:56] [DEBUG] Session token refreshed
[2026-07-23 17:11:57] [ERROR] NullPointerException in DataProcessor class
[2026-07-23 17:11:58] [WARNING] Rate limit approaching for IP 10.0.0.55
[2026-07-23 17:12:02] [CRITICAL] Disk space exhausted on /var/log
[2026-07-23 17:12:04] [INFO] System started successfully
[2026-07-23 17:12:09] [DEBUG] Session token refreshed
[2026-07-23 17:12:12] [INFO] Successfully processed background job #4912
[2026-07-23 17:12:17] [WARNING] High memory usage detected (85%)
[2026-07-23 17:12:21] [INFO] Successfully processed background job #4912
[2026-07-23 17:12:22] [INFO] System started successfully
[2026-07-23 17:12:23] [INFO] User admin logged in from 192.168.1.100
[2026-07-23 17:12:23] [DEBUG] Session token refreshed
[2026-07-23 17:12:26] [ERROR] Authentication failed for user guest
[2026-07-23 17:12:28] [INFO] Connection established to message queue
[2026-07-23 17:12:30] [DEBUG] Fetching row 4021 from database
[2026-07-23 17:12:32] [DEBUG] Session token refreshed
[2026-07-23 17:12:33] [ERROR] Invalid password provided for account admin
[2026-07-23 17:12:34] [INFO] Connection established to message queue
[2026-07-23 17:12:35] [ERROR] Database connection failed: Connection refused
[2026-07-23 17:12:36] [DEBUG] Fetching row 4021 from database
[2026-07-23 17:12:37] [DEBUG] Session token refreshed
[2026-07-23 17:12:39] [INFO] Handling user request for /api/v1/data
[2026-07-23 17:12:40] [DEBUG] Fetching row 4021 from database
[2026-07-23 17:12:45] [INFO] Handling user request for /api/v1/data
[2026-07-23 17:12:48] [DEBUG] Session token refreshed
[2026-07-23 17:12:50] [INFO] Connection established to message queue
[2026-07-23 17:12:55] [INFO] Successfully processed background job #4912
[2026-07-23 17:12:59] [INFO] User admin logged in from 192.168.1.100
[2026-07-23 17:13:00] [INFO] Cache hit for key user_profile_123
[2026-07-23 17:13:02] [INFO] System started successfully
[2026-07-23 17:13:02] [INFO] System started successfully
[2026-07-23 17:13:06] [INFO] Successfully processed background job #4912
[2026-07-23 17:13:10] [DEBUG] Initializing cache manager
[2026-07-23 17:13:15] [INFO] System started successfully
[2026-07-23 17:13:19] [ERROR] Authentication failed for user guest
[2026-07-23 17:13:22] [INFO] Successfully processed background job #4912
[2026-07-23 17:13:25] [ERROR] NullPointerException in DataProcessor class
[2026-07-23 17:13:29] [WARNING] High memory usage detected (85%)
[2026-07-23 17:13:33] [DEBUG] Fetching row 4021 from database
[2026-07-23 17:13:38] [INFO] Handling user request for /api/v1/data
[2026-07-23 17:13:41] [INFO] Cache hit for key user_profile_123
[2026-07-23 17:13:42] [INFO] System started successfully
[2026-07-23 17:13:43] [INFO] Successfully processed background job #4912
[2026-07-23 17:13:44] [INFO] Successfully processed background job #4912
[2026-07-23 17:13:47] [DEBUG] Initializing cache manager
[2026-07-23 17:13:52] [ERROR] Authentication failed for user guest
[2026-07-23 17:13:53] [DEBUG] Session token refreshed
[2026-07-23 17:13:57] [INFO] Successfully processed background job #4912
[2026-07-23 17:14:00] [INFO] Handling user request for /api/v1/data
[2026-07-23 17:14:04] [INFO] Handling user request for /api/v1/data
[2026-07-23 17:14:08] [INFO] Handling user request for /api/v1/data
[2026-07-23 17:14:09] [INFO] Connection established to message queue
[2026-07-23 17:14:13] [INFO] System started successfully
[2026-07-23 17:14:14] [DEBUG] Initializing cache manager
[2026-07-23 17:14:19] [DEBUG] Parsing JSON payload
[2026-07-23 17:14:24] [INFO] System started successfully
[2026-07-23 17:14:28] [INFO] Successfully processed background job #4912
[2026-07-23 17:14:30] [INFO] Connection established to message queue
[2026-07-23 17:14:34] [INFO] Cache hit for key user_profile_123
[2026-07-23 17:14:34] [DEBUG] Parsing JSON payload
[2026-07-23 17:14:39] [DEBUG] Session token refreshed
[2026-07-23 17:14:41] [INFO] System started successfully
[2026-07-23 17:14:41] [INFO] Connection established to message queue
[2026-07-23 17:14:44] [INFO] System started successfully
[2026-07-23 17:14:48] [INFO] Connection established to message queue
[2026-07-23 17:14:52] [DEBUG] Parsing JSON payload
[2026-07-23 17:14:53] [INFO] Cache hit for key user_profile_123
[2026-07-23 17:14:54] [INFO] User admin logged in from 192.168.1.100
[2026-07-23 17:14:59] [INFO] Connection established to message queue
[2026-07-23 17:15:00] [DEBUG] Initializing cache manager
[2026-07-23 17:15:03] [INFO] User admin logged in from 192.168.1.100
[2026-07-23 17:15:03] [WARNING] Deprecated API usage detected in legacy_module.py
[2026-07-23 17:15:05] [WARNING] High memory usage detected (85%)
[2026-07-23 17:15:05] [INFO] System started successfully
[2026-07-23 17:15:08] [INFO] Cache hit for key user_profile_123
[2026-07-23 17:15:11] [INFO] Successfully processed background job #4912
[2026-07-23 17:15:11] [INFO] Successfully processed background job #4912
[2026-07-23 17:15:14] [WARNING] Deprecated API usage detected in legacy_module.py
[2026-07-23 17:15:15] [ERROR] Database connection failed: Connection refused
[2026-07-23 17:15:16] [INFO] Successfully processed background job #4912
[2026-07-23 17:15:19] [DEBUG] Fetching row 4021 from database
[2026-07-23 17:15:23] [INFO] Handling user request for /api/v1/data
[2026-07-23 17:15:28] [INFO] Handling user request for /api/v1/data
[2026-07-23 17:15:31] [INFO] Cache hit for key user_profile_123
[2026-07-23 17:15:34] [INFO] Successfully processed background job #4912
[2026-07-23 17:15:35] [INFO] Connection established to message queue
[2026-07-23 17:15:36] [INFO] Successfully processed background job #4912
[2026-07-23 17:15:38] [INFO] Connection established to message queue
[2026-07-23 17:15:41] [INFO] Cache hit for key user_profile_123
[2026-07-23 17:15:43] [INFO] Handling user request for /api/v1/data
[2026-07-23 17:15:47] [INFO] System started successfully
[2026-07-23 17:15:47] [INFO] Connection established to message queue
[2026-07-23 17:15:48] [INFO] Connection established to message queue
[2026-07-23 17:15:50] [INFO] System started successfully
[2026-07-23 17:15:54] [INFO] System started successfully
[2026-07-23 17:15:57] [INFO] User admin logged in from 192.168.1.100
[2026-07-23 17:15:58] [INFO] System started successfully
[2026-07-23 17:16:01] [DEBUG] Parsing JSON payload
[2026-07-23 17:16:05] [WARNING] Deprecated API usage detected in legacy_module.py
[2026-07-23 17:16:08] [INFO] Successfully processed background job #4912
[2026-07-23 17:16:08] [DEBUG] Initializing cache manager
[2026-07-23 17:16:09] [DEBUG] Initializing cache manager
[2026-07-23 17:16:13] [WARNING] Rate limit approaching for IP 10.0.0.55
[2026-07-23 17:16:16] [INFO] Successfully processed background job #4912
[2026-07-23 17:16:20] [INFO] Cache hit for key user_profile_123
[2026-07-23 17:16:23] [DEBUG] Parsing JSON payload
[2026-07-23 17:16:28] [INFO] Handling user request for /api/v1/data
[2026-07-23 17:16:29] [INFO] Connection established to message queue
[2026-07-23 17:16:30] [INFO] User admin logged in from 192.168.1.100
[2026-07-23 17:16:30] [INFO] System started successfully
[2026-07-23 17:16:35] [INFO] Connection established to message queue
[2026-07-23 17:16:38] [INFO] System started successfully
[2026-07-23 17:16:40] [ERROR] MySQL Error: Deadlock found when trying to get lock
[2026-07-23 17:16:42] [DEBUG] Initializing cache manager
[2026-07-23 17:16:47] [DEBUG] Parsing JSON payload
[2026-07-23 17:16:48] [INFO] Connection established to message queue
[2026-07-23 17:16:49] [DEBUG] Initializing cache manager
[2026-07-23 17:16:51] [INFO] Connection established to message queue
[2026-07-23 17:16:54] [DEBUG] Fetching row 4021 from database
[2026-07-23 17:16:57] [INFO] Connection established to message queue
[2026-07-23 17:17:00] [ERROR] NullPointerException in DataProcessor class
[2026-07-23 17:17:04] [DEBUG] Session token refreshed
[2026-07-23 17:17:06] [INFO] Successfully processed background job #4912
[2026-07-23 17:17:07] [DEBUG] Session token refreshed
[2026-07-23 17:17:09] [INFO] Connection established to message queue
[2026-07-23 17:17:10] [INFO] User admin logged in from 192.168.1.100
[2026-07-23 17:17:14] [INFO] System started successfully
[2026-07-23 17:17:16] [INFO] Cache hit for key user_profile_123
[2026-07-23 17:17:20] [DEBUG] Initializing cache manager
[2026-07-23 17:17:24] [INFO] Handling user request for /api/v1/data
[2026-07-23 17:17:26] [ERROR] Invalid password provided for account admin
[2026-07-23 17:17:29] [DEBUG] Session token refreshed
[2026-07-23 17:17:33] [INFO] System started successfully
[2026-07-23 17:17:37] [INFO] Cache hit for key user_profile_123
[2026-07-23 17:17:39] [INFO] Handling user request for /api/v1/data
[2026-07-23 17:17:41] [DEBUG] Session token refreshed
[2026-07-23 17:17:44] [DEBUG] Parsing JSON payload
[2026-07-23 17:17:45] [DEBUG] Parsing JSON payload
[2026-07-23 17:17:46] [DEBUG] Initializing cache manager
[2026-07-23 17:17:49] [INFO] Connection established to message queue
[2026-07-23 17:17:50] [INFO] Successfully processed background job #4912
[2026-07-23 17:17:51] [INFO] Handling user request for /api/v1/data
[2026-07-23 17:17:55] [INFO] User admin logged in from 192.168.1.100
[2026-07-23 17:17:57] [INFO] Handling user request for /api/v1/data
[2026-07-23 17:17:58] [INFO] Connection established to message queue
[2026-07-23 17:18:00] [DEBUG] Initializing cache manager
[2026-07-23 17:18:02] [INFO] Cache hit for key user_profile_123
[2026-07-23 17:18:06] [INFO] Connection established to message queue
[2026-07-23 17:18:08] [INFO] Connection established to message queue
[2026-07-23 17:18:09] [INFO] Connection established to message queue
[2026-07-23 17:18:09] [INFO] User admin logged in from 192.168.1.100
[2026-07-23 17:18:09] [INFO] User admin logged in from 192.168.1.100
[2026-07-23 17:18:12] [INFO] Handling user request for /api/v1/data
[2026-07-23 17:18:14] [WARNING] High memory usage detected (85%)
[2026-07-23 17:18:17] [DEBUG] Initializing cache manager
[2026-07-23 17:18:17] [INFO] Connection established to message queue
[2026-07-23 17:18:21] [WARNING] Deprecated API usage detected in legacy_module.py
[2026-07-23 17:18:23] [INFO] System started successfully
[2026-07-23 17:18:23] [DEBUG] Initializing cache manager
[2026-07-23 17:18:27] [INFO] Handling user request for /api/v1/data
[2026-07-23 17:18:28] [ERROR] Invalid password provided for account admin
[2026-07-23 17:18:30] [INFO] Cache hit for key user_profile_123
[2026-07-23 17:18:31] [INFO] Connection established to message queue
[2026-07-23 17:18:34] [INFO] System started successfully
[2026-07-23 17:18:36] [DEBUG] Initializing cache manager
[2026-07-23 17:18:39] [DEBUG] Fetching row 4021 from database
[2026-07-23 17:18:40] [INFO] Handling user request for /api/v1/data
[2026-07-23 17:18:44] [INFO] Successfully processed background job #4912
[2026-07-23 17:18:46] [INFO] Successfully processed background job #4912
[2026-07-23 17:18:47] [INFO] Handling user request for /api/v1/data
[2026-07-23 17:18:50] [INFO] Successfully processed background job #4912
[2026-07-23 17:18:55] [WARNING] Rate limit approaching for IP 10.0.0.55
[2026-07-23 17:18:57] [DEBUG] Fetching row 4021 from database
[2026-07-23 17:18:58] [INFO] User admin logged in from 192.168.1.100
[2026-07-23 17:18:59] [INFO] Cache hit for key user_profile_123
[2026-07-23 17:19:01] [ERROR] Invalid password provided for account admin
[2026-07-23 17:19:06] [DEBUG] Session token refreshed
[2026-07-23 17:19:09] [INFO] User admin logged in from 192.168.1.100
[2026-07-23 17:19:11] [INFO] Handling user request for /api/v1/data
[2026-07-23 17:19:11] [DEBUG] Session token refreshed
[2026-07-23 17:19:14] [INFO] Cache hit for key user_profile_123
[2026-07-23 17:19:16] [INFO] Cache hit for key user_profile_123
[2026-07-23 17:19:20] [ERROR] MySQL Error: Deadlock found when trying to get lock
[2026-07-23 17:19:20] [INFO] Connection established to message queue
[2026-07-23 17:19:24] [INFO] Cache hit for key user_profile_123
[2026-07-23 17:19:27] [DEBUG] Initializing cache manager
[2026-07-23 17:19:31] [INFO] Cache hit for key user_profile_123
[2026-07-23 17:19:35] [INFO] Connection established to message queue
[2026-07-23 17:19:39] [CRITICAL] Timeout while waiting for external service after 30000ms
[2026-07-23 17:19:44] [INFO] Cache hit for key user_profile_123
[2026-07-23 17:19:48] [INFO] Cache hit for key user_profile_123
[2026-07-23 17:19:52] [INFO] Cache hit for key user_profile_123
[2026-07-23 17:19:56] [INFO] Handling user request for /api/v1/data
[2026-07-23 17:19:59] [INFO] Handling user request for /api/v1/data
[2026-07-23 17:20:03] [INFO] Handling user request for /api/v1/data
[2026-07-23 17:20:08] [WARNING] High memory usage detected (85%)
[2026-07-23 17:20:10] [INFO] Successfully processed background job #4912
[2026-07-23 17:20:11] [INFO] Successfully processed background job #4912
[2026-07-23 17:20:13] [DEBUG] Fetching row 4021 from database
[2026-07-23 17:20:17] [INFO] System started successfully
[2026-07-23 17:20:17] [INFO] Connection established to message queue
[2026-07-23 17:20:20] [INFO] Successfully processed background job #4912
[2026-07-23 17:20:23] [WARNING] Deprecated API usage detected in legacy_module.py
[2026-07-23 17:20:27] [WARNING] High memory usage detected (85%)
[2026-07-23 17:20:28] [INFO] Cache hit for key user_profile_123
[2026-07-23 17:20:28] [INFO] Cache hit for key user_profile_123
[2026-07-23 17:20:30] [DEBUG] Fetching row 4021 from database
[2026-07-23 17:20:34] [INFO] Handling user request for /api/v1/data
[2026-07-23 17:20:35] [ERROR] Authentication failed for user guest
[2026-07-23 17:20:40] [DEBUG] Initializing cache manager
[2026-07-23 17:20:42] [INFO] User admin logged in from 192.168.1.100
[2026-07-23 17:20:47] [INFO] Cache hit for key user_profile_123
[2026-07-23 17:20:50] [INFO] Cache hit for key user_profile_123
[2026-07-23 17:20:54] [INFO] Cache hit for key user_profile_123
[2026-07-23 17:20:59] [INFO] System started successfully
[2026-07-23 17:21:04] [WARNING] Rate limit approaching for IP 10.0.0.55
[2026-07-23 17:21:07] [INFO] Connection established to message queue
[2026-07-23 17:21:07] [DEBUG] Session token refreshed
[2026-07-23 17:21:07] [INFO] Connection established to message queue
[2026-07-23 17:21:11] [INFO] Connection established to message queue
[2026-07-23 17:21:12] [INFO] Cache hit for key user_profile_123
[2026-07-23 17:21:14] [INFO] User admin logged in from 192.168.1.100
[2026-07-23 17:21:15] [INFO] User admin logged in from 192.168.1.100
[2026-07-23 17:21:19] [INFO] User admin logged in from 192.168.1.100
[2026-07-23 17:21:23] [DEBUG] Parsing JSON payload
[2026-07-23 17:21:28] [INFO] User admin logged in from 192.168.1.100
[2026-07-23 17:21:29] [INFO] Successfully processed background job #4912
[2026-07-23 17:21:33] [INFO] Successfully processed background job #4912
[2026-07-23 17:21:35] [INFO] Successfully processed background job #4912
[2026-07-23 17:21:38] [INFO] Successfully processed background job #4912
[2026-07-23 17:21:38] [INFO] Connection established to message queue
[2026-07-23 17:21:42] [DEBUG] Parsing JSON payload
[2026-07-23 17:21:43] [INFO] System started successfully
[2026-07-23 17:21:44] [INFO] Handling user request for /api/v1/data
[2026-07-23 17:21:46] [DEBUG] Session token refreshed
[2026-07-23 17:21:46] [DEBUG] Initializing cache manager
[2026-07-23 17:21:49] [DEBUG] Parsing JSON payload
[2026-07-23 17:21:53] [INFO] System started successfully
[2026-07-23 17:21:54] [DEBUG] Initializing cache manager
[2026-07-23 17:21:58] [INFO] Handling user request for /api/v1/data
[2026-07-23 17:22:00] [INFO] User admin logged in from 192.168.1.100
[2026-07-23 17:22:04] [INFO] System started successfully
[2026-07-23 17:22:05] [INFO] Cache hit for key user_profile_123
[2026-07-23 17:22:08] [INFO] Cache hit for key user_profile_123
[2026-07-23 17:22:12] [DEBUG] Initializing cache manager
[2026-07-23 17:22:14] [ERROR] Database connection failed: Connection refused
[2026-07-23 17:22:18] [INFO] Cache hit for key user_profile_123
[2026-07-23 17:22:18] [WARNING] Deprecated API usage detected in legacy_module.py
[2026-07-23 17:22:20] [ERROR] NullPointerException in DataProcessor class
[2026-07-23 17:22:21] [ERROR] NullPointerException in DataProcessor class
[2026-07-23 17:22:21] [INFO] Cache hit for key user_profile_123
[2026-07-23 17:22:23] [WARNING] Rate limit approaching for IP 10.0.0.55
[2026-07-23 17:22:25] [INFO] Handling user request for /api/v1/data
[2026-07-23 17:22:28] [INFO] User admin logged in from 192.168.1.100
[2026-07-23 17:22:31] [ERROR] Invalid password provided for account admin
[2026-07-23 17:22:36] [INFO] Successfully processed background job #4912
[2026-07-23 17:22:38] [DEBUG] Parsing JSON payload
[2026-07-23 17:22:40] [CRITICAL] Service crashed with exit code 137
[2026-07-23 17:22:42] [INFO] System started successfully
[2026-07-23 17:22:45] [INFO] Successfully processed background job #4912
[2026-07-23 17:22:50] [INFO] Successfully processed background job #4912
[2026-07-23 17:22:53] [WARNING] Deprecated API usage detected in legacy_module.py
[2026-07-23 17:22:57] [INFO] Cache hit for key user_profile_123
[2026-07-23 17:23:01] [INFO] User admin logged in from 192.168.1.100
[2026-07-23 17:23:03] [DEBUG] Session token refreshed
[2026-07-23 17:23:06] [INFO] Connection established to message queue
[2026-07-23 17:23:09] [INFO] Cache hit for key user_profile_123
[2026-07-23 17:23:10] [INFO] System started successfully
[2026-07-23 17:23:14] [ERROR] MySQL Error: Deadlock found when trying to get lock
[2026-07-23 17:23:14] [INFO] Handling user request for /api/v1/data
[2026-07-23 17:23:18] [WARNING] Deprecated API usage detected in legacy_module.py
[2026-07-23 17:23:21] [DEBUG] Parsing JSON payload
[2026-07-23 17:23:23] [WARNING] High memory usage detected (85%)
[2026-07-23 17:23:28] [DEBUG] Parsing JSON payload
[2026-07-23 17:23:30] [INFO] System started successfully
[2026-07-23 17:23:32] [INFO] User admin logged in from 192.168.1.100
[2026-07-23 17:23:36] [INFO] User admin logged in from 192.168.1.100
[2026-07-23 17:23:37] [INFO] Cache hit for key user_profile_123
[2026-07-23 17:23:39] [DEBUG] Parsing JSON payload
[2026-07-23 17:23:43] [INFO] System started successfully
[2026-07-23 17:23:47] [INFO] Connection established to message queue
[2026-07-23 17:23:50] [INFO] Cache hit for key user_profile_123
[2026-07-23 17:23:55] [INFO] Successfully processed background job #4912
[2026-07-23 17:23:56] [DEBUG] Parsing JSON payload
[2026-07-23 17:23:58] [INFO] System started successfully
[2026-07-23 17:24:02] [INFO] Cache hit for key user_profile_123
[2026-07-23 17:24:05] [ERROR] Authentication failed for user guest
[2026-07-23 17:24:08] [ERROR] Invalid password provided for account admin
[2026-07-23 17:24:11] [DEBUG] Parsing JSON payload
[2026-07-23 17:24:12] [INFO] Cache hit for key user_profile_123
[2026-07-23 17:24:15] [INFO] Cache hit for key user_profile_123
[2026-07-23 17:24:18] [WARNING] Rate limit approaching for IP 10.0.0.55
[2026-07-23 17:24:22] [INFO] System started successfully
[2026-07-23 17:24:25] [INFO] Handling user request for /api/v1/data
[2026-07-23 17:24:27] [ERROR] Database connection failed: Connection refused
[2026-07-23 17:24:27] [INFO] System started successfully
[2026-07-23 17:24:28] [DEBUG] Fetching row 4021 from database
[2026-07-23 17:24:29] [INFO] User admin logged in from 192.168.1.100
[2026-07-23 17:24:31] [INFO] User admin logged in from 192.168.1.100
[2026-07-23 17:24:34] [INFO] Successfully processed background job #4912
[2026-07-23 17:24:37] [INFO] Cache hit for key user_profile_123
[2026-07-23 17:24:41] [INFO] Cache hit for key user_profile_123
[2026-07-23 17:24:45] [INFO] Successfully processed background job #4912
[2026-07-23 17:24:48] [INFO] Cache hit for key user_profile_123
[2026-07-23 17:24:49] [INFO] System started successfully
[2026-07-23 17:24:52] [WARNING] Deprecated API usage detected in legacy_module.py
[2026-07-23 17:24:56] [INFO] Handling user request for /api/v1/data
[2026-07-23 17:25:01] [INFO] Handling user request for /api/v1/data
[2026-07-23 17:25:03] [INFO] Successfully processed background job #4912
[2026-07-23 17:25:06] [INFO] Successfully processed background job #4912
[2026-07-23 17:25:08] [DEBUG] Session token refreshed
[2026-07-23 17:25:11] [INFO] Connection established to message queue
[2026-07-23 17:25:15] [INFO] Cache hit for key user_profile_123
[2026-07-23 17:25:19] [INFO] Successfully processed background job #4912
[2026-07-23 17:25:21] [INFO] System started successfully
[2026-07-23 17:25:25] [INFO] Cache hit for key user_profile_123
[2026-07-23 17:25:28] [DEBUG] Fetching row 4021 from database
[2026-07-23 17:25:31] [INFO] User admin logged in from 192.168.1.100
[2026-07-23 17:25:34] [DEBUG] Session token refreshed
[2026-07-23 17:25:36] [DEBUG] Fetching row 4021 from database
[2026-07-23 17:25:39] [DEBUG] Initializing cache manager
[2026-07-23 17:25:43] [INFO] User admin logged in from 192.168.1.100
[2026-07-23 17:25:43] [INFO] User admin logged in from 192.168.1.100
[2026-07-23 17:25:45] [INFO] User admin logged in from 192.168.1.100
[2026-07-23 17:25:48] [INFO] Handling user request for /api/v1/data
[2026-07-23 17:25:50] [INFO] Handling user request for /api/v1/data
[2026-07-23 17:25:53] [INFO] Handling user request for /api/v1/data
[2026-07-23 17:25:57] [INFO] Connection established to message queue
[2026-07-23 17:25:59] [DEBUG] Session token refreshed
[2026-07-23 17:26:02] [INFO] Successfully processed background job #4912
[2026-07-23 17:26:05] [DEBUG] Session token refreshed
[2026-07-23 17:26:06] [WARNING] High memory usage detected (85%)
[2026-07-23 17:26:07] [CRITICAL] Service crashed with exit code 137
[2026-07-23 17:26:09] [INFO] System started successfully
[2026-07-23 17:26:12] [INFO] Successfully processed background job #4912
[2026-07-23 17:26:13] [DEBUG] Initializing cache manager
[2026-07-23 17:26:13] [WARNING] High memory usage detected (85%)
[2026-07-23 17:26:14] [INFO] Connection established to message queue
[2026-07-23 17:26:18] [INFO] Handling user request for /api/v1/data
[2026-07-23 17:26:21] [DEBUG] Session token refreshed
[2026-07-23 17:26:23] [INFO] System started successfully
[2026-07-23 17:26:27] [INFO] Connection established to message queue
[2026-07-23 17:26:31] [ERROR] MySQL Error: Deadlock found when trying to get lock
[2026-07-23 17:26:33] [INFO] User admin logged in from 192.168.1.100
[2026-07-23 17:26:36] [INFO] System started successfully
[2026-07-23 17:26:40] [INFO] System started successfully
[2026-07-23 17:26:42] [INFO] Handling user request for /api/v1/data
[2026-07-23 17:26:44] [INFO] Cache hit for key user_profile_123
[2026-07-23 17:26:48] [INFO] System started successfully
[2026-07-23 17:26:52] [DEBUG] Fetching row 4021 from database
[2026-07-23 17:26:52] [INFO] System started successfully
[2026-07-23 17:26:54] [INFO] System started successfully
[2026-07-23 17:26:58] [INFO] System started successfully
[2026-07-23 17:27:00] [INFO] User admin logged in from 192.168.1.100
[2026-07-23 17:27:04] [INFO] User admin logged in from 192.168.1.100
[2026-07-23 17:27:08] [INFO] User admin logged in from 192.168.1.100
[2026-07-23 17:27:09] [INFO] System started successfully
[2026-07-23 17:27:11] [INFO] User admin logged in from 192.168.1.100
[2026-07-23 17:27:11] [WARNING] Rate limit approaching for IP 10.0.0.55
[2026-07-23 17:27:14] [INFO] Connection established to message queue
[2026-07-23 17:27:19] [INFO] Successfully processed background job #4912
[2026-07-23 17:27:20] [ERROR] NullPointerException in DataProcessor class
[2026-07-23 17:27:25] [INFO] System started successfully
[2026-07-23 17:27:29] [INFO] Successfully processed background job #4912
[2026-07-23 17:27:31] [INFO] Successfully processed background job #4912
[2026-07-23 17:27:34] [ERROR] Database connection failed: Connection refused
[2026-07-23 17:27:36] [ERROR] Database connection failed: Connection refused
[2026-07-23 17:27:39] [INFO] Handling user request for /api/v1/data
[2026-07-23 17:27:41] [INFO] Connection established to message queue
[2026-07-23 17:27:44] [DEBUG] Session token refreshed
[2026-07-23 17:27:47] [INFO] Connection established to message queue
[2026-07-23 17:27:48] [INFO] Cache hit for key user_profile_123
[2026-07-23 17:27:50] [INFO] Connection established to message queue
[2026-07-23 17:27:51] [ERROR] Authentication failed for user guest
[2026-07-23 17:27:53] [INFO] Cache hit for key user_profile_123
[2026-07-23 17:27:56] [INFO] Cache hit for key user_profile_123
[2026-07-23 17:27:59] [DEBUG] Fetching row 4021 from database
[2026-07-23 17:28:02] [INFO] Handling user request for /api/v1/data
[2026-07-23 17:28:04] [DEBUG] Parsing JSON payload
[2026-07-23 17:28:07] [INFO] Successfully processed background job #4912
[2026-07-23 17:28:09] [INFO] Cache hit for key user_profile_123
[2026-07-23 17:28:09] [INFO] User admin logged in from 192.168.1.100
[2026-07-23 17:28:11] [INFO] System started successfully
[2026-07-23 17:28:14] [INFO] User admin logged in from 192.168.1.100
[2026-07-23 17:28:18] [INFO] Handling user request for /api/v1/data
[2026-07-23 17:28:21] [INFO] Connection established to message queue
[2026-07-23 17:28:24] [INFO] System started successfully
[2026-07-23 17:28:26] [INFO] System started successfully
[2026-07-23 17:28:26] [INFO] Successfully processed background job #4912
[2026-07-23 17:28:27] [INFO] Connection established to message queue
[2026-07-23 17:28:29] [INFO] Connection established to message queue
[2026-07-23 17:28:33] [INFO] Cache hit for key user_profile_123
[2026-07-23 17:28:34] [INFO] System started successfully
[2026-07-23 17:28:38] [ERROR] Database connection failed: Connection refused
[2026-07-23 17:28:39] [WARNING] Rate limit approaching for IP 10.0.0.55
[2026-07-23 17:28:41] [INFO] User admin logged in from 192.168.1.100
[2026-07-23 17:28:41] [ERROR] Database connection failed: Connection refused
[2026-07-23 17:28:44] [CRITICAL] Disk space exhausted on /var/log
[2026-07-23 17:28:45] [INFO] Connection established to message queue
[2026-07-23 17:28:48] [ERROR] Invalid password provided for account admin
[2026-07-23 17:28:51] [INFO] User admin logged in from 192.168.1.100
[2026-07-23 17:28:53] [INFO] Handling user request for /api/v1/data
[2026-07-23 17:28:54] [WARNING] Deprecated API usage detected in legacy_module.py
[2026-07-23 17:28:57] [INFO] Cache hit for key user_profile_123
[2026-07-23 17:29:01] [INFO] Handling user request for /api/v1/data
[2026-07-23 17:29:04] [INFO] System started successfully
[2026-07-23 17:29:07] [INFO] User admin logged in from 192.168.1.100
[2026-07-23 17:29:07] [INFO] Successfully processed background job #4912
[2026-07-23 17:29:10] [INFO] System started successfully
[2026-07-23 17:29:15] [INFO] Connection established to message queue
[2026-07-23 17:29:15] [CRITICAL] Timeout while waiting for external service after 30000ms
[2026-07-23 17:29:17] [INFO] User admin logged in from 192.168.1.100
[2026-07-23 17:29:19] [INFO] Cache hit for key user_profile_123
[2026-07-23 17:29:22] [INFO] Connection established to message queue
[2026-07-23 17:29:26] [INFO] Successfully processed background job #4912
[2026-07-23 17:29:28] [INFO] Handling user request for /api/v1/data
[2026-07-23 17:29:28] [WARNING] High memory usage detected (85%)
[2026-07-23 17:29:31] [INFO] User admin logged in from 192.168.1.100
[2026-07-23 17:29:33] [DEBUG] Session token refreshed
[2026-07-23 17:29:37] [INFO] System started successfully
[2026-07-23 17:29:40] [INFO] User admin logged in from 192.168.1.100
[2026-07-23 17:29:45] [INFO] System started successfully
[2026-07-23 17:29:50] [INFO] Successfully processed background job #4912
[2026-07-23 17:29:55] [INFO] User admin logged in from 192.168.1.100
[2026-07-23 17:29:57] [INFO] System started successfully
[2026-07-23 17:30:02] [INFO] User admin logged in from 192.168.1.100
[2026-07-23 17:30:03] [INFO] Cache hit for key user_profile_123
[2026-07-23 17:30:08] [INFO] Cache hit for key user_profile_123
[2026-07-23 17:30:10] [DEBUG] Parsing JSON payload
[2026-07-23 17:30:14] [WARNING] Deprecated API usage detected in legacy_module.py
[2026-07-23 17:30:18] [ERROR] Invalid password provided for account admin
[2026-07-23 17:30:23] [INFO] Handling user request for /api/v1/data
[2026-07-23 17:30:26] [INFO] Successfully processed background job #4912
[2026-07-23 17:30:30] [DEBUG] Initializing cache manager
[2026-07-23 17:30:34] [DEBUG] Parsing JSON payload
[2026-07-23 17:30:37] [INFO] Handling user request for /api/v1/data
[2026-07-23 17:30:40] [INFO] Successfully processed background job #4912
[2026-07-23 17:30:42] [DEBUG] Initializing cache manager
[2026-07-23 17:30:44] [INFO] Handling user request for /api/v1/data
[2026-07-23 17:30:47] [WARNING] High memory usage detected (85%)
[2026-07-23 17:30:51] [INFO] User admin logged in from 192.168.1.100
[2026-07-23 17:30:54] [INFO] Cache hit for key user_profile_123
[2026-07-23 17:30:58] [INFO] Handling user request for /api/v1/data
[2026-07-23 17:31:01] [ERROR] MySQL Error: Deadlock found when trying to get lock
[2026-07-23 17:31:02] [WARNING] Rate limit approaching for IP 10.0.0.55
[2026-07-23 17:31:02] [INFO] System started successfully
[2026-07-23 17:31:03] [INFO] User admin logged in from 192.168.1.100
[2026-07-23 17:31:05] [INFO] System started successfully
[2026-07-23 17:31:05] [INFO] User admin logged in from 192.168.1.100
[2026-07-23 17:31:06] [WARNING] Deprecated API usage detected in legacy_module.py
[2026-07-23 17:31:07] [INFO] Successfully processed background job #4912
[2026-07-23 17:31:10] [INFO] Connection established to message queue
[2026-07-23 17:31:12] [INFO] Handling user request for /api/v1/data
[2026-07-23 17:31:15] [WARNING] Deprecated API usage detected in legacy_module.py
[2026-07-23 17:31:16] [INFO] Connection established to message queue
[2026-07-23 17:31:18] [INFO] User admin logged in from 192.168.1.100
[2026-07-23 17:31:20] [INFO] Connection established to message queue
[2026-07-23 17:31:22] [INFO] Cache hit for key user_profile_123
[2026-07-23 17:31:23] [INFO] Successfully processed background job #4912
[2026-07-23 17:31:26] [DEBUG] Fetching row 4021 from database
[2026-07-23 17:31:30] [INFO] Cache hit for key user_profile_123
[2026-07-23 17:31:30] [INFO] Successfully processed background job #4912
[2026-07-23 17:31:32] [INFO] System started successfully
[2026-07-23 17:31:35] [WARNING] Deprecated API usage detected in legacy_module.py
[2026-07-23 17:31:40] [WARNING] Rate limit approaching for IP 10.0.0.55
[2026-07-23 17:31:45] [INFO] Cache hit for key user_profile_123
[2026-07-23 17:31:48] [INFO] Successfully processed background job #4912
[2026-07-23 17:31:52] [INFO] User admin logged in from 192.168.1.100
[2026-07-23 17:31:56] [INFO] Successfully processed background job #4912
[2026-07-23 17:31:58] [DEBUG] Initializing cache manager
[2026-07-23 17:32:01] [ERROR] NullPointerException in DataProcessor class
[2026-07-23 17:32:06] [INFO] System started successfully
[2026-07-23 17:32:06] [INFO] Successfully processed background job #4912
[2026-07-23 17:32:10] [ERROR] MySQL Error: Deadlock found when trying to get lock
[2026-07-23 17:32:12] [INFO] User admin logged in from 192.168.1.100
[2026-07-23 17:32:13] [DEBUG] Initializing cache manager
[2026-07-23 17:32:17] [INFO] Successfully processed background job #4912
[2026-07-23 17:32:20] [INFO] Handling user request for /api/v1/data
[2026-07-23 17:32:24] [INFO] Successfully processed background job #4912
[2026-07-23 17:32:25] [DEBUG] Parsing JSON payload
[2026-07-23 17:32:27] [DEBUG] Parsing JSON payload
[2026-07-23 17:32:28] [DEBUG] Initializing cache manager
[2026-07-23 17:32:32] [INFO] Successfully processed background job #4912
[2026-07-23 17:32:35] [INFO] Connection established to message queue
[2026-07-23 17:32:37] [ERROR] Invalid password provided for account admin
[2026-07-23 17:32:37] [INFO] Handling user request for /api/v1/data
[2026-07-23 17:32:42] [INFO] Successfully processed background job #4912
[2026-07-23 17:32:44] [INFO] Cache hit for key user_profile_123
[2026-07-23 17:32:46] [WARNING] Rate limit approaching for IP 10.0.0.55
[2026-07-23 17:32:50] [ERROR] Authentication failed for user guest
[2026-07-23 17:32:54] [WARNING] Deprecated API usage detected in legacy_module.py
[2026-07-23 17:32:54] [DEBUG] Session token refreshed
[2026-07-23 17:32:59] [INFO] Successfully processed background job #4912
[2026-07-23 17:33:00] [WARNING] High memory usage detected (85%)
[2026-07-23 17:33:05] [INFO] System started successfully
[2026-07-23 17:33:06] [INFO] Successfully processed background job #4912
[2026-07-23 17:33:09] [ERROR] Database connection failed: Connection refused
[2026-07-23 17:33:12] [INFO] System started successfully
[2026-07-23 17:33:16] [DEBUG] Fetching row 4021 from database
[2026-07-23 17:33:18] [INFO] Handling user request for /api/v1/data
[2026-07-23 17:33:21] [WARNING] Rate limit approaching for IP 10.0.0.55
[2026-07-23 17:33:25] [INFO] Successfully processed background job #4912
[2026-07-23 17:33:28] [INFO] Connection established to message queue
[2026-07-23 17:33:31] [INFO] User admin logged in from 192.168.1.100
[2026-07-23 17:33:34] [INFO] Connection established to message queue
[2026-07-23 17:33:37] [INFO] Cache hit for key user_profile_123
[2026-07-23 17:33:39] [INFO] Cache hit for key user_profile_123
[2026-07-23 17:33:40] [INFO] User admin logged in from 192.168.1.100
[2026-07-23 17:33:42] [INFO] Connection established to message queue
[2026-07-23 17:33:45] [DEBUG] Initializing cache manager
[2026-07-23 17:33:48] [INFO] Connection established to message queue
[2026-07-23 17:33:52] [WARNING] Deprecated API usage detected in legacy_module.py
[2026-07-23 17:33:53] [WARNING] High memory usage detected (85%)
[2026-07-23 17:33:55] [INFO] Handling user request for /api/v1/data
[2026-07-23 17:33:58] [INFO] System started successfully
[2026-07-23 17:34:03] [INFO] User admin logged in from 192.168.1.100
[2026-07-23 17:34:08] [INFO] Successfully processed background job #4912
[2026-07-23 17:34:08] [INFO] Successfully processed background job #4912
[2026-07-23 17:34:09] [INFO] System started successfully
[2026-07-23 17:34:10] [INFO] System started successfully
[2026-07-23 17:34:11] [INFO] Cache hit for key user_profile_123
[2026-07-23 17:34:12] [INFO] System started successfully
[2026-07-23 17:34:14] [INFO] User admin logged in from 192.168.1.100
[2026-07-23 17:34:15] [ERROR] Invalid password provided for account admin
[2026-07-23 17:34:16] [INFO] User admin logged in from 192.168.1.100
[2026-07-23 17:34:16] [INFO] Successfully processed background job #4912
[2026-07-23 17:34:18] [WARNING] Deprecated API usage detected in legacy_module.py
[2026-07-23 17:34:19] [INFO] Cache hit for key user_profile_123
[2026-07-23 17:34:23] [DEBUG] Initializing cache manager
[2026-07-23 17:34:27] [INFO] Cache hit for key user_profile_123
[2026-07-23 17:34:28] [INFO] System started successfully
[2026-07-23 17:34:29] [INFO] System started successfully
[2026-07-23 17:34:30] [WARNING] High memory usage detected (85%)
[2026-07-23 17:34:34] [DEBUG] Parsing JSON payload
[2026-07-23 17:34:36] [INFO] System started successfully
[2026-07-23 17:34:40] [INFO] Connection established to message queue
[2026-07-23 17:34:43] [INFO] Handling user request for /api/v1/data
[2026-07-23 17:34:45] [INFO] Cache hit for key user_profile_123
[2026-07-23 17:34:49] [INFO] Successfully processed background job #4912
[2026-07-23 17:34:52] [DEBUG] Fetching row 4021 from database
[2026-07-23 17:34:56] [INFO] Connection established to message queue
[2026-07-23 17:34:58] [DEBUG] Session token refreshed
[2026-07-23 17:35:00] [INFO] Successfully processed background job #4912
[2026-07-23 17:35:04] [INFO] System started successfully
[2026-07-23 17:35:05] [INFO] Connection established to message queue
[2026-07-23 17:35:07] [INFO] Connection established to message queue
[2026-07-23 17:35:09] [INFO] User admin logged in from 192.168.1.100
[2026-07-23 17:35:10] [ERROR] NullPointerException in DataProcessor class
[2026-07-23 17:35:14] [INFO] Connection established to message queue
[2026-07-23 17:35:17] [INFO] System started successfully
[2026-07-23 17:35:21] [INFO] Handling user request for /api/v1/data
[2026-07-23 17:35:26] [INFO] Cache hit for key user_profile_123
[2026-07-23 17:35:27] [INFO] Successfully processed background job #4912
[2026-07-23 17:35:31] [INFO] User admin logged in from 192.168.1.100
[2026-07-23 17:35:33] [INFO] User admin logged in from 192.168.1.100
[2026-07-23 17:35:36] [ERROR] MySQL Error: Deadlock found when trying to get lock
[2026-07-23 17:35:37] [INFO] System started successfully
[2026-07-23 17:35:41] [ERROR] Database connection failed: Connection refused
[2026-07-23 17:35:42] [INFO] Cache hit for key user_profile_123
[2026-07-23 17:35:46] [INFO] Successfully processed background job #4912
[2026-07-23 17:35:50] [INFO] Connection established to message queue
[2026-07-23 17:35:51] [INFO] System started successfully
[2026-07-23 17:35:56] [DEBUG] Parsing JSON payload
[2026-07-23 17:35:59] [INFO] System started successfully
[2026-07-23 17:35:59] [INFO] Handling user request for /api/v1/data
[2026-07-23 17:36:01] [INFO] Handling user request for /api/v1/data
[2026-07-23 17:36:02] [INFO] Handling user request for /api/v1/data
[2026-07-23 17:36:02] [INFO] Successfully processed background job #4912
[2026-07-23 17:36:03] [DEBUG] Initializing cache manager
[2026-07-23 17:36:07] [INFO] Cache hit for key user_profile_123
[2026-07-23 17:36:12] [DEBUG] Fetching row 4021 from database
[2026-07-23 17:36:14] [WARNING] Deprecated API usage detected in legacy_module.py
[2026-07-23 17:36:17] [INFO] Cache hit for key user_profile_123
[2026-07-23 17:36:21] [INFO] System started successfully
[2026-07-23 17:36:22] [WARNING] Rate limit approaching for IP 10.0.0.55
[2026-07-23 17:36:27] [INFO] User admin logged in from 192.168.1.100
[2026-07-23 17:36:31] [INFO] Connection established to message queue
[2026-07-23 17:36:35] [DEBUG] Parsing JSON payload
[2026-07-23 17:36:38] [ERROR] MySQL Error: Deadlock found when trying to get lock
[2026-07-23 17:36:40] [WARNING] High memory usage detected (85%)
[2026-07-23 17:36:42] [WARNING] Deprecated API usage detected in legacy_module.py
[2026-07-23 17:36:45] [INFO] User admin logged in from 192.168.1.100
[2026-07-23 17:36:49] [INFO] User admin logged in from 192.168.1.100
[2026-07-23 17:36:50] [INFO] Connection established to message queue
[2026-07-23 17:36:54] [INFO] Cache hit for key user_profile_123
[2026-07-23 17:36:56] [INFO] Connection established to message queue
[2026-07-23 17:37:01] [ERROR] NullPointerException in DataProcessor class
[2026-07-23 17:37:04] [INFO] Connection established to message queue
[2026-07-23 17:37:07] [DEBUG] Initializing cache manager
[2026-07-23 17:37:07] [INFO] User admin logged in from 192.168.1.100
[2026-07-23 17:37:07] [INFO] Connection established to message queue
[2026-07-23 17:37:12] [INFO] System started successfully
[2026-07-23 17:37:13] [INFO] Successfully processed background job #4912
[2026-07-23 17:37:17] [INFO] User admin logged in from 192.168.1.100
[2026-07-23 17:37:22] [INFO] User admin logged in from 192.168.1.100
[2026-07-23 17:37:25] [INFO] Connection established to message queue
[2026-07-23 17:37:27] [INFO] Connection established to message queue
[2026-07-23 17:37:29] [WARNING] High memory usage detected (85%)
[2026-07-23 17:37:30] [INFO] Cache hit for key user_profile_123
[2026-07-23 17:37:33] [INFO] System started successfully
[2026-07-23 17:37:37] [INFO] Connection established to message queue
[2026-07-23 17:37:41] [WARNING] Deprecated API usage detected in legacy_module.py
[2026-07-23 17:37:41] [INFO] System started successfully
[2026-07-23 17:37:43] [DEBUG] Fetching row 4021 from database
[2026-07-23 17:37:43] [INFO] Handling user request for /api/v1/data
[2026-07-23 17:37:46] [INFO] User admin logged in from 192.168.1.100
[2026-07-23 17:37:50] [ERROR] Database connection failed: Connection refused
[2026-07-23 17:37:51] [INFO] Successfully processed background job #4912
[2026-07-23 17:37:55] [INFO] Connection established to message queue
[2026-07-23 17:37:55] [INFO] Connection established to message queue
[2026-07-23 17:37:58] [ERROR] Authentication failed for user guest
[2026-07-23 17:38:03] [INFO] User admin logged in from 192.168.1.100
[2026-07-23 17:38:07] [WARNING] Rate limit approaching for IP 10.0.0.55
[2026-07-23 17:38:08] [DEBUG] Parsing JSON payload
[2026-07-23 17:38:11] [INFO] Successfully processed background job #4912
[2026-07-23 17:38:13] [DEBUG] Initializing cache manager
[2026-07-23 17:38:13] [DEBUG] Initializing cache manager
[2026-07-23 17:38:15] [INFO] Connection established to message queue
[2026-07-23 17:38:16] [INFO] User admin logged in from 192.168.1.100
[2026-07-23 17:38:16] [INFO] Connection established to message queue
[2026-07-23 17:38:18] [ERROR] Authentication failed for user guest
[2026-07-23 17:38:22] [INFO] System started successfully
[2026-07-23 17:38:23] [DEBUG] Initializing cache manager
[2026-07-23 17:38:28] [INFO] User admin logged in from 192.168.1.100
[2026-07-23 17:38:30] [INFO] Handling user request for /api/v1/data
[2026-07-23 17:38:33] [INFO] User admin logged in from 192.168.1.100
[2026-07-23 17:38:34] [INFO] User admin logged in from 192.168.1.100
[2026-07-23 17:38:38] [DEBUG] Session token refreshed
[2026-07-23 17:38:41] [INFO] User admin logged in from 192.168.1.100
[2026-07-23 17:38:43] [WARNING] Deprecated API usage detected in legacy_module.py
[2026-07-23 17:38:43] [INFO] User admin logged in from 192.168.1.100
[2026-07-23 17:38:46] [INFO] User admin logged in from 192.168.1.100
[2026-07-23 17:38:47] [INFO] Successfully processed background job #4912
[2026-07-23 17:38:50] [INFO] User admin logged in from 192.168.1.100
[2026-07-23 17:38:51] [INFO] Successfully processed background job #4912
[2026-07-23 17:38:53] [INFO] Handling user request for /api/v1/data
[2026-07-23 17:38:55] [CRITICAL] Timeout while waiting for external service after 30000ms
[2026-07-23 17:38:59] [WARNING] High memory usage detected (85%)
[2026-07-23 17:39:04] [INFO] Connection established to message queue
[2026-07-23 17:39:07] [DEBUG] Session token refreshed
[2026-07-23 17:39:11] [DEBUG] Session token refreshed
[2026-07-23 17:39:14] [INFO] System started successfully
[2026-07-23 17:39:16] [INFO] User admin logged in from 192.168.1.100
[2026-07-23 17:39:16] [WARNING] Deprecated API usage detected in legacy_module.py
[2026-07-23 17:39:16] [INFO] Connection established to message queue
[2026-07-23 17:39:21] [INFO] Handling user request for /api/v1/data
[2026-07-23 17:39:22] [INFO] Handling user request for /api/v1/data
[2026-07-23 17:39:24] [INFO] User admin logged in from 192.168.1.100
[2026-07-23 17:39:25] [INFO] System started successfully
[2026-07-23 17:39:27] [INFO] Successfully processed background job #4912
[2026-07-23 17:39:28] [INFO] Cache hit for key user_profile_123
[2026-07-23 17:39:31] [INFO] System started successfully
[2026-07-23 17:39:34] [INFO] Handling user request for /api/v1/data
[2026-07-23 17:39:39] [INFO] Successfully processed background job #4912
[2026-07-23 17:39:43] [INFO] User admin logged in from 192.168.1.100
[2026-07-23 17:39:44] [INFO] Cache hit for key user_profile_123
[2026-07-23 17:39:46] [INFO] Connection established to message queue
[2026-07-23 17:39:48] [INFO] User admin logged in from 192.168.1.100
[2026-07-23 17:39:52] [INFO] Connection established to message queue
[2026-07-23 17:39:56] [ERROR] Invalid password provided for account admin
[2026-07-23 17:39:59] [INFO] Handling user request for /api/v1/data
[2026-07-23 17:40:02] [INFO] Successfully processed background job #4912
[2026-07-23 17:40:03] [INFO] Handling user request for /api/v1/data
[2026-07-23 17:40:07] [INFO] Handling user request for /api/v1/data
[2026-07-23 17:40:11] [INFO] Cache hit for key user_profile_123
[2026-07-23 17:40:11] [INFO] System started successfully
[2026-07-23 17:40:14] [INFO] User admin logged in from 192.168.1.100
[2026-07-23 17:40:16] [INFO] Connection established to message queue
[2026-07-23 17:40:18] [ERROR] MySQL Error: Deadlock found when trying to get lock
[2026-07-23 17:40:22] [INFO] Connection established to message queue
[2026-07-23 17:40:27] [WARNING] High memory usage detected (85%)
[2026-07-23 17:40:27] [INFO] Cache hit for key user_profile_123
[2026-07-23 17:40:29] [DEBUG] Parsing JSON payload
[2026-07-23 17:40:31] [INFO] Connection established to message queue
[2026-07-23 17:40:33] [INFO] Handling user request for /api/v1/data
[2026-07-23 17:40:36] [INFO] Cache hit for key user_profile_123
[2026-07-23 17:40:41] [INFO] System started successfully
[2026-07-23 17:40:46] [INFO] Connection established to message queue
[2026-07-23 17:40:49] [INFO] System started successfully
[2026-07-23 17:40:54] [WARNING] Deprecated API usage detected in legacy_module.py
[2026-07-23 17:40:57] [INFO] Cache hit for key user_profile_123
[2026-07-23 17:40:58] [INFO] Handling user request for /api/v1/data
[2026-07-23 17:40:58] [WARNING] Rate limit approaching for IP 10.0.0.55
[2026-07-23 17:41:03] [INFO] Cache hit for key user_profile_123
[2026-07-23 17:41:04] [INFO] User admin logged in from 192.168.1.100
[2026-07-23 17:41:05] [INFO] Cache hit for key user_profile_123
[2026-07-23 17:41:10] [INFO] User admin logged in from 192.168.1.100
[2026-07-23 17:41:12] [CRITICAL] Disk space exhausted on /var/log
[2026-07-23 17:41:16] [INFO] Cache hit for key user_profile_123
[2026-07-23 17:41:19] [INFO] Cache hit for key user_profile_123
[2026-07-23 17:41:19] [INFO] Successfully processed background job #4912
[2026-07-23 17:41:21] [INFO] Successfully processed background job #4912
[2026-07-23 17:41:25] [INFO] Connection established to message queue
[2026-07-23 17:41:25] [INFO] Cache hit for key user_profile_123
[2026-07-23 17:41:29] [INFO] System started successfully
[2026-07-23 17:41:31] [INFO] Successfully processed background job #4912
[2026-07-23 17:41:36] [DEBUG] Fetching row 4021 from database
[2026-07-23 17:41:39] [INFO] Connection established to message queue
[2026-07-23 17:41:40] [INFO] Successfully processed background job #4912
[2026-07-23 17:41:41] [ERROR] Database connection failed: Connection refused
[2026-07-23 17:41:44] [INFO] Connection established to message queue
[2026-07-23 17:41:46] [INFO] Successfully processed background job #4912
[2026-07-23 17:41:51] [INFO] Cache hit for key user_profile_123
[2026-07-23 17:41:54] [INFO] Connection established to message queue
[2026-07-23 17:41:55] [DEBUG] Session token refreshed
[2026-07-23 17:41:56] [INFO] Handling user request for /api/v1/data
[2026-07-23 17:41:59] [INFO] Successfully processed background job #4912
[2026-07-23 17:42:03] [INFO] User admin logged in from 192.168.1.100
[2026-07-23 17:42:08] [INFO] Connection established to message queue
[2026-07-23 17:42:12] [INFO] Successfully processed background job #4912
[2026-07-23 17:42:16] [INFO] Handling user request for /api/v1/data
[2026-07-23 17:42:18] [INFO] User admin logged in from 192.168.1.100
[2026-07-23 17:42:19] [INFO] User admin logged in from 192.168.1.100
[2026-07-23 17:42:20] [INFO] System started successfully
[2026-07-23 17:42:20] [DEBUG] Parsing JSON payload
[2026-07-23 17:42:21] [DEBUG] Fetching row 4021 from database
[2026-07-23 17:42:23] [DEBUG] Initializing cache manager
[2026-07-23 17:42:26] [INFO] User admin logged in from 192.168.1.100
[2026-07-23 17:42:27] [INFO] System started successfully
[2026-07-23 17:42:31] [WARNING] Deprecated API usage detected in legacy_module.py
[2026-07-23 17:42:33] [INFO] User admin logged in from 192.168.1.100
[2026-07-23 17:42:34] [WARNING] High memory usage detected (85%)
[2026-07-23 17:42:35] [INFO] Successfully processed background job #4912
[2026-07-23 17:42:38] [INFO] Successfully processed background job #4912
[2026-07-23 17:42:39] [INFO] User admin logged in from 192.168.1.100
[2026-07-23 17:42:41] [DEBUG] Fetching row 4021 from database
[2026-07-23 17:42:44] [INFO] Cache hit for key user_profile_123
[2026-07-23 17:42:44] [INFO] User admin logged in from 192.168.1.100
[2026-07-23 17:42:46] [INFO] Handling user request for /api/v1/data
[2026-07-23 17:42:48] [INFO] Connection established to message queue
[2026-07-23 17:42:50] [INFO] Handling user request for /api/v1/data
[2026-07-23 17:42:51] [INFO] Successfully processed background job #4912
[2026-07-23 17:42:54] [INFO] System started successfully
[2026-07-23 17:42:57] [INFO] Handling user request for /api/v1/data
[2026-07-23 17:43:02] [DEBUG] Fetching row 4021 from database
[2026-07-23 17:43:03] [ERROR] Authentication failed for user guest
[2026-07-23 17:43:06] [INFO] Successfully processed background job #4912
[2026-07-23 17:43:10] [DEBUG] Initializing cache manager
[2026-07-23 17:43:15] [INFO] System started successfully
[2026-07-23 17:43:15] [INFO] Connection established to message queue
[2026-07-23 17:43:20] [INFO] System started successfully
[2026-07-23 17:43:21] [INFO] System started successfully
[2026-07-23 17:43:23] [WARNING] Deprecated API usage detected in legacy_module.py
[2026-07-23 17:43:27] [INFO] System started successfully
[2026-07-23 17:43:31] [INFO] Handling user request for /api/v1/data
[2026-07-23 17:43:33] [INFO] Connection established to message queue
[2026-07-23 17:43:38] [DEBUG] Fetching row 4021 from database
[2026-07-23 17:43:41] [DEBUG] Session token refreshed
[2026-07-23 17:43:42] [INFO] Connection established to message queue
[2026-07-23 17:43:46] [INFO] User admin logged in from 192.168.1.100
[2026-07-23 17:43:48] [DEBUG] Parsing JSON payload
[2026-07-23 17:43:49] [INFO] Handling user request for /api/v1/data
[2026-07-23 17:43:51] [INFO] User admin logged in from 192.168.1.100
[2026-07-23 17:43:51] [INFO] Successfully processed background job #4912
[2026-07-23 17:43:51] [INFO] Successfully processed background job #4912
[2026-07-23 17:43:53] [INFO] User admin logged in from 192.168.1.100
[2026-07-23 17:43:54] [CRITICAL] Timeout while waiting for external service after 30000ms
[2026-07-23 17:43:56] [INFO] System started successfully
[2026-07-23 17:43:59] [INFO] User admin logged in from 192.168.1.100
[2026-07-23 17:44:00] [INFO] System started successfully
[2026-07-23 17:44:03] [INFO] System started successfully
[2026-07-23 17:44:06] [INFO] Successfully processed background job #4912
[2026-07-23 17:44:09] [INFO] System started successfully
[2026-07-23 17:44:13] [ERROR] Authentication failed for user guest
[2026-07-23 17:44:14] [INFO] Handling user request for /api/v1/data
[2026-07-23 17:44:16] [DEBUG] Initializing cache manager
[2026-07-23 17:44:17] [INFO] Successfully processed background job #4912
[2026-07-23 17:44:21] [DEBUG] Parsing JSON payload
[2026-07-23 17:44:23] [INFO] Cache hit for key user_profile_123
[2026-07-23 17:44:23] [INFO] Cache hit for key user_profile_123
[2026-07-23 17:44:27] [WARNING] High memory usage detected (85%)
[2026-07-23 17:44:28] [INFO] Cache hit for key user_profile_123
[2026-07-23 17:44:32] [INFO] User admin logged in from 192.168.1.100
[2026-07-23 17:44:35] [INFO] System started successfully
[2026-07-23 17:44:40] [INFO] System started successfully
[2026-07-23 17:44:41] [INFO] Successfully processed background job #4912
[2026-07-23 17:44:44] [ERROR] MySQL Error: Deadlock found when trying to get lock
[2026-07-23 17:44:49] [INFO] Successfully processed background job #4912
[2026-07-23 17:44:50] [INFO] Successfully processed background job #4912
[2026-07-23 17:44:52] [DEBUG] Parsing JSON payload
[2026-07-23 17:44:53] [INFO] User admin logged in from 192.168.1.100
[2026-07-23 17:44:58] [INFO] User admin logged in from 192.168.1.100
[2026-07-23 17:45:00] [INFO] System started successfully
[2026-07-23 17:45:04] [DEBUG] Parsing JSON payload
[2026-07-23 17:45:05] [WARNING] Deprecated API usage detected in legacy_module.py
[2026-07-23 17:45:07] [WARNING] Rate limit approaching for IP 10.0.0.55
[2026-07-23 17:45:09] [WARNING] Deprecated API usage detected in legacy_module.py
[2026-07-23 17:45:12] [INFO] Successfully processed background job #4912
[2026-07-23 17:45:12] [INFO] Connection established to message queue
[2026-07-23 17:45:15] [WARNING] Deprecated API usage detected in legacy_module.py
[2026-07-23 17:45:19] [INFO] Handling user request for /api/v1/data
[2026-07-23 17:45:23] [INFO] Successfully processed background job #4912
[2026-07-23 17:45:24] [INFO] Handling user request for /api/v1/data
[2026-07-23 17:45:29] [INFO] System started successfully
[2026-07-23 17:45:29] [INFO] Handling user request for /api/v1/data
[2026-07-23 17:45:34] [INFO] User admin logged in from 192.168.1.100
[2026-07-23 17:45:36] [INFO] Successfully processed background job #4912
[2026-07-23 17:45:40] [INFO] Cache hit for key user_profile_123
[2026-07-23 17:45:45] [INFO] Cache hit for key user_profile_123
[2026-07-23 17:45:45] [DEBUG] Initializing cache manager
[2026-07-23 17:45:46] [INFO] User admin logged in from 192.168.1.100
[2026-07-23 17:45:49] [INFO] Cache hit for key user_profile_123
[2026-07-23 17:45:53] [INFO] Handling user request for /api/v1/data
[2026-07-23 17:45:56] [INFO] System started successfully
[2026-07-23 17:45:59] [INFO] Cache hit for key user_profile_123
[2026-07-23 17:46:04] [INFO] Successfully processed background job #4912
[2026-07-23 17:46:08] [INFO] User admin logged in from 192.168.1.100
[2026-07-23 17:46:12] [INFO] Connection established to message queue
[2026-07-23 17:46:14] [DEBUG] Initializing cache manager
[2026-07-23 17:46:17] [INFO] User admin logged in from 192.168.1.100
[2026-07-23 17:46:21] [ERROR] Database connection failed: Connection refused
[2026-07-23 17:46:24] [INFO] User admin logged in from 192.168.1.100
[2026-07-23 17:46:24] [INFO] User admin logged in from 192.168.1.100
[2026-07-23 17:46:27] [DEBUG] Parsing JSON payload
[2026-07-23 17:46:30] [INFO] Connection established to message queue
[2026-07-23 17:46:32] [INFO] Successfully processed background job #4912
[2026-07-23 17:46:36] [INFO] Connection established to message queue
[2026-07-23 17:46:39] [DEBUG] Initializing cache manager
[2026-07-23 17:46:40] [WARNING] High memory usage detected (85%)
[2026-07-23 17:46:44] [INFO] Successfully processed background job #4912
[2026-07-23 17:46:48] [INFO] Connection established to message queue
[2026-07-23 17:46:53] [INFO] Cache hit for key user_profile_123
[2026-07-23 17:46:58] [WARNING] High memory usage detected (85%)
[2026-07-23 17:47:00] [DEBUG] Session token refreshed
[2026-07-23 17:47:04] [DEBUG] Parsing JSON payload
[2026-07-23 17:47:05] [INFO] Cache hit for key user_profile_123
[2026-07-23 17:47:07] [INFO] Cache hit for key user_profile_123
[2026-07-23 17:47:11] [WARNING] Rate limit approaching for IP 10.0.0.55
[2026-07-23 17:47:13] [WARNING] Rate limit approaching for IP 10.0.0.55
[2026-07-23 17:47:17] [DEBUG] Parsing JSON payload
[2026-07-23 17:47:17] [DEBUG] Fetching row 4021 from database
[2026-07-23 17:47:18] [INFO] Cache hit for key user_profile_123
[2026-07-23 17:47:20] [INFO] System started successfully
[2026-07-23 17:47:21] [INFO] Cache hit for key user_profile_123
[2026-07-23 17:47:22] [INFO] Handling user request for /api/v1/data
[2026-07-23 17:47:26] [ERROR] Authentication failed for user guest
[2026-07-23 17:47:27] [INFO] System started successfully
[2026-07-23 17:47:29] [INFO] Connection established to message queue
[2026-07-23 17:47:30] [DEBUG] Fetching row 4021 from database
[2026-07-23 17:47:32] [DEBUG] Fetching row 4021 from database
[2026-07-23 17:47:37] [INFO] Handling user request for /api/v1/data
[2026-07-23 17:47:40] [INFO] User admin logged in from 192.168.1.100
[2026-07-23 17:47:40] [DEBUG] Session token refreshed
[2026-07-23 17:47:43] [INFO] Successfully processed background job #4912
[2026-07-23 17:47:45] [INFO] System started successfully
[2026-07-23 17:47:50] [INFO] Cache hit for key user_profile_123
[2026-07-23 17:47:50] [INFO] Successfully processed background job #4912
[2026-07-23 17:47:52] [INFO] Successfully processed background job #4912
[2026-07-23 17:47:55] [INFO] Connection established to message queue
[2026-07-23 17:47:59] [INFO] Successfully processed background job #4912
[2026-07-23 17:48:01] [CRITICAL] Timeout while waiting for external service after 30000ms
[2026-07-23 17:48:05] [INFO] User admin logged in from 192.168.1.100
[2026-07-23 17:48:09] [INFO] Handling user request for /api/v1/data
[2026-07-23 17:48:11] [INFO] Successfully processed background job #4912
[2026-07-23 17:48:16] [INFO] Cache hit for key user_profile_123
[2026-07-23 17:48:18] [INFO] Cache hit for key user_profile_123
[2026-07-23 17:48:19] [INFO] Successfully processed background job #4912
[2026-07-23 17:48:24] [ERROR] MySQL Error: Deadlock found when trying to get lock
[2026-07-23 17:48:24] [INFO] User admin logged in from 192.168.1.100
[2026-07-23 17:48:28] [DEBUG] Fetching row 4021 from database
[2026-07-23 17:48:30] [INFO] User admin logged in from 192.168.1.100
[2026-07-23 17:48:31] [INFO] Handling user request for /api/v1/data
[2026-07-23 17:48:32] [ERROR] Invalid password provided for account admin
[2026-07-23 17:48:36] [INFO] System started successfully
[2026-07-23 17:48:37] [ERROR] Database connection failed: Connection refused
[2026-07-23 17:48:41] [INFO] Cache hit for key user_profile_123
[2026-07-23 17:48:42] [INFO] Connection established to message queue
[2026-07-23 17:48:45] [INFO] User admin logged in from 192.168.1.100
[2026-07-23 17:48:46] [WARNING] High memory usage detected (85%)
[2026-07-23 17:48:46] [INFO] User admin logged in from 192.168.1.100
[2026-07-23 17:48:47] [INFO] Connection established to message queue
[2026-07-23 17:48:51] [INFO] System started successfully
[2026-07-23 17:48:53] [CRITICAL] Timeout while waiting for external service after 30000ms
[2026-07-23 17:48:57] [INFO] Successfully processed background job #4912
[2026-07-23 17:48:58] [INFO] Handling user request for /api/v1/data
[2026-07-23 17:49:02] [INFO] Cache hit for key user_profile_123
[2026-07-23 17:49:02] [INFO] System started successfully
[2026-07-23 17:49:05] [INFO] System started successfully
[2026-07-23 17:49:07] [INFO] User admin logged in from 192.168.1.100
[2026-07-23 17:49:09] [INFO] System started successfully
[2026-07-23 17:49:11] [INFO] User admin logged in from 192.168.1.100
[2026-07-23 17:49:11] [WARNING] High memory usage detected (85%)
[2026-07-23 17:49:15] [INFO] Connection established to message queue
[2026-07-23 17:49:18] [DEBUG] Fetching row 4021 from database
[2026-07-23 17:49:20] [INFO] User admin logged in from 192.168.1.100
[2026-07-23 17:49:23] [INFO] System started successfully
[2026-07-23 17:49:25] [INFO] System started successfully
[2026-07-23 17:49:27] [INFO] System started successfully
[2026-07-23 17:49:31] [INFO] Connection established to message queue
[2026-07-23 17:49:34] [WARNING] High memory usage detected (85%)
[2026-07-23 17:49:35] [ERROR] Database connection failed: Connection refused
[2026-07-23 17:49:40] [INFO] Successfully processed background job #4912
[2026-07-23 17:49:45] [INFO] Cache hit for key user_profile_123
[2026-07-23 17:49:45] [INFO] Connection established to message queue
[2026-07-23 17:49:49] [INFO] Connection established to message queue
[2026-07-23 17:49:49] [INFO] Handling user request for /api/v1/data
[2026-07-23 17:49:51] [INFO] User admin logged in from 192.168.1.100
[2026-07-23 17:49:52] [INFO] Handling user request for /api/v1/data
[2026-07-23 17:49:54] [INFO] User admin logged in from 192.168.1.100
[2026-07-23 17:49:57] [ERROR] Authentication failed for user guest
[2026-07-23 17:50:00] [INFO] Connection established to message queue
[2026-07-23 17:50:03] [INFO] User admin logged in from 192.168.1.100
[2026-07-23 17:50:03] [WARNING] Rate limit approaching for IP 10.0.0.55
[2026-07-23 17:50:08] [INFO] System started successfully
[2026-07-23 17:50:09] [ERROR] Database connection failed: Connection refused
[2026-07-23 17:50:10] [INFO] Connection established to message queue
[2026-07-23 17:50:12] [INFO] Connection established to message queue
[2026-07-23 17:50:14] [WARNING] High memory usage detected (85%)
[2026-07-23 17:50:17] [INFO] Handling user request for /api/v1/data
[2026-07-23 17:50:18] [INFO] Cache hit for key user_profile_123
[2026-07-23 17:50:19] [DEBUG] Initializing cache manager
[2026-07-23 17:50:23] [DEBUG] Initializing cache manager
[2026-07-23 17:50:27] [DEBUG] Parsing JSON payload
[2026-07-23 17:50:32] [WARNING] Deprecated API usage detected in legacy_module.py
[2026-07-23 17:50:36] [INFO] Successfully processed background job #4912
[2026-07-23 17:50:37] [ERROR] Authentication failed for user guest
[2026-07-23 17:50:38] [WARNING] Deprecated API usage detected in legacy_module.py
[2026-07-23 17:50:38] [INFO] System started successfully
[2026-07-23 17:50:42] [WARNING] Rate limit approaching for IP 10.0.0.55
[2026-07-23 17:50:46] [WARNING] Deprecated API usage detected in legacy_module.py
[2026-07-23 17:50:50] [INFO] Connection established to message queue
[2026-07-23 17:50:51] [DEBUG] Parsing JSON payload
[2026-07-23 17:50:54] [INFO] User admin logged in from 192.168.1.100
[2026-07-23 17:50:55] [INFO] Cache hit for key user_profile_123
[2026-07-23 17:50:59] [INFO] User admin logged in from 192.168.1.100
[2026-07-23 17:51:00] [INFO] System started successfully
[2026-07-23 17:51:02] [INFO] Successfully processed background job #4912
[2026-07-23 17:51:05] [INFO] Cache hit for key user_profile_123
[2026-07-23 17:51:05] [DEBUG] Parsing JSON payload
[2026-07-23 17:51:06] [DEBUG] Initializing cache manager
[2026-07-23 17:51:07] [INFO] Handling user request for /api/v1/data
[2026-07-23 17:51:11] [DEBUG] Session token refreshed
[2026-07-23 17:51:13] [DEBUG] Parsing JSON payload
[2026-07-23 17:51:13] [DEBUG] Parsing JSON payload
[2026-07-23 17:51:17] [WARNING] High memory usage detected (85%)
[2026-07-23 17:51:21] [INFO] Handling user request for /api/v1/data
[2026-07-23 17:51:23] [INFO] Handling user request for /api/v1/data
[2026-07-23 17:51:28] [ERROR] MySQL Error: Deadlock found when trying to get lock
[2026-07-23 17:51:30] [INFO] Handling user request for /api/v1/data
[2026-07-23 17:51:30] [INFO] System started successfully
[2026-07-23 17:51:32] [INFO] Connection established to message queue
[2026-07-23 17:51:34] [INFO] System started successfully
[2026-07-23 17:51:35] [INFO] User admin logged in from 192.168.1.100
[2026-07-23 17:51:40] [DEBUG] Session token refreshed
[2026-07-23 17:51:44] [INFO] Handling user request for /api/v1/data
[2026-07-23 17:51:44] [INFO] Handling user request for /api/v1/data
[2026-07-23 17:51:44] [INFO] Handling user request for /api/v1/data
[2026-07-23 17:51:49] [INFO] Cache hit for key user_profile_123
[2026-07-23 17:51:53] [INFO] User admin logged in from 192.168.1.100
[2026-07-23 17:51:57] [DEBUG] Initializing cache manager
[2026-07-23 17:51:59] [INFO] System started successfully
[2026-07-23 17:52:02] [INFO] System started successfully
[2026-07-23 17:52:02] [INFO] Connection established to message queue
[2026-07-23 17:52:07] [DEBUG] Fetching row 4021 from database
[2026-07-23 17:52:08] [INFO] Handling user request for /api/v1/data
[2026-07-23 17:52:11] [DEBUG] Initializing cache manager
[2026-07-23 17:52:12] [INFO] System started successfully
[2026-07-23 17:52:16] [ERROR] Authentication failed for user guest
[2026-07-23 17:52:19] [ERROR] MySQL Error: Deadlock found when trying to get lock
[2026-07-23 17:52:22] [INFO] Handling user request for /api/v1/data
[2026-07-23 17:52:25] [INFO] System started successfully
[2026-07-23 17:52:29] [INFO] Successfully processed background job #4912
[2026-07-23 17:52:33] [INFO] Cache hit for key user_profile_123
[2026-07-23 17:52:36] [INFO] System started successfully
[2026-07-23 17:52:40] [ERROR] Authentication failed for user guest
[2026-07-23 17:52:40] [INFO] Successfully processed background job #4912
[2026-07-23 17:52:45] [INFO] Cache hit for key user_profile_123
[2026-07-23 17:52:46] [INFO] Handling user request for /api/v1/data
[2026-07-23 17:52:49] [INFO] Connection established to message queue
[2026-07-23 17:52:50] [DEBUG] Fetching row 4021 from database
[2026-07-23 17:52:50] [INFO] Cache hit for key user_profile_123
[2026-07-23 17:52:53] [WARNING] High memory usage detected (85%)
[2026-07-23 17:52:57] [INFO] Successfully processed background job #4912
[2026-07-23 17:53:00] [INFO] Handling user request for /api/v1/data
[2026-07-23 17:53:01] [INFO] System started successfully
[2026-07-23 17:53:02] [INFO] System started successfully
[2026-07-23 17:53:05] [INFO] Cache hit for key user_profile_123
[2026-07-23 17:53:05] [WARNING] Rate limit approaching for IP 10.0.0.55
[2026-07-23 17:53:06] [WARNING] Rate limit approaching for IP 10.0.0.55
[2026-07-23 17:53:06] [INFO] Handling user request for /api/v1/data
[2026-07-23 17:53:07] [INFO] User admin logged in from 192.168.1.100
[2026-07-23 17:53:11] [INFO] System started successfully
[2026-07-23 17:53:14] [INFO] System started successfully
[2026-07-23 17:53:19] [DEBUG] Fetching row 4021 from database
[2026-07-23 17:53:19] [ERROR] MySQL Error: Deadlock found when trying to get lock
[2026-07-23 17:53:21] [DEBUG] Session token refreshed
[2026-07-23 17:53:25] [INFO] Successfully processed background job #4912
[2026-07-23 17:53:29] [INFO] Connection established to message queue
[2026-07-23 17:53:33] [INFO] User admin logged in from 192.168.1.100
[2026-07-23 17:53:33] [INFO] Cache hit for key user_profile_123
[2026-07-23 17:53:34] [INFO] Successfully processed background job #4912
[2026-07-23 17:53:35] [INFO] Connection established to message queue
[2026-07-23 17:53:39] [INFO] Handling user request for /api/v1/data
[2026-07-23 17:53:39] [DEBUG] Session token refreshed
[2026-07-23 17:53:42] [INFO] Handling user request for /api/v1/data
[2026-07-23 17:53:46] [INFO] System started successfully
[2026-07-23 17:53:51] [INFO] System started successfully
[2026-07-23 17:53:53] [INFO] Successfully processed background job #4912
[2026-07-23 17:53:57] [ERROR] Invalid password provided for account admin
[2026-07-23 17:54:02] [INFO] Successfully processed background job #4912
[2026-07-23 17:54:05] [INFO] Successfully processed background job #4912
[2026-07-23 17:54:05] [DEBUG] Parsing JSON payload
[2026-07-23 17:54:07] [ERROR] MySQL Error: Deadlock found when trying to get lock
[2026-07-23 17:54:08] [INFO] System started successfully
[2026-07-23 17:54:09] [INFO] Successfully processed background job #4912
[2026-07-23 17:54:10] [INFO] User admin logged in from 192.168.1.100
[2026-07-23 17:54:11] [ERROR] Authentication failed for user guest
[2026-07-23 17:54:15] [WARNING] Rate limit approaching for IP 10.0.0.55
[2026-07-23 17:54:17] [DEBUG] Initializing cache manager
[2026-07-23 17:54:18] [INFO] User admin logged in from 192.168.1.100
[2026-07-23 17:54:18] [INFO] Cache hit for key user_profile_123
[2026-07-23 17:54:21] [ERROR] MySQL Error: Deadlock found when trying to get lock
[2026-07-23 17:54:22] [DEBUG] Session token refreshed
[2026-07-23 17:54:25] [INFO] Successfully processed background job #4912
[2026-07-23 17:54:29] [INFO] System started successfully
[2026-07-23 17:54:31] [INFO] User admin logged in from 192.168.1.100
[2026-07-23 17:54:35] [INFO] Connection established to message queue
[2026-07-23 17:54:36] [INFO] User admin logged in from 192.168.1.100
[2026-07-23 17:54:38] [INFO] Cache hit for key user_profile_123
[2026-07-23 17:54:42] [INFO] System started successfully
[2026-07-23 17:54:43] [INFO] Cache hit for key user_profile_123
[2026-07-23 17:54:44] [INFO] User admin logged in from 192.168.1.100
[2026-07-23 17:54:46] [ERROR] MySQL Error: Deadlock found when trying to get lock
[2026-07-23 17:54:51] [INFO] System started successfully
[2026-07-23 17:54:51] [INFO] Handling user request for /api/v1/data
[2026-07-23 17:54:55] [INFO] Handling user request for /api/v1/data
[2026-07-23 17:54:56] [INFO] Successfully processed background job #4912
[2026-07-23 17:54:57] [WARNING] Rate limit approaching for IP 10.0.0.55
[2026-07-23 17:54:57] [INFO] Successfully processed background job #4912
[2026-07-23 17:54:58] [INFO] User admin logged in from 192.168.1.100
[2026-07-23 17:55:00] [INFO] User admin logged in from 192.168.1.100
[2026-07-23 17:55:01] [INFO] Connection established to message queue
[2026-07-23 17:55:04] [INFO] User admin logged in from 192.168.1.100
[2026-07-23 17:55:08] [INFO] User admin logged in from 192.168.1.100
[2026-07-23 17:55:09] [WARNING] Rate limit approaching for IP 10.0.0.55
[2026-07-23 17:55:14] [WARNING] High memory usage detected (85%)
[2026-07-23 17:55:15] [INFO] Successfully processed background job #4912
[2026-07-23 17:55:20] [INFO] User admin logged in from 192.168.1.100
[2026-07-23 17:55:23] [INFO] Cache hit for key user_profile_123
[2026-07-23 17:55:24] [INFO] System started successfully
[2026-07-23 17:55:26] [INFO] User admin logged in from 192.168.1.100
[2026-07-23 17:55:27] [DEBUG] Session token refreshed
[2026-07-23 17:55:28] [INFO] Cache hit for key user_profile_123
[2026-07-23 17:55:32] [WARNING] Rate limit approaching for IP 10.0.0.55
[2026-07-23 17:55:32] [WARNING] Rate limit approaching for IP 10.0.0.55
[2026-07-23 17:55:32] [INFO] Successfully processed background job #4912
[2026-07-23 17:55:35] [INFO] Successfully processed background job #4912
[2026-07-23 17:55:39] [INFO] System started successfully
[2026-07-23 17:55:40] [INFO] Connection established to message queue
[2026-07-23 17:55:41] [INFO] System started successfully
[2026-07-23 17:55:42] [INFO] Successfully processed background job #4912
[2026-07-23 17:55:43] [INFO] Cache hit for key user_profile_123
[2026-07-23 17:55:47] [INFO] Connection established to message queue
[2026-07-23 17:55:48] [INFO] User admin logged in from 192.168.1.100
[2026-07-23 17:55:50] [DEBUG] Fetching row 4021 from database
[2026-07-23 17:55:54] [INFO] Cache hit for key user_profile_123
[2026-07-23 17:55:55] [DEBUG] Session token refreshed
[2026-07-23 17:55:59] [INFO] Cache hit for key user_profile_123
[2026-07-23 17:56:02] [INFO] User admin logged in from 192.168.1.100
[2026-07-23 17:56:06] [WARNING] High memory usage detected (85%)
[2026-07-23 17:56:06] [INFO] User admin logged in from 192.168.1.100
[2026-07-23 17:56:11] [DEBUG] Parsing JSON payload
[2026-07-23 17:56:12] [INFO] Cache hit for key user_profile_123
[2026-07-23 17:56:16] [INFO] Connection established to message queue
[2026-07-23 17:56:19] [INFO] Connection established to message queue
[2026-07-23 17:56:21] [INFO] User admin logged in from 192.168.1.100
[2026-07-23 17:56:24] [INFO] Cache hit for key user_profile_123
[2026-07-23 17:56:24] [INFO] System started successfully
[2026-07-23 17:56:26] [INFO] Connection established to message queue
[2026-07-23 17:56:27] [INFO] Handling user request for /api/v1/data
[2026-07-23 17:56:28] [DEBUG] Initializing cache manager
[2026-07-23 17:56:30] [INFO] Handling user request for /api/v1/data
[2026-07-23 17:56:33] [INFO] Connection established to message queue
[2026-07-23 17:56:35] [INFO] Successfully processed background job #4912
[2026-07-23 17:56:36] [INFO] System started successfully
[2026-07-23 17:56:38] [INFO] Cache hit for key user_profile_123
[2026-07-23 17:56:43] [INFO] User admin logged in from 192.168.1.100
[2026-07-23 17:56:46] [DEBUG] Session token refreshed
[2026-07-23 17:56:48] [DEBUG] Initializing cache manager
[2026-07-23 17:56:50] [INFO] Handling user request for /api/v1/data
[2026-07-23 17:56:51] [INFO] User admin logged in from 192.168.1.100
[2026-07-23 17:56:54] [INFO] Cache hit for key user_profile_123
[2026-07-23 17:56:57] [INFO] Handling user request for /api/v1/data
[2026-07-23 17:56:59] [INFO] System started successfully
[2026-07-23 17:57:02] [DEBUG] Parsing JSON payload
[2026-07-23 17:57:02] [INFO] System started successfully
[2026-07-23 17:57:03] [INFO] Connection established to message queue
[2026-07-23 17:57:03] [INFO] Cache hit for key user_profile_123
[2026-07-23 17:57:04] [INFO] User admin logged in from 192.168.1.100
[2026-07-23 17:57:08] [DEBUG] Session token refreshed
[2026-07-23 17:57:12] [INFO] Handling user request for /api/v1/data
[2026-07-23 17:57:13] [ERROR] Database connection failed: Connection refused
[2026-07-23 17:57:13] [INFO] User admin logged in from 192.168.1.100
[2026-07-23 17:57:14] [INFO] Handling user request for /api/v1/data
[2026-07-23 17:57:14] [DEBUG] Session token refreshed
[2026-07-23 17:57:14] [INFO] Successfully processed background job #4912
[2026-07-23 17:57:16] [INFO] User admin logged in from 192.168.1.100
[2026-07-23 17:57:18] [INFO] User admin logged in from 192.168.1.100
[2026-07-23 17:57:22] [INFO] Cache hit for key user_profile_123
[2026-07-23 17:57:23] [INFO] Successfully processed background job #4912
[2026-07-23 17:57:23] [INFO] User admin logged in from 192.168.1.100
[2026-07-23 17:57:25] [INFO] Connection established to message queue
[2026-07-23 17:57:26] [INFO] Handling user request for /api/v1/data
[2026-07-23 17:57:30] [ERROR] MySQL Error: Deadlock found when trying to get lock
[2026-07-23 17:57:32] [INFO] Successfully processed background job #4912
[2026-07-23 17:57:32] [INFO] Successfully processed background job #4912
[2026-07-23 17:57:36] [WARNING] High memory usage detected (85%)
[2026-07-23 17:57:40] [INFO] Connection established to message queue
[2026-07-23 17:57:41] [INFO] Connection established to message queue
[2026-07-23 17:57:44] [INFO] User admin logged in from 192.168.1.100
[2026-07-23 17:57:48] [INFO] Connection established to message queue
[2026-07-23 17:57:53] [INFO] Cache hit for key user_profile_123
[2026-07-23 17:57:56] [INFO] Handling user request for /api/v1/data
[2026-07-23 17:57:59] [CRITICAL] Disk space exhausted on /var/log
[2026-07-23 17:58:03] [INFO] Cache hit for key user_profile_123
[2026-07-23 17:58:07] [INFO] System started successfully
[2026-07-23 17:58:09] [DEBUG] Fetching row 4021 from database
[2026-07-23 17:58:13] [INFO] Connection established to message queue
[2026-07-23 17:58:14] [ERROR] Invalid password provided for account admin
[2026-07-23 17:58:16] [DEBUG] Initializing cache manager
[2026-07-23 17:58:18] [ERROR] Database connection failed: Connection refused
[2026-07-23 17:58:23] [INFO] Cache hit for key user_profile_123
[2026-07-23 17:58:23] [INFO] Handling user request for /api/v1/data
[2026-07-23 17:58:26] [INFO] User admin logged in from 192.168.1.100
[2026-07-23 17:58:27] [WARNING] Deprecated API usage detected in legacy_module.py
[2026-07-23 17:58:27] [INFO] User admin logged in from 192.168.1.100
[2026-07-23 17:58:27] [INFO] User admin logged in from 192.168.1.100
[2026-07-23 17:58:29] [INFO] Cache hit for key user_profile_123
[2026-07-23 17:58:33] [INFO] User admin logged in from 192.168.1.100
[2026-07-23 17:58:36] [INFO] Cache hit for key user_profile_123
[2026-07-23 17:58:37] [WARNING] Deprecated API usage detected in legacy_module.py
[2026-07-23 17:58:41] [ERROR] Database connection failed: Connection refused
[2026-07-23 17:58:41] [INFO] Cache hit for key user_profile_123
[2026-07-23 17:58:43] [INFO] Handling user request for /api/v1/data
[2026-07-23 17:58:45] [DEBUG] Session token refreshed
[2026-07-23 17:58:46] [INFO] Cache hit for key user_profile_123
[2026-07-23 17:58:50] [DEBUG] Fetching row 4021 from database
[2026-07-23 17:58:54] [INFO] System started successfully
[2026-07-23 17:58:54] [INFO] Cache hit for key user_profile_123
[2026-07-23 17:58:57] [WARNING] Rate limit approaching for IP 10.0.0.55
[2026-07-23 17:59:00] [INFO] User admin logged in from 192.168.1.100
[2026-07-23 17:59:02] [DEBUG] Fetching row 4021 from database
[2026-07-23 17:59:03] [DEBUG] Fetching row 4021 from database
[2026-07-23 17:59:07] [INFO] User admin logged in from 192.168.1.100
[2026-07-23 17:59:11] [INFO] Successfully processed background job #4912
[2026-07-23 17:59:16] [ERROR] MySQL Error: Deadlock found when trying to get lock
[2026-07-23 17:59:18] [INFO] Handling user request for /api/v1/data
[2026-07-23 17:59:18] [INFO] Cache hit for key user_profile_123
[2026-07-23 17:59:23] [INFO] Successfully processed background job #4912
[2026-07-23 17:59:25] [INFO] Connection established to message queue
[2026-07-23 17:59:29] [DEBUG] Initializing cache manager
[2026-07-23 17:59:32] [INFO] System started successfully
[2026-07-23 17:59:33] [INFO] Handling user request for /api/v1/data
[2026-07-23 17:59:35] [ERROR] NullPointerException in DataProcessor class
[2026-07-23 17:59:36] [INFO] Handling user request for /api/v1/data
[2026-07-23 17:59:40] [INFO] System started successfully
[2026-07-23 17:59:40] [INFO] User admin logged in from 192.168.1.100
[2026-07-23 17:59:42] [INFO] Connection established to message queue
[2026-07-23 17:59:47] [ERROR] MySQL Error: Deadlock found when trying to get lock
[2026-07-23 17:59:52] [INFO] Connection established to message queue
[2026-07-23 17:59:54] [WARNING] Deprecated API usage detected in legacy_module.py
[2026-07-23 17:59:56] [DEBUG] Session token refreshed
[2026-07-23 17:59:57] [INFO] User admin logged in from 192.168.1.100
[2026-07-23 17:59:59] [DEBUG] Parsing JSON payload
[2026-07-23 18:00:01] [WARNING] Rate limit approaching for IP 10.0.0.55
[2026-07-23 18:00:06] [ERROR] Authentication failed for user guest
[2026-07-23 18:00:06] [INFO] Connection established to message queue
[2026-07-23 18:00:08] [INFO] Handling user request for /api/v1/data
[2026-07-23 18:00:09] [INFO] System started successfully
[2026-07-23 18:00:13] [INFO] System started successfully
[2026-07-23 18:00:17] [INFO] System started successfully
[2026-07-23 18:00:21] [INFO] Connection established to message queue
[2026-07-23 18:00:22] [INFO] Cache hit for key user_profile_123
[2026-07-23 18:00:25] [INFO] Cache hit for key user_profile_123
[2026-07-23 18:00:28] [INFO] Successfully processed background job #4912
[2026-07-23 18:00:29] [INFO] System started successfully
[2026-07-23 18:00:30] [INFO] User admin logged in from 192.168.1.100
[2026-07-23 18:00:30] [WARNING] Deprecated API usage detected in legacy_module.py
[2026-07-23 18:00:32] [INFO] Successfully processed background job #4912
[2026-07-23 18:00:34] [INFO] System started successfully
[2026-07-23 18:00:37] [INFO] Cache hit for key user_profile_123
[2026-07-23 18:00:42] [DEBUG] Parsing JSON payload
[2026-07-23 18:00:43] [INFO] Cache hit for key user_profile_123
[2026-07-23 18:00:46] [INFO] System started successfully
[2026-07-23 18:00:51] [INFO] System started successfully
[2026-07-23 18:00:54] [DEBUG] Parsing JSON payload
[2026-07-23 18:00:54] [DEBUG] Fetching row 4021 from database
[2026-07-23 18:00:55] [WARNING] Deprecated API usage detected in legacy_module.py
[2026-07-23 18:01:00] [INFO] System started successfully
[2026-07-23 18:01:00] [INFO] User admin logged in from 192.168.1.100
[2026-07-23 18:01:01] [INFO] Successfully processed background job #4912
[2026-07-23 18:01:03] [WARNING] High memory usage detected (85%)
[2026-07-23 18:01:06] [INFO] Cache hit for key user_profile_123
[2026-07-23 18:01:07] [INFO] Cache hit for key user_profile_123
[2026-07-23 18:01:12] [INFO] Successfully processed background job #4912
[2026-07-23 18:01:17] [DEBUG] Parsing JSON payload
[2026-07-23 18:01:18] [ERROR] Database connection failed: Connection refused
[2026-07-23 18:01:19] [DEBUG] Session token refreshed
[2026-07-23 18:01:19] [INFO] Successfully processed background job #4912
[2026-07-23 18:01:23] [INFO] Handling user request for /api/v1/data
[2026-07-23 18:01:26] [INFO] Successfully processed background job #4912
[2026-07-23 18:01:27] [ERROR] Database connection failed: Connection refused
[2026-07-23 18:01:29] [INFO] Cache hit for key user_profile_123
[2026-07-23 18:01:33] [INFO] Handling user request for /api/v1/data
[2026-07-23 18:01:37] [ERROR] MySQL Error: Deadlock found when trying to get lock
[2026-07-23 18:01:40] [INFO] Connection established to message queue
[2026-07-23 18:01:43] [INFO] System started successfully
[2026-07-23 18:01:44] [INFO] Connection established to message queue
[2026-07-23 18:01:49] [INFO] Connection established to message queue
[2026-07-23 18:01:51] [DEBUG] Parsing JSON payload
[2026-07-23 18:01:54] [DEBUG] Parsing JSON payload
[2026-07-23 18:01:55] [INFO] System started successfully
[2026-07-23 18:01:55] [INFO] System started successfully
[2026-07-23 18:01:56] [INFO] Cache hit for key user_profile_123
[2026-07-23 18:02:01] [WARNING] High memory usage detected (85%)
[2026-07-23 18:02:04] [INFO] Cache hit for key user_profile_123
[2026-07-23 18:02:07] [INFO] User admin logged in from 192.168.1.100
[2026-07-23 18:02:09] [INFO] Successfully processed background job #4912
[2026-07-23 18:02:13] [INFO] System started successfully
[2026-07-23 18:02:17] [INFO] Connection established to message queue
[2026-07-23 18:02:18] [INFO] User admin logged in from 192.168.1.100
[2026-07-23 18:02:22] [INFO] User admin logged in from 192.168.1.100
[2026-07-23 18:02:25] [DEBUG] Initializing cache manager
[2026-07-23 18:02:28] [INFO] System started successfully
[2026-07-23 18:02:28] [INFO] Cache hit for key user_profile_123
[2026-07-23 18:02:28] [INFO] Handling user request for /api/v1/data
[2026-07-23 18:02:33] [ERROR] Authentication failed for user guest
[2026-07-23 18:02:33] [INFO] Connection established to message queue
[2026-07-23 18:02:38] [DEBUG] Fetching row 4021 from database
[2026-07-23 18:02:38] [INFO] Connection established to message queue
[2026-07-23 18:02:43] [DEBUG] Initializing cache manager
[2026-07-23 18:02:44] [INFO] Connection established to message queue
[2026-07-23 18:02:45] [INFO] User admin logged in from 192.168.1.100
[2026-07-23 18:02:45] [DEBUG] Fetching row 4021 from database
[2026-07-23 18:02:49] [INFO] Handling user request for /api/v1/data
[2026-07-23 18:02:54] [WARNING] High memory usage detected (85%)
[2026-07-23 18:02:55] [INFO] User admin logged in from 192.168.1.100
[2026-07-23 18:02:56] [INFO] Cache hit for key user_profile_123
[2026-07-23 18:02:57] [DEBUG] Parsing JSON payload
[2026-07-23 18:03:01] [INFO] User admin logged in from 192.168.1.100
[2026-07-23 18:03:03] [DEBUG] Initializing cache manager
[2026-07-23 18:03:06] [WARNING] High memory usage detected (85%)
[2026-07-23 18:03:10] [INFO] Connection established to message queue
[2026-07-23 18:03:12] [DEBUG] Parsing JSON payload
[2026-07-23 18:03:15] [INFO] Connection established to message queue
[2026-07-23 18:03:17] [DEBUG] Session token refreshed
[2026-07-23 18:03:18] [INFO] Cache hit for key user_profile_123
[2026-07-23 18:03:21] [INFO] Connection established to message queue
[2026-07-23 18:03:22] [INFO] Successfully processed background job #4912
[2026-07-23 18:03:26] [INFO] Successfully processed background job #4912
[2026-07-23 18:03:31] [INFO] System started successfully
[2026-07-23 18:03:31] [INFO] Handling user request for /api/v1/data
[2026-07-23 18:03:34] [INFO] System started successfully
[2026-07-23 18:03:39] [DEBUG] Initializing cache manager
[2026-07-23 18:03:43] [INFO] System started successfully
[2026-07-23 18:03:45] [INFO] Cache hit for key user_profile_123
[2026-07-23 18:03:48] [INFO] System started successfully
[2026-07-23 18:03:52] [INFO] Connection established to message queue
[2026-07-23 18:03:54] [INFO] Cache hit for key user_profile_123
[2026-07-23 18:03:56] [INFO] Successfully processed background job #4912
[2026-07-23 18:04:01] [DEBUG] Session token refreshed
[2026-07-23 18:04:02] [CRITICAL] Service crashed with exit code 137
[2026-07-23 18:04:03] [INFO] System started successfully
[2026-07-23 18:04:05] [INFO] Connection established to message queue
[2026-07-23 18:04:09] [INFO] Connection established to message queue
[2026-07-23 18:04:09] [INFO] User admin logged in from 192.168.1.100
[2026-07-23 18:04:10] [WARNING] Deprecated API usage detected in legacy_module.py
[2026-07-23 18:04:11] [INFO] System started successfully
[2026-07-23 18:04:11] [ERROR] Invalid password provided for account admin
[2026-07-23 18:04:12] [INFO] Successfully processed background job #4912
[2026-07-23 18:04:13] [INFO] Successfully processed background job #4912
[2026-07-23 18:04:15] [INFO] System started successfully
[2026-07-23 18:04:17] [ERROR] Invalid password provided for account admin
[2026-07-23 18:04:21] [DEBUG] Session token refreshed
[2026-07-23 18:04:21] [ERROR] Database connection failed: Connection refused
[2026-07-23 18:04:25] [INFO] User admin logged in from 192.168.1.100
[2026-07-23 18:04:26] [INFO] Successfully processed background job #4912
[2026-07-23 18:04:28] [INFO] Cache hit for key user_profile_123
[2026-07-23 18:04:31] [INFO] Successfully processed background job #4912
[2026-07-23 18:04:32] [INFO] User admin logged in from 192.168.1.100
[2026-07-23 18:04:35] [INFO] System started successfully
[2026-07-23 18:04:38] [INFO] User admin logged in from 192.168.1.100
[2026-07-23 18:04:39] [ERROR] Authentication failed for user guest
[2026-07-23 18:04:42] [WARNING] Rate limit approaching for IP 10.0.0.55
[2026-07-23 18:04:43] [INFO] Cache hit for key user_profile_123
[2026-07-23 18:04:46] [DEBUG] Initializing cache manager
[2026-07-23 18:04:51] [INFO] Handling user request for /api/v1/data
[2026-07-23 18:04:54] [INFO] Successfully processed background job #4912
[2026-07-23 18:04:56] [INFO] Successfully processed background job #4912
[2026-07-23 18:04:59] [DEBUG] Initializing cache manager
[2026-07-23 18:04:59] [INFO] Connection established to message queue
[2026-07-23 18:05:02] [ERROR] Database connection failed: Connection refused
[2026-07-23 18:05:02] [INFO] System started successfully
[2026-07-23 18:05:04] [WARNING] High memory usage detected (85%)
[2026-07-23 18:05:04] [INFO] Cache hit for key user_profile_123
[2026-07-23 18:05:04] [INFO] Connection established to message queue
[2026-07-23 18:05:08] [INFO] Cache hit for key user_profile_123
[2026-07-23 18:05:09] [INFO] Handling user request for /api/v1/data
[2026-07-23 18:05:10] [INFO] System started successfully
[2026-07-23 18:05:12] [INFO] Connection established to message queue
[2026-07-23 18:05:16] [INFO] Handling user request for /api/v1/data
[2026-07-23 18:05:19] [INFO] Successfully processed background job #4912
[2026-07-23 18:05:23] [INFO] Cache hit for key user_profile_123
[2026-07-23 18:05:24] [INFO] User admin logged in from 192.168.1.100
[2026-07-23 18:05:28] [INFO] Cache hit for key user_profile_123
[2026-07-23 18:05:33] [INFO] Connection established to message queue
[2026-07-23 18:05:34] [INFO] Handling user request for /api/v1/data
[2026-07-23 18:05:37] [INFO] Successfully processed background job #4912
[2026-07-23 18:05:41] [INFO] Connection established to message queue
[2026-07-23 18:05:44] [DEBUG] Parsing JSON payload
[2026-07-23 18:05:49] [ERROR] NullPointerException in DataProcessor class
[2026-07-23 18:05:50] [INFO] Successfully processed background job #4912
[2026-07-23 18:05:50] [INFO] User admin logged in from 192.168.1.100
[2026-07-23 18:05:54] [INFO] Cache hit for key user_profile_123
[2026-07-23 18:05:57] [DEBUG] Parsing JSON payload
[2026-07-23 18:05:57] [INFO] Connection established to message queue
[2026-07-23 18:05:59] [INFO] User admin logged in from 192.168.1.100
[2026-07-23 18:06:03] [INFO] User admin logged in from 192.168.1.100
[2026-07-23 18:06:06] [INFO] Connection established to message queue
[2026-07-23 18:06:09] [INFO] User admin logged in from 192.168.1.100
[2026-07-23 18:06:09] [DEBUG] Fetching row 4021 from database
[2026-07-23 18:06:10] [INFO] Cache hit for key user_profile_123
[2026-07-23 18:06:10] [INFO] Cache hit for key user_profile_123
[2026-07-23 18:06:15] [INFO] Cache hit for key user_profile_123
[2026-07-23 18:06:17] [INFO] System started successfully
[2026-07-23 18:06:17] [ERROR] Authentication failed for user guest
[2026-07-23 18:06:22] [INFO] Handling user request for /api/v1/data
[2026-07-23 18:06:22] [INFO] Handling user request for /api/v1/data
[2026-07-23 18:06:23] [INFO] Connection established to message queue
[2026-07-23 18:06:25] [INFO] Handling user request for /api/v1/data
[2026-07-23 18:06:30] [INFO] Successfully processed background job #4912
[2026-07-23 18:06:33] [DEBUG] Fetching row 4021 from database
[2026-07-23 18:06:35] [INFO] Cache hit for key user_profile_123
[2026-07-23 18:06:36] [INFO] Connection established to message queue
[2026-07-23 18:06:39] [INFO] Connection established to message queue
[2026-07-23 18:06:40] [INFO] Successfully processed background job #4912
[2026-07-23 18:06:41] [DEBUG] Parsing JSON payload
[2026-07-23 18:06:46] [DEBUG] Session token refreshed
[2026-07-23 18:06:46] [INFO] Connection established to message queue
[2026-07-23 18:06:51] [WARNING] High memory usage detected (85%)
[2026-07-23 18:06:55] [INFO] System started successfully
[2026-07-23 18:06:59] [WARNING] Deprecated API usage detected in legacy_module.py
[2026-07-23 18:07:00] [INFO] System started successfully
[2026-07-23 18:07:01] [INFO] Successfully processed background job #4912
[2026-07-23 18:07:03] [WARNING] High memory usage detected (85%)
[2026-07-23 18:07:07] [INFO] Connection established to message queue
[2026-07-23 18:07:11] [INFO] User admin logged in from 192.168.1.100
[2026-07-23 18:07:12] [WARNING] Deprecated API usage detected in legacy_module.py
[2026-07-23 18:07:13] [INFO] Successfully processed background job #4912
[2026-07-23 18:07:15] [INFO] Handling user request for /api/v1/data
[2026-07-23 18:07:18] [INFO] User admin logged in from 192.168.1.100
[2026-07-23 18:07:20] [INFO] User admin logged in from 192.168.1.100
[2026-07-23 18:07:21] [INFO] User admin logged in from 192.168.1.100
[2026-07-23 18:07:25] [DEBUG] Fetching row 4021 from database
[2026-07-23 18:07:25] [INFO] Connection established to message queue
[2026-07-23 18:07:26] [INFO] System started successfully
[2026-07-23 18:07:29] [INFO] Successfully processed background job #4912
[2026-07-23 18:07:33] [INFO] Connection established to message queue
[2026-07-23 18:07:35] [INFO] System started successfully
[2026-07-23 18:07:37] [INFO] Cache hit for key user_profile_123
[2026-07-23 18:07:39] [ERROR] Authentication failed for user guest
[2026-07-23 18:07:39] [DEBUG] Fetching row 4021 from database
[2026-07-23 18:07:40] [WARNING] Rate limit approaching for IP 10.0.0.55
[2026-07-23 18:07:41] [INFO] System started successfully
[2026-07-23 18:07:44] [INFO] System started successfully
[2026-07-23 18:07:46] [INFO] User admin logged in from 192.168.1.100
[2026-07-23 18:07:47] [DEBUG] Initializing cache manager
[2026-07-23 18:07:47] [ERROR] Database connection failed: Connection refused
[2026-07-23 18:07:49] [DEBUG] Session token refreshed
[2026-07-23 18:07:51] [DEBUG] Parsing JSON payload
[2026-07-23 18:07:55] [INFO] Cache hit for key user_profile_123
[2026-07-23 18:07:56] [INFO] Handling user request for /api/v1/data
[2026-07-23 18:07:59] [DEBUG] Initializing cache manager
[2026-07-23 18:08:01] [INFO] User admin logged in from 192.168.1.100
[2026-07-23 18:08:04] [INFO] Cache hit for key user_profile_123
[2026-07-23 18:08:09] [INFO] Successfully processed background job #4912
[2026-07-23 18:08:10] [INFO] Handling user request for /api/v1/data
[2026-07-23 18:08:10] [INFO] Handling user request for /api/v1/data
[2026-07-23 18:08:15] [INFO] Successfully processed background job #4912
[2026-07-23 18:08:17] [DEBUG] Fetching row 4021 from database
[2026-07-23 18:08:21] [INFO] Cache hit for key user_profile_123
[2026-07-23 18:08:23] [WARNING] Deprecated API usage detected in legacy_module.py
[2026-07-23 18:08:27] [DEBUG] Fetching row 4021 from database
[2026-07-23 18:08:31] [INFO] Cache hit for key user_profile_123
[2026-07-23 18:08:34] [WARNING] Rate limit approaching for IP 10.0.0.55
[2026-07-23 18:08:38] [INFO] Cache hit for key user_profile_123
[2026-07-23 18:08:42] [DEBUG] Session token refreshed
[2026-07-23 18:08:43] [INFO] User admin logged in from 192.168.1.100
[2026-07-23 18:08:48] [INFO] Successfully processed background job #4912
[2026-07-23 18:08:51] [INFO] User admin logged in from 192.168.1.100
[2026-07-23 18:08:53] [INFO] Handling user request for /api/v1/data
[2026-07-23 18:08:53] [INFO] Successfully processed background job #4912
[2026-07-23 18:08:57] [DEBUG] Initializing cache manager
[2026-07-23 18:08:58] [INFO] Cache hit for key user_profile_123
[2026-07-23 18:09:00] [INFO] Handling user request for /api/v1/data
[2026-07-23 18:09:03] [INFO] User admin logged in from 192.168.1.100
[2026-07-23 18:09:03] [INFO] User admin logged in from 192.168.1.100
[2026-07-23 18:09:07] [INFO] Cache hit for key user_profile_123
[2026-07-23 18:09:09] [INFO] User admin logged in from 192.168.1.100
[2026-07-23 18:09:13] [INFO] System started successfully
[2026-07-23 18:09:14] [INFO] Successfully processed background job #4912
[2026-07-23 18:09:15] [ERROR] Invalid password provided for account admin
[2026-07-23 18:09:19] [ERROR] MySQL Error: Deadlock found when trying to get lock
[2026-07-23 18:09:22] [INFO] User admin logged in from 192.168.1.100
[2026-07-23 18:09:22] [DEBUG] Fetching row 4021 from database
[2026-07-23 18:09:22] [DEBUG] Parsing JSON payload
[2026-07-23 18:09:23] [INFO] System started successfully
[2026-07-23 18:09:27] [INFO] Handling user request for /api/v1/data
[2026-07-23 18:09:28] [INFO] User admin logged in from 192.168.1.100
[2026-07-23 18:09:30] [DEBUG] Initializing cache manager
[2026-07-23 18:09:34] [INFO] Connection established to message queue
[2026-07-23 18:09:39] [INFO] Successfully processed background job #4912
[2026-07-23 18:09:40] [DEBUG] Fetching row 4021 from database
[2026-07-23 18:09:42] [INFO] User admin logged in from 192.168.1.100
[2026-07-23 18:09:46] [INFO] User admin logged in from 192.168.1.100
[2026-07-23 18:09:49] [INFO] System started successfully
[2026-07-23 18:09:51] [INFO] Connection established to message queue
[2026-07-23 18:09:55] [INFO] User admin logged in from 192.168.1.100
[2026-07-23 18:10:00] [INFO] System started successfully
[2026-07-23 18:10:01] [CRITICAL] Disk space exhausted on /var/log
[2026-07-23 18:10:04] [INFO] Handling user request for /api/v1/data
[2026-07-23 18:10:05] [INFO] Connection established to message queue
[2026-07-23 18:10:10] [INFO] User admin logged in from 192.168.1.100
[2026-07-23 18:10:14] [DEBUG] Initializing cache manager
[2026-07-23 18:10:16] [INFO] Successfully processed background job #4912
[2026-07-23 18:10:18] [INFO] User admin logged in from 192.168.1.100
[2026-07-23 18:10:21] [INFO] Cache hit for key user_profile_123
[2026-07-23 18:10:25] [INFO] Cache hit for key user_profile_123
[2026-07-23 18:10:29] [INFO] Cache hit for key user_profile_123
[2026-07-23 18:10:30] [DEBUG] Initializing cache manager
[2026-07-23 18:10:33] [INFO] Successfully processed background job #4912
[2026-07-23 18:10:34] [INFO] User admin logged in from 192.168.1.100
[2026-07-23 18:10:38] [INFO] Successfully processed background job #4912
[2026-07-23 18:10:42] [INFO] Cache hit for key user_profile_123
[2026-07-23 18:10:46] [DEBUG] Parsing JSON payload
[2026-07-23 18:10:50] [DEBUG] Fetching row 4021 from database
[2026-07-23 18:10:52] [INFO] User admin logged in from 192.168.1.100
[2026-07-23 18:10:56] [INFO] Connection established to message queue
[2026-07-23 18:11:01] [INFO] Handling user request for /api/v1/data
[2026-07-23 18:11:04] [INFO] Connection established to message queue
[2026-07-23 18:11:05] [INFO] System started successfully
[2026-07-23 18:11:08] [WARNING] Deprecated API usage detected in legacy_module.py
[2026-07-23 18:11:09] [DEBUG] Parsing JSON payload
[2026-07-23 18:11:13] [INFO] Successfully processed background job #4912
[2026-07-23 18:11:16] [WARNING] High memory usage detected (85%)
[2026-07-23 18:11:17] [INFO] Cache hit for key user_profile_123
[2026-07-23 18:11:21] [DEBUG] Fetching row 4021 from database
[2026-07-23 18:11:24] [INFO] Handling user request for /api/v1/data
[2026-07-23 18:11:28] [ERROR] MySQL Error: Deadlock found when trying to get lock
[2026-07-23 18:11:30] [DEBUG] Parsing JSON payload
[2026-07-23 18:11:34] [DEBUG] Session token refreshed
[2026-07-23 18:11:38] [ERROR] Database connection failed: Connection refused
[2026-07-23 18:11:41] [DEBUG] Initializing cache manager
[2026-07-23 18:11:46] [INFO] Successfully processed background job #4912
[2026-07-23 18:11:46] [INFO] Cache hit for key user_profile_123
[2026-07-23 18:11:51] [DEBUG] Session token refreshed
[2026-07-23 18:11:51] [WARNING] Deprecated API usage detected in legacy_module.py
[2026-07-23 18:11:56] [WARNING] Deprecated API usage detected in legacy_module.py
[2026-07-23 18:12:00] [WARNING] High memory usage detected (85%)
[2026-07-23 18:12:01] [INFO] Handling user request for /api/v1/data
[2026-07-23 18:12:02] [ERROR] Authentication failed for user guest
[2026-07-23 18:12:06] [DEBUG] Initializing cache manager
[2026-07-23 18:12:09] [INFO] System started successfully
[2026-07-23 18:12:13] [DEBUG] Parsing JSON payload
[2026-07-23 18:12:18] [ERROR] Database connection failed: Connection refused
[2026-07-23 18:12:21] [ERROR] Invalid password provided for account admin
[2026-07-23 18:12:25] [INFO] Handling user request for /api/v1/data
[2026-07-23 18:12:27] [DEBUG] Parsing JSON payload
[2026-07-23 18:12:30] [INFO] Cache hit for key user_profile_123
[2026-07-23 18:12:30] [INFO] Cache hit for key user_profile_123
[2026-07-23 18:12:33] [CRITICAL] Service crashed with exit code 137
[2026-07-23 18:12:35] [ERROR] NullPointerException in DataProcessor class
[2026-07-23 18:12:37] [ERROR] MySQL Error: Deadlock found when trying to get lock
[2026-07-23 18:12:42] [INFO] Cache hit for key user_profile_123
[2026-07-23 18:12:44] [INFO] Connection established to message queue
[2026-07-23 18:12:46] [INFO] Connection established to message queue
[2026-07-23 18:12:46] [WARNING] Rate limit approaching for IP 10.0.0.55
[2026-07-23 18:12:51] [INFO] Successfully processed background job #4912
[2026-07-23 18:12:56] [DEBUG] Parsing JSON payload
[2026-07-23 18:13:00] [INFO] System started successfully
[2026-07-23 18:13:04] [INFO] User admin logged in from 192.168.1.100
[2026-07-23 18:13:06] [INFO] Handling user request for /api/v1/data
[2026-07-23 18:13:09] [DEBUG] Fetching row 4021 from database
[2026-07-23 18:13:11] [INFO] Successfully processed background job #4912
[2026-07-23 18:13:15] [INFO] User admin logged in from 192.168.1.100
[2026-07-23 18:13:19] [INFO] Successfully processed background job #4912
[2026-07-23 18:13:20] [INFO] Connection established to message queue
[2026-07-23 18:13:22] [INFO] System started successfully
[2026-07-23 18:13:27] [INFO] Connection established to message queue
[2026-07-23 18:13:31] [WARNING] High memory usage detected (85%)
[2026-07-23 18:13:36] [ERROR] MySQL Error: Deadlock found when trying to get lock
[2026-07-23 18:13:41] [INFO] User admin logged in from 192.168.1.100
[2026-07-23 18:13:41] [WARNING] High memory usage detected (85%)
[2026-07-23 18:13:44] [INFO] User admin logged in from 192.168.1.100
[2026-07-23 18:13:44] [WARNING] Rate limit approaching for IP 10.0.0.55
[2026-07-23 18:13:44] [WARNING] Rate limit approaching for IP 10.0.0.55
[2026-07-23 18:13:46] [INFO] Successfully processed background job #4912
[2026-07-23 18:13:50] [INFO] Cache hit for key user_profile_123
[2026-07-23 18:13:52] [INFO] Successfully processed background job #4912
[2026-07-23 18:13:53] [INFO] User admin logged in from 192.168.1.100
[2026-07-23 18:13:56] [INFO] Connection established to message queue
[2026-07-23 18:13:56] [DEBUG] Initializing cache manager
[2026-07-23 18:14:00] [WARNING] Rate limit approaching for IP 10.0.0.55
[2026-07-23 18:14:01] [DEBUG] Fetching row 4021 from database
[2026-07-23 18:14:03] [INFO] Connection established to message queue
[2026-07-23 18:14:07] [INFO] Handling user request for /api/v1/data
[2026-07-23 18:14:12] [INFO] Successfully processed background job #4912
[2026-07-23 18:14:13] [INFO] User admin logged in from 192.168.1.100
[2026-07-23 18:14:18] [DEBUG] Session token refreshed
[2026-07-23 18:14:22] [INFO] System started successfully
[2026-07-23 18:14:26] [INFO] Connection established to message queue
[2026-07-23 18:14:28] [INFO] Handling user request for /api/v1/data
[2026-07-23 18:14:32] [DEBUG] Parsing JSON payload
[2026-07-23 18:14:34] [INFO] Handling user request for /api/v1/data
[2026-07-23 18:14:37] [DEBUG] Session token refreshed
[2026-07-23 18:14:39] [DEBUG] Session token refreshed
[2026-07-23 18:14:41] [DEBUG] Session token refreshed
[2026-07-23 18:14:45] [WARNING] Rate limit approaching for IP 10.0.0.55
[2026-07-23 18:14:50] [DEBUG] Initializing cache manager
[2026-07-23 18:14:53] [DEBUG] Session token refreshed
[2026-07-23 18:14:57] [INFO] Cache hit for key user_profile_123
[2026-07-23 18:15:01] [INFO] System started successfully
[2026-07-23 18:15:05] [WARNING] High memory usage detected (85%)
[2026-07-23 18:15:07] [INFO] Handling user request for /api/v1/data
[2026-07-23 18:15:09] [INFO] Successfully processed background job #4912
[2026-07-23 18:15:13] [INFO] User admin logged in from 192.168.1.100
[2026-07-23 18:15:16] [INFO] Handling user request for /api/v1/data
[2026-07-23 18:15:17] [INFO] Cache hit for key user_profile_123
[2026-07-23 18:15:20] [ERROR] Authentication failed for user guest
[2026-07-23 18:15:22] [INFO] Cache hit for key user_profile_123
[2026-07-23 18:15:23] [INFO] System started successfully
[2026-07-23 18:15:25] [INFO] Successfully processed background job #4912
[2026-07-23 18:15:26] [WARNING] High memory usage detected (85%)
[2026-07-23 18:15:26] [INFO] Handling user request for /api/v1/data
[2026-07-23 18:15:27] [ERROR] Authentication failed for user guest
[2026-07-23 18:15:32] [INFO] Handling user request for /api/v1/data
[2026-07-23 18:15:34] [INFO] Cache hit for key user_profile_123
[2026-07-23 18:15:37] [INFO] System started successfully
[2026-07-23 18:15:42] [ERROR] NullPointerException in DataProcessor class
[2026-07-23 18:15:45] [INFO] Successfully processed background job #4912
[2026-07-23 18:15:47] [DEBUG] Session token refreshed
[2026-07-23 18:15:47] [INFO] Cache hit for key user_profile_123
[2026-07-23 18:15:52] [INFO] User admin logged in from 192.168.1.100
[2026-07-23 18:15:55] [INFO] Handling user request for /api/v1/data
[2026-07-23 18:15:57] [INFO] Cache hit for key user_profile_123
[2026-07-23 18:16:01] [ERROR] Invalid password provided for account admin
[2026-07-23 18:16:02] [WARNING] Rate limit approaching for IP 10.0.0.55
[2026-07-23 18:16:04] [INFO] Cache hit for key user_profile_123
[2026-07-23 18:16:08] [WARNING] Deprecated API usage detected in legacy_module.py
[2026-07-23 18:16:11] [WARNING] High memory usage detected (85%)
[2026-07-23 18:16:12] [INFO] Connection established to message queue
[2026-07-23 18:16:16] [INFO] Connection established to message queue
[2026-07-23 18:16:19] [INFO] Cache hit for key user_profile_123
[2026-07-23 18:16:22] [DEBUG] Parsing JSON payload
[2026-07-23 18:16:25] [INFO] User admin logged in from 192.168.1.100
[2026-07-23 18:16:30] [INFO] Handling user request for /api/v1/data
[2026-07-23 18:16:33] [WARNING] High memory usage detected (85%)
[2026-07-23 18:16:34] [INFO] User admin logged in from 192.168.1.100
[2026-07-23 18:16:34] [INFO] Cache hit for key user_profile_123
[2026-07-23 18:16:35] [DEBUG] Session token refreshed
[2026-07-23 18:16:39] [DEBUG] Initializing cache manager
[2026-07-23 18:16:42] [DEBUG] Fetching row 4021 from database
[2026-07-23 18:16:46] [INFO] Successfully processed background job #4912
[2026-07-23 18:16:48] [INFO] Successfully processed background job #4912
[2026-07-23 18:16:49] [INFO] Handling user request for /api/v1/data
[2026-07-23 18:16:51] [INFO] System started successfully
[2026-07-23 18:16:54] [INFO] Cache hit for key user_profile_123
[2026-07-23 18:16:59] [INFO] Successfully processed background job #4912
[2026-07-23 18:17:00] [INFO] System started successfully
[2026-07-23 18:17:01] [ERROR] Authentication failed for user guest
[2026-07-23 18:17:06] [INFO] Handling user request for /api/v1/data
[2026-07-23 18:17:08] [INFO] System started successfully
[2026-07-23 18:17:11] [INFO] Successfully processed background job #4912
[2026-07-23 18:17:13] [INFO] Handling user request for /api/v1/data
[2026-07-23 18:17:14] [INFO] Handling user request for /api/v1/data
[2026-07-23 18:17:17] [DEBUG] Fetching row 4021 from database
[2026-07-23 18:17:18] [DEBUG] Fetching row 4021 from database
[2026-07-23 18:17:20] [INFO] Cache hit for key user_profile_123
[2026-07-23 18:17:24] [INFO] Cache hit for key user_profile_123
[2026-07-23 18:17:26] [WARNING] Rate limit approaching for IP 10.0.0.55
[2026-07-23 18:17:31] [INFO] Successfully processed background job #4912
[2026-07-23 18:17:33] [INFO] Connection established to message queue
[2026-07-23 18:17:34] [INFO] Cache hit for key user_profile_123
[2026-07-23 18:17:36] [INFO] Successfully processed background job #4912
[2026-07-23 18:17:38] [INFO] Handling user request for /api/v1/data
[2026-07-23 18:17:41] [INFO] Connection established to message queue
[2026-07-23 18:17:42] [INFO] Cache hit for key user_profile_123
[2026-07-23 18:17:43] [DEBUG] Initializing cache manager
[2026-07-23 18:17:46] [WARNING] Deprecated API usage detected in legacy_module.py
[2026-07-23 18:17:46] [WARNING] Deprecated API usage detected in legacy_module.py
[2026-07-23 18:17:50] [WARNING] High memory usage detected (85%)
[2026-07-23 18:17:53] [INFO] Connection established to message queue
[2026-07-23 18:17:54] [INFO] Successfully processed background job #4912
[2026-07-23 18:17:54] [INFO] System started successfully
[2026-07-23 18:17:59] [INFO] Connection established to message queue
[2026-07-23 18:18:00] [DEBUG] Fetching row 4021 from database
[2026-07-23 18:18:00] [WARNING] Deprecated API usage detected in legacy_module.py
[2026-07-23 18:18:03] [INFO] User admin logged in from 192.168.1.100
[2026-07-23 18:18:04] [INFO] Successfully processed background job #4912
[2026-07-23 18:18:09] [WARNING] Deprecated API usage detected in legacy_module.py
[2026-07-23 18:18:10] [INFO] Handling user request for /api/v1/data
[2026-07-23 18:18:12] [WARNING] Rate limit approaching for IP 10.0.0.55
[2026-07-23 18:18:15] [WARNING] Rate limit approaching for IP 10.0.0.55
[2026-07-23 18:18:16] [INFO] System started successfully
[2026-07-23 18:18:18] [WARNING] High memory usage detected (85%)
[2026-07-23 18:18:19] [DEBUG] Fetching row 4021 from database
[2026-07-23 18:18:19] [INFO] System started successfully
[2026-07-23 18:18:22] [INFO] Handling user request for /api/v1/data
[2026-07-23 18:18:23] [DEBUG] Parsing JSON payload
[2026-07-23 18:18:28] [INFO] Successfully processed background job #4912
[2026-07-23 18:18:30] [DEBUG] Fetching row 4021 from database
[2026-07-23 18:18:31] [DEBUG] Fetching row 4021 from database
[2026-07-23 18:18:34] [INFO] System started successfully
[2026-07-23 18:18:35] [INFO] Connection established to message queue
[2026-07-23 18:18:40] [DEBUG] Fetching row 4021 from database
[2026-07-23 18:18:44] [INFO] User admin logged in from 192.168.1.100
[2026-07-23 18:18:47] [INFO] Successfully processed background job #4912
[2026-07-23 18:18:51] [INFO] Connection established to message queue
[2026-07-23 18:18:55] [INFO] Connection established to message queue
[2026-07-23 18:18:56] [ERROR] Authentication failed for user guest
[2026-07-23 18:18:57] [INFO] Handling user request for /api/v1/data
[2026-07-23 18:18:58] [INFO] User admin logged in from 192.168.1.100
[2026-07-23 18:19:00] [DEBUG] Initializing cache manager
[2026-07-23 18:19:01] [DEBUG] Fetching row 4021 from database
[2026-07-23 18:19:03] [INFO] Handling user request for /api/v1/data
[2026-07-23 18:19:06] [INFO] System started successfully
[2026-07-23 18:19:10] [INFO] Cache hit for key user_profile_123
[2026-07-23 18:19:11] [WARNING] High memory usage detected (85%)
[2026-07-23 18:19:15] [INFO] Handling user request for /api/v1/data
[2026-07-23 18:19:16] [CRITICAL] Disk space exhausted on /var/log
[2026-07-23 18:19:18] [INFO] User admin logged in from 192.168.1.100
[2026-07-23 18:19:21] [WARNING] Deprecated API usage detected in legacy_module.py
[2026-07-23 18:19:26] [INFO] User admin logged in from 192.168.1.100
[2026-07-23 18:19:27] [INFO] Successfully processed background job #4912
[2026-07-23 18:19:31] [INFO] Connection established to message queue
[2026-07-23 18:19:32] [DEBUG] Session token refreshed
[2026-07-23 18:19:36] [INFO] Successfully processed background job #4912
[2026-07-23 18:19:38] [INFO] Handling user request for /api/v1/data
[2026-07-23 18:19:39] [INFO] System started successfully
[2026-07-23 18:19:41] [INFO] Successfully processed background job #4912
[2026-07-23 18:19:45] [INFO] User admin logged in from 192.168.1.100
[2026-07-23 18:19:50] [INFO] Connection established to message queue
[2026-07-23 18:19:51] [INFO] Successfully processed background job #4912
[2026-07-23 18:19:52] [DEBUG] Session token refreshed
[2026-07-23 18:19:55] [INFO] Successfully processed background job #4912
[2026-07-23 18:19:56] [DEBUG] Fetching row 4021 from database
[2026-07-23 18:19:58] [INFO] User admin logged in from 192.168.1.100
[2026-07-23 18:20:02] [INFO] Connection established to message queue
[2026-07-23 18:20:02] [INFO] Cache hit for key user_profile_123
[2026-07-23 18:20:02] [INFO] User admin logged in from 192.168.1.100
[2026-07-23 18:20:03] [INFO] Successfully processed background job #4912
[2026-07-23 18:20:04] [INFO] Successfully processed background job #4912
[2026-07-23 18:20:06] [INFO] User admin logged in from 192.168.1.100
[2026-07-23 18:20:07] [INFO] Handling user request for /api/v1/data
[2026-07-23 18:20:10] [DEBUG] Initializing cache manager
[2026-07-23 18:20:11] [INFO] System started successfully
[2026-07-23 18:20:15] [INFO] Connection established to message queue
[2026-07-23 18:20:18] [INFO] Connection established to message queue
[2026-07-23 18:20:19] [INFO] User admin logged in from 192.168.1.100
[2026-07-23 18:20:22] [WARNING] Deprecated API usage detected in legacy_module.py
[2026-07-23 18:20:23] [INFO] User admin logged in from 192.168.1.100
[2026-07-23 18:20:27] [INFO] System started successfully
[2026-07-23 18:20:30] [ERROR] MySQL Error: Deadlock found when trying to get lock
[2026-07-23 18:20:31] [INFO] System started successfully
[2026-07-23 18:20:33] [INFO] Handling user request for /api/v1/data
[2026-07-23 18:20:37] [INFO] System started successfully
[2026-07-23 18:20:42] [INFO] Connection established to message queue
[2026-07-23 18:20:45] [INFO] System started successfully
[2026-07-23 18:20:46] [INFO] System started successfully
[2026-07-23 18:20:47] [INFO] Connection established to message queue
[2026-07-23 18:20:48] [DEBUG] Session token refreshed
[2026-07-23 18:20:49] [INFO] Successfully processed background job #4912
[2026-07-23 18:20:53] [INFO] Connection established to message queue
[2026-07-23 18:20:55] [INFO] Successfully processed background job #4912
[2026-07-23 18:20:57] [DEBUG] Fetching row 4021 from database
[2026-07-23 18:21:01] [INFO] Handling user request for /api/v1/data
[2026-07-23 18:21:03] [DEBUG] Initializing cache manager
[2026-07-23 18:21:07] [INFO] Connection established to message queue
[2026-07-23 18:21:08] [INFO] Handling user request for /api/v1/data
[2026-07-23 18:21:08] [ERROR] Authentication failed for user guest
[2026-07-23 18:21:11] [DEBUG] Initializing cache manager
[2026-07-23 18:21:16] [ERROR] Database connection failed: Connection refused
[2026-07-23 18:21:19] [INFO] Successfully processed background job #4912
[2026-07-23 18:21:20] [INFO] User admin logged in from 192.168.1.100
[2026-07-23 18:21:24] [INFO] System started successfully
[2026-07-23 18:21:27] [INFO] System started successfully
[2026-07-23 18:21:29] [INFO] Cache hit for key user_profile_123
[2026-07-23 18:21:31] [CRITICAL] Disk space exhausted on /var/log
[2026-07-23 18:21:34] [INFO] User admin logged in from 192.168.1.100
[2026-07-23 18:21:36] [WARNING] High memory usage detected (85%)
[2026-07-23 18:21:39] [INFO] Cache hit for key user_profile_123
[2026-07-23 18:21:39] [DEBUG] Session token refreshed
[2026-07-23 18:21:42] [INFO] Handling user request for /api/v1/data
[2026-07-23 18:21:43] [WARNING] Deprecated API usage detected in legacy_module.py
[2026-07-23 18:21:45] [INFO] Successfully processed background job #4912
[2026-07-23 18:21:47] [INFO] Successfully processed background job #4912
[2026-07-23 18:21:48] [INFO] Cache hit for key user_profile_123
[2026-07-23 18:21:52] [DEBUG] Fetching row 4021 from database
[2026-07-23 18:21:54] [DEBUG] Fetching row 4021 from database
[2026-07-23 18:21:56] [INFO] User admin logged in from 192.168.1.100
[2026-07-23 18:22:01] [INFO] Connection established to message queue
[2026-07-23 18:22:02] [DEBUG] Parsing JSON payload
[2026-07-23 18:22:04] [INFO] User admin logged in from 192.168.1.100
[2026-07-23 18:22:08] [INFO] Cache hit for key user_profile_123
[2026-07-23 18:22:11] [INFO] Successfully processed background job #4912
[2026-07-23 18:22:14] [DEBUG] Initializing cache manager
[2026-07-23 18:22:18] [WARNING] High memory usage detected (85%)
[2026-07-23 18:22:22] [DEBUG] Initializing cache manager
[2026-07-23 18:22:22] [INFO] Successfully processed background job #4912
[2026-07-23 18:22:23] [INFO] Connection established to message queue
[2026-07-23 18:22:27] [INFO] User admin logged in from 192.168.1.100
[2026-07-23 18:22:29] [INFO] User admin logged in from 192.168.1.100
[2026-07-23 18:22:34] [ERROR] Invalid password provided for account admin
[2026-07-23 18:22:38] [INFO] Successfully processed background job #4912
[2026-07-23 18:22:43] [INFO] Connection established to message queue
[2026-07-23 18:22:45] [INFO] Handling user request for /api/v1/data
[2026-07-23 18:22:45] [INFO] User admin logged in from 192.168.1.100
[2026-07-23 18:22:47] [CRITICAL] Disk space exhausted on /var/log
[2026-07-23 18:22:47] [INFO] Successfully processed background job #4912
[2026-07-23 18:22:49] [INFO] Successfully processed background job #4912
[2026-07-23 18:22:52] [INFO] Handling user request for /api/v1/data
[2026-07-23 18:22:55] [INFO] System started successfully
[2026-07-23 18:23:00] [DEBUG] Fetching row 4021 from database
[2026-07-23 18:23:01] [INFO] System started successfully
[2026-07-23 18:23:04] [INFO] Cache hit for key user_profile_123
[2026-07-23 18:23:09] [INFO] Connection established to message queue
[2026-07-23 18:23:13] [INFO] Handling user request for /api/v1/data
[2026-07-23 18:23:18] [INFO] Successfully processed background job #4912
[2026-07-23 18:23:20] [CRITICAL] Service crashed with exit code 137
[2026-07-23 18:23:22] [INFO] Successfully processed background job #4912
[2026-07-23 18:23:25] [INFO] User admin logged in from 192.168.1.100
[2026-07-23 18:23:29] [INFO] User admin logged in from 192.168.1.100
[2026-07-23 18:23:30] [INFO] User admin logged in from 192.168.1.100
[2026-07-23 18:23:32] [WARNING] Rate limit approaching for IP 10.0.0.55
[2026-07-23 18:23:36] [INFO] Successfully processed background job #4912
[2026-07-23 18:23:39] [DEBUG] Initializing cache manager
[2026-07-23 18:23:43] [INFO] Successfully processed background job #4912
[2026-07-23 18:23:44] [DEBUG] Parsing JSON payload
[2026-07-23 18:23:48] [INFO] Connection established to message queue
[2026-07-23 18:23:52] [INFO] Connection established to message queue
[2026-07-23 18:23:55] [CRITICAL] Timeout while waiting for external service after 30000ms
[2026-07-23 18:23:57] [INFO] Successfully processed background job #4912
[2026-07-23 18:23:58] [INFO] Connection established to message queue
[2026-07-23 18:23:58] [INFO] Successfully processed background job #4912
[2026-07-23 18:23:59] [INFO] Connection established to message queue
[2026-07-23 18:24:02] [INFO] Handling user request for /api/v1/data
[2026-07-23 18:24:04] [INFO] Handling user request for /api/v1/data
[2026-07-23 18:24:08] [INFO] Successfully processed background job #4912
[2026-07-23 18:24:13] [INFO] Connection established to message queue
[2026-07-23 18:24:13] [WARNING] Rate limit approaching for IP 10.0.0.55
[2026-07-23 18:24:15] [WARNING] Rate limit approaching for IP 10.0.0.55
[2026-07-23 18:24:18] [ERROR] NullPointerException in DataProcessor class
[2026-07-23 18:24:22] [INFO] Connection established to message queue
[2026-07-23 18:24:24] [INFO] Successfully processed background job #4912
[2026-07-23 18:24:24] [DEBUG] Initializing cache manager
[2026-07-23 18:24:27] [WARNING] Deprecated API usage detected in legacy_module.py
[2026-07-23 18:24:32] [INFO] Handling user request for /api/v1/data
[2026-07-23 18:24:36] [INFO] User admin logged in from 192.168.1.100
[2026-07-23 18:24:40] [INFO] Handling user request for /api/v1/data
[2026-07-23 18:24:42] [INFO] User admin logged in from 192.168.1.100
[2026-07-23 18:24:45] [INFO] Handling user request for /api/v1/data
[2026-07-23 18:24:49] [INFO] Cache hit for key user_profile_123
[2026-07-23 18:24:49] [WARNING] Rate limit approaching for IP 10.0.0.55
[2026-07-23 18:24:51] [INFO] Connection established to message queue
[2026-07-23 18:24:55] [CRITICAL] Timeout while waiting for external service after 30000ms
[2026-07-23 18:24:57] [INFO] Cache hit for key user_profile_123
[2026-07-23 18:24:58] [DEBUG] Initializing cache manager
[2026-07-23 18:25:01] [INFO] Handling user request for /api/v1/data
[2026-07-23 18:25:01] [INFO] User admin logged in from 192.168.1.100
[2026-07-23 18:25:05] [INFO] Cache hit for key user_profile_123
[2026-07-23 18:25:08] [INFO] Connection established to message queue
[2026-07-23 18:25:10] [INFO] User admin logged in from 192.168.1.100
[2026-07-23 18:25:12] [DEBUG] Fetching row 4021 from database
[2026-07-23 18:25:16] [WARNING] Rate limit approaching for IP 10.0.0.55
[2026-07-23 18:25:20] [INFO] Cache hit for key user_profile_123
[2026-07-23 18:25:22] [INFO] User admin logged in from 192.168.1.100
[2026-07-23 18:25:25] [INFO] User admin logged in from 192.168.1.100
[2026-07-23 18:25:30] [INFO] Handling user request for /api/v1/data
[2026-07-23 18:25:33] [DEBUG] Initializing cache manager
[2026-07-23 18:25:33] [INFO] Connection established to message queue
[2026-07-23 18:25:36] [INFO] System started successfully
[2026-07-23 18:25:36] [INFO] System started successfully
[2026-07-23 18:25:39] [INFO] System started successfully
[2026-07-23 18:25:39] [DEBUG] Parsing JSON payload
[2026-07-23 18:25:41] [DEBUG] Parsing JSON payload
[2026-07-23 18:25:44] [INFO] System started successfully
[2026-07-23 18:25:46] [INFO] Connection established to message queue
[2026-07-23 18:25:49] [INFO] Connection established to message queue
[2026-07-23 18:25:50] [DEBUG] Fetching row 4021 from database
[2026-07-23 18:25:50] [INFO] User admin logged in from 192.168.1.100
[2026-07-23 18:25:55] [INFO] Connection established to message queue
[2026-07-23 18:25:58] [DEBUG] Initializing cache manager
[2026-07-23 18:26:00] [INFO] User admin logged in from 192.168.1.100
[2026-07-23 18:26:04] [INFO] Cache hit for key user_profile_123
[2026-07-23 18:26:06] [INFO] Cache hit for key user_profile_123
[2026-07-23 18:26:07] [INFO] System started successfully
[2026-07-23 18:26:10] [INFO] Handling user request for /api/v1/data
[2026-07-23 18:26:12] [INFO] User admin logged in from 192.168.1.100
[2026-07-23 18:26:14] [DEBUG] Parsing JSON payload
[2026-07-23 18:26:16] [WARNING] Rate limit approaching for IP 10.0.0.55
[2026-07-23 18:26:19] [ERROR] Invalid password provided for account admin
[2026-07-23 18:26:23] [DEBUG] Fetching row 4021 from database
[2026-07-23 18:26:27] [INFO] Connection established to message queue
[2026-07-23 18:26:31] [ERROR] Invalid password provided for account admin
[2026-07-23 18:26:32] [ERROR] Authentication failed for user guest
[2026-07-23 18:26:37] [INFO] Connection established to message queue
[2026-07-23 18:26:39] [DEBUG] Session token refreshed
[2026-07-23 18:26:44] [INFO] Successfully processed background job #4912
[2026-07-23 18:26:47] [INFO] System started successfully
[2026-07-23 18:26:48] [INFO] System started successfully
[2026-07-23 18:26:50] [INFO] Cache hit for key user_profile_123
[2026-07-23 18:26:51] [INFO] Successfully processed background job #4912
[2026-07-23 18:26:52] [INFO] Handling user request for /api/v1/data
[2026-07-23 18:26:53] [INFO] Handling user request for /api/v1/data
[2026-07-23 18:26:56] [ERROR] MySQL Error: Deadlock found when trying to get lock
[2026-07-23 18:26:56] [INFO] User admin logged in from 192.168.1.100
[2026-07-23 18:26:58] [INFO] User admin logged in from 192.168.1.100
[2026-07-23 18:27:02] [WARNING] Deprecated API usage detected in legacy_module.py
[2026-07-23 18:27:04] [INFO] Handling user request for /api/v1/data
[2026-07-23 18:27:05] [INFO] User admin logged in from 192.168.1.100
[2026-07-23 18:27:07] [INFO] Successfully processed background job #4912
[2026-07-23 18:27:10] [ERROR] Authentication failed for user guest
[2026-07-23 18:27:15] [INFO] Connection established to message queue
[2026-07-23 18:27:17] [INFO] Cache hit for key user_profile_123
[2026-07-23 18:27:20] [DEBUG] Parsing JSON payload
[2026-07-23 18:27:24] [INFO] Connection established to message queue
[2026-07-23 18:27:29] [INFO] Connection established to message queue
[2026-07-23 18:27:29] [INFO] Cache hit for key user_profile_123
[2026-07-23 18:27:30] [INFO] Connection established to message queue
[2026-07-23 18:27:32] [INFO] System started successfully
[2026-07-23 18:27:35] [INFO] User admin logged in from 192.168.1.100
[2026-07-23 18:27:38] [INFO] User admin logged in from 192.168.1.100
[2026-07-23 18:27:41] [CRITICAL] Timeout while waiting for external service after 30000ms
[2026-07-23 18:27:43] [DEBUG] Initializing cache manager
[2026-07-23 18:27:43] [INFO] Cache hit for key user_profile_123
[2026-07-23 18:27:48] [INFO] Cache hit for key user_profile_123
[2026-07-23 18:27:50] [INFO] Cache hit for key user_profile_123
[2026-07-23 18:27:54] [INFO] System started successfully
[2026-07-23 18:27:55] [INFO] User admin logged in from 192.168.1.100
[2026-07-23 18:27:55] [INFO] Cache hit for key user_profile_123
[2026-07-23 18:27:56] [DEBUG] Session token refreshed
[2026-07-23 18:27:57] [ERROR] Invalid password provided for account admin
[2026-07-23 18:28:01] [DEBUG] Initializing cache manager
[2026-07-23 18:28:05] [WARNING] Deprecated API usage detected in legacy_module.py
[2026-07-23 18:28:07] [INFO] Connection established to message queue
[2026-07-23 18:28:10] [INFO] Cache hit for key user_profile_123
[2026-07-23 18:28:13] [INFO] Handling user request for /api/v1/data
[2026-07-23 18:28:15] [INFO] Cache hit for key user_profile_123
[2026-07-23 18:28:18] [ERROR] NullPointerException in DataProcessor class
[2026-07-23 18:28:21] [INFO] Connection established to message queue
[2026-07-23 18:28:23] [INFO] System started successfully
[2026-07-23 18:28:26] [WARNING] Deprecated API usage detected in legacy_module.py
[2026-07-23 18:28:31] [INFO] Handling user request for /api/v1/data
[2026-07-23 18:28:32] [INFO] Successfully processed background job #4912
[2026-07-23 18:28:35] [INFO] Cache hit for key user_profile_123
[2026-07-23 18:28:39] [INFO] Handling user request for /api/v1/data
[2026-07-23 18:28:39] [INFO] Handling user request for /api/v1/data
[2026-07-23 18:28:43] [INFO] Connection established to message queue
[2026-07-23 18:28:45] [DEBUG] Fetching row 4021 from database
[2026-07-23 18:28:47] [DEBUG] Fetching row 4021 from database
[2026-07-23 18:28:49] [INFO] System started successfully
[2026-07-23 18:28:53] [INFO] Connection established to message queue
[2026-07-23 18:28:54] [INFO] Connection established to message queue
[2026-07-23 18:28:56] [INFO] User admin logged in from 192.168.1.100
[2026-07-23 18:28:57] [INFO] Successfully processed background job #4912
[2026-07-23 18:28:58] [DEBUG] Session token refreshed
[2026-07-23 18:28:58] [INFO] Connection established to message queue
[2026-07-23 18:29:02] [INFO] System started successfully
[2026-07-23 18:29:03] [INFO] Cache hit for key user_profile_123
[2026-07-23 18:29:07] [CRITICAL] Timeout while waiting for external service after 30000ms
[2026-07-23 18:29:09] [INFO] System started successfully
[2026-07-23 18:29:09] [INFO] Successfully processed background job #4912
[2026-07-23 18:29:09] [INFO] System started successfully
[2026-07-23 18:29:10] [INFO] Cache hit for key user_profile_123
[2026-07-23 18:29:10] [ERROR] MySQL Error: Deadlock found when trying to get lock
[2026-07-23 18:29:12] [INFO] Cache hit for key user_profile_123
[2026-07-23 18:29:16] [INFO] Connection established to message queue
[2026-07-23 18:29:16] [INFO] System started successfully
[2026-07-23 18:29:20] [INFO] User admin logged in from 192.168.1.100
[2026-07-23 18:29:21] [INFO] Cache hit for key user_profile_123
[2026-07-23 18:29:24] [INFO] Cache hit for key user_profile_123
[2026-07-23 18:29:25] [INFO] Handling user request for /api/v1/data
[2026-07-23 18:29:25] [INFO] Handling user request for /api/v1/data
[2026-07-23 18:29:27] [CRITICAL] Disk space exhausted on /var/log
[2026-07-23 18:29:29] [INFO] Cache hit for key user_profile_123
[2026-07-23 18:29:30] [INFO] System started successfully
[2026-07-23 18:29:32] [DEBUG] Initializing cache manager
[2026-07-23 18:29:33] [INFO] Cache hit for key user_profile_123
[2026-07-23 18:29:35] [INFO] Connection established to message queue
[2026-07-23 18:29:38] [INFO] System started successfully
[2026-07-23 18:29:40] [ERROR] Authentication failed for user guest
[2026-07-23 18:29:41] [INFO] System started successfully
[2026-07-23 18:29:41] [INFO] Connection established to message queue
[2026-07-23 18:29:42] [INFO] User admin logged in from 192.168.1.100
[2026-07-23 18:29:46] [INFO] User admin logged in from 192.168.1.100
[2026-07-23 18:29:49] [INFO] Successfully processed background job #4912
[2026-07-23 18:29:50] [INFO] Connection established to message queue
[2026-07-23 18:29:50] [DEBUG] Initializing cache manager
[2026-07-23 18:29:52] [INFO] Cache hit for key user_profile_123
[2026-07-23 18:29:56] [INFO] User admin logged in from 192.168.1.100
[2026-07-23 18:29:57] [INFO] Successfully processed background job #4912
[2026-07-23 18:30:02] [ERROR] Database connection failed: Connection refused
[2026-07-23 18:30:04] [DEBUG] Fetching row 4021 from database
[2026-07-23 18:30:08] [INFO] Cache hit for key user_profile_123
[2026-07-23 18:30:11] [INFO] Successfully processed background job #4912
[2026-07-23 18:30:12] [INFO] User admin logged in from 192.168.1.100
[2026-07-23 18:30:14] [INFO] Connection established to message queue
[2026-07-23 18:30:16] [INFO] Cache hit for key user_profile_123
[2026-07-23 18:30:17] [ERROR] Authentication failed for user guest
[2026-07-23 18:30:19] [ERROR] Database connection failed: Connection refused
[2026-07-23 18:30:24] [INFO] Handling user request for /api/v1/data
[2026-07-23 18:30:26] [INFO] System started successfully
[2026-07-23 18:30:31] [INFO] Handling user request for /api/v1/data
[2026-07-23 18:30:36] [INFO] Handling user request for /api/v1/data
[2026-07-23 18:30:38] [INFO] System started successfully
[2026-07-23 18:30:39] [ERROR] MySQL Error: Deadlock found when trying to get lock
[2026-07-23 18:30:40] [INFO] System started successfully
[2026-07-23 18:30:45] [INFO] Handling user request for /api/v1/data
[2026-07-23 18:30:46] [INFO] Cache hit for key user_profile_123
[2026-07-23 18:30:46] [INFO] Connection established to message queue
[2026-07-23 18:30:46] [WARNING] Deprecated API usage detected in legacy_module.py
[2026-07-23 18:30:50] [ERROR] Invalid password provided for account admin
[2026-07-23 18:30:51] [INFO] Cache hit for key user_profile_123
[2026-07-23 18:30:55] [ERROR] NullPointerException in DataProcessor class
[2026-07-23 18:30:59] [INFO] Successfully processed background job #4912
[2026-07-23 18:31:00] [INFO] User admin logged in from 192.168.1.100
[2026-07-23 18:31:02] [INFO] Cache hit for key user_profile_123
[2026-07-23 18:31:03] [INFO] Handling user request for /api/v1/data
[2026-07-23 18:31:06] [DEBUG] Fetching row 4021 from database
[2026-07-23 18:31:07] [INFO] Cache hit for key user_profile_123
[2026-07-23 18:31:10] [INFO] Handling user request for /api/v1/data
[2026-07-23 18:31:13] [INFO] Handling user request for /api/v1/data
[2026-07-23 18:31:15] [INFO] Connection established to message queue
[2026-07-23 18:31:16] [INFO] Successfully processed background job #4912
[2026-07-23 18:31:20] [INFO] Successfully processed background job #4912
[2026-07-23 18:31:24] [INFO] System started successfully
[2026-07-23 18:31:27] [DEBUG] Parsing JSON payload
[2026-07-23 18:31:29] [INFO] User admin logged in from 192.168.1.100
[2026-07-23 18:31:31] [INFO] System started successfully
[2026-07-23 18:31:32] [INFO] Cache hit for key user_profile_123
[2026-07-23 18:31:33] [INFO] Connection established to message queue
[2026-07-23 18:31:36] [DEBUG] Parsing JSON payload
[2026-07-23 18:31:36] [INFO] System started successfully
[2026-07-23 18:31:41] [INFO] Successfully processed background job #4912
[2026-07-23 18:31:42] [INFO] Handling user request for /api/v1/data
[2026-07-23 18:31:43] [DEBUG] Session token refreshed
[2026-07-23 18:31:46] [DEBUG] Fetching row 4021 from database
[2026-07-23 18:31:47] [INFO] Cache hit for key user_profile_123
[2026-07-23 18:31:48] [INFO] System started successfully
[2026-07-23 18:31:50] [WARNING] Deprecated API usage detected in legacy_module.py
[2026-07-23 18:31:51] [INFO] Handling user request for /api/v1/data
[2026-07-23 18:31:53] [INFO] System started successfully
[2026-07-23 18:31:55] [INFO] System started successfully
[2026-07-23 18:31:56] [INFO] Connection established to message queue
[2026-07-23 18:32:01] [CRITICAL] Timeout while waiting for external service after 30000ms
[2026-07-23 18:32:04] [INFO] Cache hit for key user_profile_123
[2026-07-23 18:32:06] [INFO] Successfully processed background job #4912
[2026-07-23 18:32:10] [ERROR] Database connection failed: Connection refused
[2026-07-23 18:32:11] [DEBUG] Fetching row 4021 from database
[2026-07-23 18:32:12] [INFO] User admin logged in from 192.168.1.100
[2026-07-23 18:32:13] [INFO] Cache hit for key user_profile_123
[2026-07-23 18:32:18] [INFO] Connection established to message queue
[2026-07-23 18:32:22] [INFO] Successfully processed background job #4912
[2026-07-23 18:32:25] [INFO] Connection established to message queue
[2026-07-23 18:32:26] [INFO] Handling user request for /api/v1/data
[2026-07-23 18:32:27] [ERROR] MySQL Error: Deadlock found when trying to get lock
[2026-07-23 18:32:30] [INFO] Successfully processed background job #4912
[2026-07-23 18:32:34] [INFO] Connection established to message queue
[2026-07-23 18:32:38] [INFO] User admin logged in from 192.168.1.100
[2026-07-23 18:32:39] [INFO] Handling user request for /api/v1/data
[2026-07-23 18:32:44] [INFO] Handling user request for /api/v1/data
[2026-07-23 18:32:48] [INFO] Handling user request for /api/v1/data
[2026-07-23 18:32:52] [INFO] User admin logged in from 192.168.1.100
[2026-07-23 18:32:57] [DEBUG] Parsing JSON payload
[2026-07-23 18:33:01] [INFO] Connection established to message queue
[2026-07-23 18:33:05] [DEBUG] Fetching row 4021 from database
[2026-07-23 18:33:05] [INFO] User admin logged in from 192.168.1.100
[2026-07-23 18:33:09] [INFO] User admin logged in from 192.168.1.100
[2026-07-23 18:33:13] [INFO] System started successfully
[2026-07-23 18:33:17] [INFO] Cache hit for key user_profile_123
[2026-07-23 18:33:20] [INFO] User admin logged in from 192.168.1.100
[2026-07-23 18:33:24] [INFO] Cache hit for key user_profile_123
[2026-07-23 18:33:26] [INFO] Connection established to message queue
[2026-07-23 18:33:28] [DEBUG] Initializing cache manager
[2026-07-23 18:33:32] [INFO] Cache hit for key user_profile_123
[2026-07-23 18:33:36] [INFO] User admin logged in from 192.168.1.100
[2026-07-23 18:33:37] [INFO] System started successfully
[2026-07-23 18:33:41] [WARNING] Rate limit approaching for IP 10.0.0.55
[2026-07-23 18:33:43] [INFO] Successfully processed background job #4912
[2026-07-23 18:33:43] [INFO] Successfully processed background job #4912
[2026-07-23 18:33:47] [INFO] Successfully processed background job #4912
[2026-07-23 18:33:49] [INFO] Connection established to message queue
[2026-07-23 18:33:51] [WARNING] High memory usage detected (85%)
[2026-07-23 18:33:53] [INFO] System started successfully
[2026-07-23 18:33:53] [DEBUG] Session token refreshed
[2026-07-23 18:33:56] [INFO] Connection established to message queue
[2026-07-23 18:33:58] [INFO] Successfully processed background job #4912
[2026-07-23 18:33:59] [INFO] User admin logged in from 192.168.1.100
[2026-07-23 18:34:01] [DEBUG] Initializing cache manager
[2026-07-23 18:34:04] [INFO] Successfully processed background job #4912
[2026-07-23 18:34:07] [ERROR] Authentication failed for user guest
[2026-07-23 18:34:11] [INFO] System started successfully
[2026-07-23 18:34:11] [INFO] System started successfully
[2026-07-23 18:34:14] [INFO] Cache hit for key user_profile_123
[2026-07-23 18:34:15] [INFO] Successfully processed background job #4912
[2026-07-23 18:34:20] [INFO] Handling user request for /api/v1/data
[2026-07-23 18:34:22] [INFO] Cache hit for key user_profile_123
[2026-07-23 18:34:23] [INFO] Connection established to message queue
[2026-07-23 18:34:26] [DEBUG] Initializing cache manager
[2026-07-23 18:34:31] [INFO] Connection established to message queue
[2026-07-23 18:34:34] [INFO] Cache hit for key user_profile_123
[2026-07-23 18:34:36] [INFO] User admin logged in from 192.168.1.100
[2026-07-23 18:34:40] [INFO] Handling user request for /api/v1/data
[2026-07-23 18:34:44] [INFO] Successfully processed background job #4912
[2026-07-23 18:34:49] [INFO] System started successfully
[2026-07-23 18:34:53] [INFO] Cache hit for key user_profile_123
[2026-07-23 18:34:56] [INFO] System started successfully
[2026-07-23 18:34:58] [INFO] User admin logged in from 192.168.1.100
[2026-07-23 18:35:01] [ERROR] Database connection failed: Connection refused
[2026-07-23 18:35:01] [WARNING] High memory usage detected (85%)
[2026-07-23 18:35:04] [ERROR] MySQL Error: Deadlock found when trying to get lock
[2026-07-23 18:35:06] [INFO] System started successfully
[2026-07-23 18:35:09] [WARNING] High memory usage detected (85%)
[2026-07-23 18:35:10] [INFO] Cache hit for key user_profile_123
[2026-07-23 18:35:13] [INFO] Successfully processed background job #4912
[2026-07-23 18:35:16] [DEBUG] Fetching row 4021 from database
[2026-07-23 18:35:20] [INFO] System started successfully
[2026-07-23 18:35:24] [INFO] Cache hit for key user_profile_123
[2026-07-23 18:35:24] [DEBUG] Parsing JSON payload
[2026-07-23 18:35:27] [DEBUG] Initializing cache manager
[2026-07-23 18:35:27] [INFO] System started successfully
[2026-07-23 18:35:30] [DEBUG] Fetching row 4021 from database
[2026-07-23 18:35:33] [INFO] Successfully processed background job #4912
[2026-07-23 18:35:38] [DEBUG] Initializing cache manager
[2026-07-23 18:35:39] [INFO] Handling user request for /api/v1/data
[2026-07-23 18:35:42] [WARNING] High memory usage detected (85%)
[2026-07-23 18:35:47] [INFO] System started successfully
[2026-07-23 18:35:49] [WARNING] Rate limit approaching for IP 10.0.0.55
[2026-07-23 18:35:53] [INFO] Handling user request for /api/v1/data
[2026-07-23 18:35:54] [INFO] Successfully processed background job #4912
[2026-07-23 18:35:55] [DEBUG] Fetching row 4021 from database
[2026-07-23 18:35:57] [INFO] Connection established to message queue
[2026-07-23 18:36:00] [INFO] Handling user request for /api/v1/data
[2026-07-23 18:36:03] [WARNING] Deprecated API usage detected in legacy_module.py
[2026-07-23 18:36:07] [ERROR] Invalid password provided for account admin
[2026-07-23 18:36:10] [DEBUG] Initializing cache manager
[2026-07-23 18:36:12] [INFO] User admin logged in from 192.168.1.100
[2026-07-23 18:36:15] [DEBUG] Initializing cache manager
[2026-07-23 18:36:19] [INFO] Cache hit for key user_profile_123
[2026-07-23 18:36:20] [DEBUG] Parsing JSON payload
[2026-07-23 18:36:22] [INFO] System started successfully
[2026-07-23 18:36:24] [WARNING] Rate limit approaching for IP 10.0.0.55
[2026-07-23 18:36:26] [DEBUG] Fetching row 4021 from database
[2026-07-23 18:36:28] [INFO] User admin logged in from 192.168.1.100
[2026-07-23 18:36:31] [WARNING] High memory usage detected (85%)
[2026-07-23 18:36:35] [WARNING] Deprecated API usage detected in legacy_module.py
[2026-07-23 18:36:38] [WARNING] Deprecated API usage detected in legacy_module.py
[2026-07-23 18:36:42] [INFO] User admin logged in from 192.168.1.100
[2026-07-23 18:36:42] [INFO] Handling user request for /api/v1/data
[2026-07-23 18:36:43] [INFO] Successfully processed background job #4912
[2026-07-23 18:36:46] [INFO] Handling user request for /api/v1/data
[2026-07-23 18:36:50] [DEBUG] Initializing cache manager
[2026-07-23 18:36:52] [INFO] Connection established to message queue
[2026-07-23 18:36:56] [INFO] System started successfully
[2026-07-23 18:37:00] [INFO] Handling user request for /api/v1/data
[2026-07-23 18:37:00] [INFO] Handling user request for /api/v1/data
[2026-07-23 18:37:03] [INFO] Successfully processed background job #4912
[2026-07-23 18:37:07] [WARNING] Rate limit approaching for IP 10.0.0.55
[2026-07-23 18:37:08] [INFO] Successfully processed background job #4912
[2026-07-23 18:37:12] [INFO] User admin logged in from 192.168.1.100
[2026-07-23 18:37:16] [INFO] Handling user request for /api/v1/data
[2026-07-23 18:37:21] [DEBUG] Parsing JSON payload
[2026-07-23 18:37:21] [INFO] Successfully processed background job #4912
[2026-07-23 18:37:23] [INFO] System started successfully
[2026-07-23 18:37:24] [INFO] Handling user request for /api/v1/data
[2026-07-23 18:37:28] [INFO] Cache hit for key user_profile_123
[2026-07-23 18:37:28] [WARNING] Rate limit approaching for IP 10.0.0.55
[2026-07-23 18:37:32] [INFO] Successfully processed background job #4912
[2026-07-23 18:37:33] [CRITICAL] Disk space exhausted on /var/log
[2026-07-23 18:37:37] [ERROR] Authentication failed for user guest
[2026-07-23 18:37:39] [INFO] Cache hit for key user_profile_123
[2026-07-23 18:37:41] [INFO] Handling user request for /api/v1/data
[2026-07-23 18:37:42] [INFO] Successfully processed background job #4912
[2026-07-23 18:37:43] [INFO] Successfully processed background job #4912
[2026-07-23 18:37:47] [INFO] User admin logged in from 192.168.1.100
[2026-07-23 18:37:52] [DEBUG] Session token refreshed
[2026-07-23 18:37:53] [DEBUG] Fetching row 4021 from database
[2026-07-23 18:37:58] [INFO] Handling user request for /api/v1/data
[2026-07-23 18:38:03] [INFO] System started successfully
[2026-07-23 18:38:05] [INFO] Handling user request for /api/v1/data
[2026-07-23 18:38:08] [INFO] Successfully processed background job #4912
[2026-07-23 18:38:12] [INFO] Cache hit for key user_profile_123
[2026-07-23 18:38:12] [INFO] Successfully processed background job #4912
[2026-07-23 18:38:13] [INFO] System started successfully
[2026-07-23 18:38:18] [INFO] Cache hit for key user_profile_123
[2026-07-23 18:38:22] [INFO] Connection established to message queue
[2026-07-23 18:38:27] [INFO] Handling user request for /api/v1/data
[2026-07-23 18:38:28] [INFO] Cache hit for key user_profile_123
[2026-07-23 18:38:30] [INFO] Cache hit for key user_profile_123
[2026-07-23 18:38:35] [ERROR] Authentication failed for user guest
[2026-07-23 18:38:37] [INFO] Successfully processed background job #4912
[2026-07-23 18:38:37] [WARNING] Rate limit approaching for IP 10.0.0.55
[2026-07-23 18:38:38] [INFO] Connection established to message queue
[2026-07-23 18:38:39] [INFO] User admin logged in from 192.168.1.100
[2026-07-23 18:38:44] [INFO] Cache hit for key user_profile_123
[2026-07-23 18:38:48] [INFO] System started successfully
[2026-07-23 18:38:48] [INFO] Handling user request for /api/v1/data
[2026-07-23 18:38:51] [WARNING] High memory usage detected (85%)
[2026-07-23 18:38:55] [INFO] System started successfully
[2026-07-23 18:38:57] [INFO] Connection established to message queue
[2026-07-23 18:38:59] [ERROR] Authentication failed for user guest
[2026-07-23 18:39:04] [INFO] System started successfully
[2026-07-23 18:39:08] [INFO] User admin logged in from 192.168.1.100
[2026-07-23 18:39:12] [INFO] Successfully processed background job #4912
[2026-07-23 18:39:14] [INFO] Connection established to message queue
[2026-07-23 18:39:17] [INFO] Cache hit for key user_profile_123
[2026-07-23 18:39:19] [DEBUG] Session token refreshed
[2026-07-23 18:39:23] [INFO] System started successfully
[2026-07-23 18:39:24] [INFO] User admin logged in from 192.168.1.100
[2026-07-23 18:39:24] [INFO] User admin logged in from 192.168.1.100
[2026-07-23 18:39:28] [WARNING] High memory usage detected (85%)
[2026-07-23 18:39:30] [DEBUG] Session token refreshed
[2026-07-23 18:39:31] [INFO] Cache hit for key user_profile_123
[2026-07-23 18:39:31] [INFO] System started successfully
[2026-07-23 18:39:35] [WARNING] High memory usage detected (85%)
[2026-07-23 18:39:37] [INFO] Handling user request for /api/v1/data
[2026-07-23 18:39:39] [INFO] System started successfully
[2026-07-23 18:39:42] [ERROR] Database connection failed: Connection refused
[2026-07-23 18:39:46] [INFO] Cache hit for key user_profile_123
[2026-07-23 18:39:51] [INFO] User admin logged in from 192.168.1.100
[2026-07-23 18:39:51] [INFO] Handling user request for /api/v1/data
[2026-07-23 18:39:55] [INFO] System started successfully
[2026-07-23 18:39:58] [INFO] Handling user request for /api/v1/data
[2026-07-23 18:40:01] [INFO] Connection established to message queue
[2026-07-23 18:40:03] [WARNING] Rate limit approaching for IP 10.0.0.55
[2026-07-23 18:40:03] [INFO] User admin logged in from 192.168.1.100
[2026-07-23 18:40:06] [INFO] System started successfully
[2026-07-23 18:40:08] [WARNING] Deprecated API usage detected in legacy_module.py
[2026-07-23 18:40:13] [INFO] Handling user request for /api/v1/data
[2026-07-23 18:40:17] [INFO] Connection established to message queue
[2026-07-23 18:40:20] [INFO] Cache hit for key user_profile_123
[2026-07-23 18:40:20] [INFO] Handling user request for /api/v1/data
[2026-07-23 18:40:22] [DEBUG] Parsing JSON payload
[2026-07-23 18:40:26] [INFO] Cache hit for key user_profile_123
[2026-07-23 18:40:29] [DEBUG] Initializing cache manager
[2026-07-23 18:40:30] [INFO] Connection established to message queue
[2026-07-23 18:40:30] [DEBUG] Initializing cache manager
[2026-07-23 18:40:32] [CRITICAL] Service crashed with exit code 137
[2026-07-23 18:40:34] [INFO] System started successfully
[2026-07-23 18:40:38] [INFO] User admin logged in from 192.168.1.100
[2026-07-23 18:40:38] [INFO] Handling user request for /api/v1/data
[2026-07-23 18:40:39] [DEBUG] Session token refreshed
[2026-07-23 18:40:39] [WARNING] Rate limit approaching for IP 10.0.0.55
[2026-07-23 18:40:43] [INFO] Successfully processed background job #4912
[2026-07-23 18:40:47] [INFO] Connection established to message queue
[2026-07-23 18:40:52] [INFO] Successfully processed background job #4912
[2026-07-23 18:40:53] [INFO] Connection established to message queue
[2026-07-23 18:40:55] [INFO] Successfully processed background job #4912
[2026-07-23 18:40:55] [DEBUG] Initializing cache manager
[2026-07-23 18:41:00] [INFO] User admin logged in from 192.168.1.100
[2026-07-23 18:41:03] [INFO] Successfully processed background job #4912
[2026-07-23 18:41:07] [INFO] Handling user request for /api/v1/data
[2026-07-23 18:41:09] [WARNING] High memory usage detected (85%)
[2026-07-23 18:41:11] [INFO] Handling user request for /api/v1/data
[2026-07-23 18:41:13] [DEBUG] Fetching row 4021 from database
[2026-07-23 18:41:14] [INFO] Connection established to message queue
[2026-07-23 18:41:19] [INFO] Connection established to message queue
[2026-07-23 18:41:23] [INFO] Connection established to message queue
[2026-07-23 18:41:27] [INFO] Handling user request for /api/v1/data
[2026-07-23 18:41:30] [INFO] User admin logged in from 192.168.1.100
[2026-07-23 18:41:34] [INFO] User admin logged in from 192.168.1.100
[2026-07-23 18:41:36] [INFO] Connection established to message queue
[2026-07-23 18:41:36] [INFO] Handling user request for /api/v1/data
[2026-07-23 18:41:36] [DEBUG] Session token refreshed
[2026-07-23 18:41:36] [INFO] User admin logged in from 192.168.1.100
[2026-07-23 18:41:37] [INFO] Handling user request for /api/v1/data
[2026-07-23 18:41:38] [INFO] User admin logged in from 192.168.1.100
[2026-07-23 18:41:42] [INFO] Connection established to message queue
[2026-07-23 18:41:44] [DEBUG] Initializing cache manager
[2026-07-23 18:41:48] [INFO] Handling user request for /api/v1/data
[2026-07-23 18:41:50] [INFO] Successfully processed background job #4912
[2026-07-23 18:41:52] [DEBUG] Session token refreshed
[2026-07-23 18:41:56] [INFO] Handling user request for /api/v1/data
[2026-07-23 18:41:58] [INFO] Cache hit for key user_profile_123
[2026-07-23 18:41:58] [DEBUG] Session token refreshed
[2026-07-23 18:41:59] [INFO] Handling user request for /api/v1/data
[2026-07-23 18:41:59] [INFO] User admin logged in from 192.168.1.100
[2026-07-23 18:42:00] [INFO] User admin logged in from 192.168.1.100
[2026-07-23 18:42:03] [INFO] Connection established to message queue
[2026-07-23 18:42:07] [INFO] Connection established to message queue
[2026-07-23 18:42:09] [INFO] User admin logged in from 192.168.1.100
[2026-07-23 18:42:10] [CRITICAL] Timeout while waiting for external service after 30000ms
[2026-07-23 18:42:13] [INFO] Handling user request for /api/v1/data
[2026-07-23 18:42:14] [INFO] Connection established to message queue
[2026-07-23 18:42:17] [WARNING] Deprecated API usage detected in legacy_module.py
[2026-07-23 18:42:21] [INFO] Connection established to message queue
[2026-07-23 18:42:23] [INFO] Connection established to message queue
[2026-07-23 18:42:26] [INFO] User admin logged in from 192.168.1.100
[2026-07-23 18:42:27] [DEBUG] Parsing JSON payload
[2026-07-23 18:42:29] [INFO] User admin logged in from 192.168.1.100
[2026-07-23 18:42:31] [INFO] Successfully processed background job #4912
[2026-07-23 18:42:34] [INFO] Connection established to message queue
[2026-07-23 18:42:37] [INFO] User admin logged in from 192.168.1.100
[2026-07-23 18:42:39] [INFO] Handling user request for /api/v1/data
[2026-07-23 18:42:42] [INFO] Successfully processed background job #4912
[2026-07-23 18:42:45] [WARNING] High memory usage detected (85%)
[2026-07-23 18:42:50] [INFO] Successfully processed background job #4912
[2026-07-23 18:42:53] [INFO] Cache hit for key user_profile_123
[2026-07-23 18:42:54] [INFO] Successfully processed background job #4912
[2026-07-23 18:42:57] [WARNING] Rate limit approaching for IP 10.0.0.55
[2026-07-23 18:43:01] [INFO] User admin logged in from 192.168.1.100
[2026-07-23 18:43:06] [INFO] User admin logged in from 192.168.1.100
[2026-07-23 18:43:10] [DEBUG] Initializing cache manager
[2026-07-23 18:43:14] [DEBUG] Session token refreshed
[2026-07-23 18:43:15] [INFO] Connection established to message queue
[2026-07-23 18:43:16] [INFO] System started successfully
[2026-07-23 18:43:20] [INFO] Successfully processed background job #4912
[2026-07-23 18:43:25] [INFO] Cache hit for key user_profile_123
[2026-07-23 18:43:30] [INFO] Cache hit for key user_profile_123
[2026-07-23 18:43:33] [INFO] System started successfully
[2026-07-23 18:43:34] [INFO] Handling user request for /api/v1/data
[2026-07-23 18:43:35] [ERROR] Authentication failed for user guest
[2026-07-23 18:43:37] [DEBUG] Parsing JSON payload
[2026-07-23 18:43:40] [INFO] User admin logged in from 192.168.1.100
[2026-07-23 18:43:43] [INFO] User admin logged in from 192.168.1.100
[2026-07-23 18:43:46] [DEBUG] Session token refreshed
[2026-07-23 18:43:49] [INFO] Connection established to message queue
[2026-07-23 18:43:52] [INFO] Cache hit for key user_profile_123
[2026-07-23 18:43:55] [INFO] Handling user request for /api/v1/data
[2026-07-23 18:43:57] [DEBUG] Fetching row 4021 from database
[2026-07-23 18:44:00] [ERROR] Authentication failed for user guest
[2026-07-23 18:44:03] [INFO] Connection established to message queue
[2026-07-23 18:44:05] [INFO] System started successfully
[2026-07-23 18:44:07] [INFO] User admin logged in from 192.168.1.100
[2026-07-23 18:44:11] [DEBUG] Parsing JSON payload
[2026-07-23 18:44:16] [INFO] User admin logged in from 192.168.1.100
[2026-07-23 18:44:20] [INFO] User admin logged in from 192.168.1.100
[2026-07-23 18:44:20] [INFO] System started successfully
[2026-07-23 18:44:21] [INFO] System started successfully
[2026-07-23 18:44:23] [INFO] Connection established to message queue
[2026-07-23 18:44:26] [INFO] Successfully processed background job #4912
[2026-07-23 18:44:27] [INFO] Successfully processed background job #4912
[2026-07-23 18:44:29] [INFO] Handling user request for /api/v1/data
[2026-07-23 18:44:33] [INFO] Cache hit for key user_profile_123
[2026-07-23 18:44:37] [DEBUG] Initializing cache manager
[2026-07-23 18:44:38] [INFO] Successfully processed background job #4912
[2026-07-23 18:44:40] [INFO] Successfully processed background job #4912
[2026-07-23 18:44:41] [WARNING] High memory usage detected (85%)
[2026-07-23 18:44:43] [INFO] Connection established to message queue
[2026-07-23 18:44:47] [INFO] Handling user request for /api/v1/data
[2026-07-23 18:44:48] [INFO] Handling user request for /api/v1/data
[2026-07-23 18:44:51] [ERROR] Database connection failed: Connection refused
[2026-07-23 18:44:56] [INFO] Cache hit for key user_profile_123
[2026-07-23 18:44:57] [WARNING] Rate limit approaching for IP 10.0.0.55
[2026-07-23 18:45:01] [INFO] Handling user request for /api/v1/data
[2026-07-23 18:45:02] [INFO] System started successfully
[2026-07-23 18:45:06] [INFO] System started successfully
[2026-07-23 18:45:10] [INFO] Connection established to message queue
[2026-07-23 18:45:13] [DEBUG] Session token refreshed
[2026-07-23 18:45:17] [INFO] Handling user request for /api/v1/data
[2026-07-23 18:45:21] [INFO] System started successfully
[2026-07-23 18:45:26] [INFO] User admin logged in from 192.168.1.100
[2026-07-23 18:45:26] [INFO] Cache hit for key user_profile_123
[2026-07-23 18:45:29] [WARNING] High memory usage detected (85%)
[2026-07-23 18:45:33] [INFO] Connection established to message queue
[2026-07-23 18:45:37] [INFO] Successfully processed background job #4912
[2026-07-23 18:45:39] [INFO] Connection established to message queue
[2026-07-23 18:45:44] [WARNING] Rate limit approaching for IP 10.0.0.55
[2026-07-23 18:45:46] [INFO] Successfully processed background job #4912
[2026-07-23 18:45:49] [INFO] User admin logged in from 192.168.1.100
[2026-07-23 18:45:52] [INFO] Connection established to message queue
[2026-07-23 18:45:52] [INFO] Successfully processed background job #4912
[2026-07-23 18:45:57] [DEBUG] Fetching row 4021 from database
[2026-07-23 18:46:02] [INFO] Cache hit for key user_profile_123
[2026-07-23 18:46:02] [DEBUG] Initializing cache manager
[2026-07-23 18:46:03] [INFO] Connection established to message queue
[2026-07-23 18:46:07] [WARNING] High memory usage detected (85%)
[2026-07-23 18:46:08] [INFO] Successfully processed background job #4912
[2026-07-23 18:46:13] [INFO] Handling user request for /api/v1/data
[2026-07-23 18:46:14] [WARNING] Rate limit approaching for IP 10.0.0.55
[2026-07-23 18:46:18] [WARNING] High memory usage detected (85%)
[2026-07-23 18:46:20] [ERROR] MySQL Error: Deadlock found when trying to get lock
[2026-07-23 18:46:20] [INFO] Handling user request for /api/v1/data
[2026-07-23 18:46:22] [INFO] Handling user request for /api/v1/data
[2026-07-23 18:46:26] [ERROR] Authentication failed for user guest
[2026-07-23 18:46:26] [WARNING] Rate limit approaching for IP 10.0.0.55
[2026-07-23 18:46:29] [ERROR] MySQL Error: Deadlock found when trying to get lock
[2026-07-23 18:46:30] [INFO] System started successfully
[2026-07-23 18:46:30] [INFO] Connection established to message queue
[2026-07-23 18:46:33] [DEBUG] Initializing cache manager
[2026-07-23 18:46:33] [INFO] Successfully processed background job #4912
[2026-07-23 18:46:34] [DEBUG] Parsing JSON payload
[2026-07-23 18:46:36] [INFO] User admin logged in from 192.168.1.100
[2026-07-23 18:46:39] [INFO] Cache hit for key user_profile_123
[2026-07-23 18:46:42] [ERROR] Database connection failed: Connection refused
[2026-07-23 18:46:46] [INFO] Connection established to message queue
[2026-07-23 18:46:50] [INFO] Cache hit for key user_profile_123
[2026-07-23 18:46:54] [DEBUG] Fetching row 4021 from database
[2026-07-23 18:46:59] [INFO] Connection established to message queue
[2026-07-23 18:47:03] [INFO] Successfully processed background job #4912
[2026-07-23 18:47:05] [INFO] User admin logged in from 192.168.1.100
[2026-07-23 18:47:10] [INFO] Successfully processed background job #4912
[2026-07-23 18:47:11] [INFO] Successfully processed background job #4912
[2026-07-23 18:47:12] [INFO] Cache hit for key user_profile_123
[2026-07-23 18:47:16] [INFO] User admin logged in from 192.168.1.100
[2026-07-23 18:47:18] [ERROR] MySQL Error: Deadlock found when trying to get lock
[2026-07-23 18:47:19] [INFO] Connection established to message queue
[2026-07-23 18:47:23] [INFO] Handling user request for /api/v1/data
[2026-07-23 18:47:24] [DEBUG] Fetching row 4021 from database
[2026-07-23 18:47:27] [INFO] User admin logged in from 192.168.1.100
[2026-07-23 18:47:28] [INFO] Cache hit for key user_profile_123
[2026-07-23 18:47:30] [INFO] Connection established to message queue
[2026-07-23 18:47:35] [INFO] Cache hit for key user_profile_123
[2026-07-23 18:47:38] [INFO] Connection established to message queue
[2026-07-23 18:47:41] [DEBUG] Session token refreshed
[2026-07-23 18:47:44] [INFO] Handling user request for /api/v1/data
[2026-07-23 18:47:44] [DEBUG] Fetching row 4021 from database
[2026-07-23 18:47:49] [INFO] Connection established to message queue
[2026-07-23 18:47:52] [INFO] Successfully processed background job #4912
[2026-07-23 18:47:56] [DEBUG] Session token refreshed
[2026-07-23 18:48:00] [DEBUG] Initializing cache manager
[2026-07-23 18:48:01] [WARNING] Deprecated API usage detected in legacy_module.py
[2026-07-23 18:48:05] [INFO] Handling user request for /api/v1/data
[2026-07-23 18:48:09] [INFO] Handling user request for /api/v1/data
[2026-07-23 18:48:11] [DEBUG] Fetching row 4021 from database
[2026-07-23 18:48:13] [INFO] User admin logged in from 192.168.1.100
[2026-07-23 18:48:18] [DEBUG] Parsing JSON payload
[2026-07-23 18:48:20] [INFO] Cache hit for key user_profile_123
[2026-07-23 18:48:23] [INFO] Successfully processed background job #4912
[2026-07-23 18:48:25] [DEBUG] Session token refreshed
[2026-07-23 18:48:28] [DEBUG] Fetching row 4021 from database
[2026-07-23 18:48:28] [INFO] Cache hit for key user_profile_123
[2026-07-23 18:48:31] [INFO] System started successfully
[2026-07-23 18:48:33] [DEBUG] Parsing JSON payload
[2026-07-23 18:48:35] [WARNING] Rate limit approaching for IP 10.0.0.55
[2026-07-23 18:48:37] [INFO] Handling user request for /api/v1/data
[2026-07-23 18:48:42] [WARNING] Deprecated API usage detected in legacy_module.py
[2026-07-23 18:48:44] [INFO] Handling user request for /api/v1/data
[2026-07-23 18:48:45] [INFO] Cache hit for key user_profile_123
[2026-07-23 18:48:49] [INFO] User admin logged in from 192.168.1.100
[2026-07-23 18:48:53] [INFO] User admin logged in from 192.168.1.100
[2026-07-23 18:48:55] [WARNING] High memory usage detected (85%)
[2026-07-23 18:48:56] [INFO] User admin logged in from 192.168.1.100
[2026-07-23 18:49:01] [INFO] Successfully processed background job #4912
[2026-07-23 18:49:05] [DEBUG] Session token refreshed
[2026-07-23 18:49:06] [INFO] Connection established to message queue
[2026-07-23 18:49:06] [INFO] Successfully processed background job #4912
[2026-07-23 18:49:11] [ERROR] Authentication failed for user guest
[2026-07-23 18:49:15] [INFO] System started successfully
[2026-07-23 18:49:17] [WARNING] Rate limit approaching for IP 10.0.0.55
[2026-07-23 18:49:18] [WARNING] Deprecated API usage detected in legacy_module.py
[2026-07-23 18:49:19] [DEBUG] Parsing JSON payload
[2026-07-23 18:49:19] [WARNING] Deprecated API usage detected in legacy_module.py
[2026-07-23 18:49:21] [INFO] User admin logged in from 192.168.1.100
[2026-07-23 18:49:24] [INFO] Successfully processed background job #4912
[2026-07-23 18:49:27] [DEBUG] Session token refreshed
[2026-07-23 18:49:31] [DEBUG] Parsing JSON payload
[2026-07-23 18:49:33] [INFO] System started successfully
[2026-07-23 18:49:36] [INFO] User admin logged in from 192.168.1.100
[2026-07-23 18:49:39] [WARNING] Rate limit approaching for IP 10.0.0.55
[2026-07-23 18:49:44] [INFO] Successfully processed background job #4912
[2026-07-23 18:49:49] [INFO] Successfully processed background job #4912
[2026-07-23 18:49:52] [DEBUG] Parsing JSON payload
[2026-07-23 18:49:53] [INFO] User admin logged in from 192.168.1.100
[2026-07-23 18:49:58] [INFO] Successfully processed background job #4912
[2026-07-23 18:50:02] [INFO] User admin logged in from 192.168.1.100
[2026-07-23 18:50:06] [DEBUG] Session token refreshed
[2026-07-23 18:50:06] [INFO] Cache hit for key user_profile_123
[2026-07-23 18:50:09] [INFO] User admin logged in from 192.168.1.100
[2026-07-23 18:50:11] [INFO] Connection established to message queue
[2026-07-23 18:50:14] [INFO] Cache hit for key user_profile_123
[2026-07-23 18:50:15] [INFO] Handling user request for /api/v1/data
[2026-07-23 18:50:17] [DEBUG] Initializing cache manager
[2026-07-23 18:50:19] [INFO] Cache hit for key user_profile_123
[2026-07-23 18:50:21] [INFO] Cache hit for key user_profile_123
[2026-07-23 18:50:24] [INFO] System started successfully
[2026-07-23 18:50:28] [INFO] Handling user request for /api/v1/data
[2026-07-23 18:50:31] [WARNING] Rate limit approaching for IP 10.0.0.55
[2026-07-23 18:50:34] [INFO] Cache hit for key user_profile_123
[2026-07-23 18:50:39] [INFO] System started successfully
[2026-07-23 18:50:40] [ERROR] Invalid password provided for account admin
[2026-07-23 18:50:44] [INFO] Handling user request for /api/v1/data
[2026-07-23 18:50:46] [INFO] User admin logged in from 192.168.1.100
[2026-07-23 18:50:50] [INFO] System started successfully
[2026-07-23 18:50:52] [INFO] Cache hit for key user_profile_123
[2026-07-23 18:50:53] [INFO] Successfully processed background job #4912
[2026-07-23 18:50:55] [DEBUG] Session token refreshed
[2026-07-23 18:51:00] [INFO] Successfully processed background job #4912
[2026-07-23 18:51:04] [INFO] Connection established to message queue
[2026-07-23 18:51:07] [DEBUG] Parsing JSON payload
[2026-07-23 18:51:09] [INFO] Connection established to message queue
[2026-07-23 18:51:11] [INFO] User admin logged in from 192.168.1.100
[2026-07-23 18:51:12] [INFO] Cache hit for key user_profile_123
[2026-07-23 18:51:14] [WARNING] Deprecated API usage detected in legacy_module.py
[2026-07-23 18:51:18] [INFO] Connection established to message queue
[2026-07-23 18:51:22] [ERROR] MySQL Error: Deadlock found when trying to get lock
[2026-07-23 18:51:26] [INFO] Cache hit for key user_profile_123
[2026-07-23 18:51:27] [INFO] System started successfully
[2026-07-23 18:51:31] [DEBUG] Parsing JSON payload
[2026-07-23 18:51:34] [INFO] Handling user request for /api/v1/data
[2026-07-23 18:51:34] [INFO] Handling user request for /api/v1/data
[2026-07-23 18:51:36] [ERROR] Authentication failed for user guest
[2026-07-23 18:51:41] [INFO] Connection established to message queue
[2026-07-23 18:51:43] [INFO] User admin logged in from 192.168.1.100
[2026-07-23 18:51:43] [INFO] Connection established to message queue
[2026-07-23 18:51:46] [WARNING] Deprecated API usage detected in legacy_module.py
[2026-07-23 18:51:48] [INFO] User admin logged in from 192.168.1.100
[2026-07-23 18:51:51] [CRITICAL] Timeout while waiting for external service after 30000ms
[2026-07-23 18:51:55] [INFO] Connection established to message queue
[2026-07-23 18:51:56] [INFO] User admin logged in from 192.168.1.100
[2026-07-23 18:51:56] [ERROR] Invalid password provided for account admin
[2026-07-23 18:52:01] [DEBUG] Fetching row 4021 from database
[2026-07-23 18:52:06] [INFO] User admin logged in from 192.168.1.100
[2026-07-23 18:52:10] [INFO] User admin logged in from 192.168.1.100
[2026-07-23 18:52:13] [CRITICAL] Timeout while waiting for external service after 30000ms
[2026-07-23 18:52:17] [INFO] Cache hit for key user_profile_123
[2026-07-23 18:52:17] [DEBUG] Session token refreshed
[2026-07-23 18:52:19] [ERROR] Authentication failed for user guest
[2026-07-23 18:52:19] [INFO] Successfully processed background job #4912
[2026-07-23 18:52:21] [INFO] Cache hit for key user_profile_123
[2026-07-23 18:52:25] [WARNING] Rate limit approaching for IP 10.0.0.55
[2026-07-23 18:52:26] [INFO] User admin logged in from 192.168.1.100
[2026-07-23 18:52:28] [INFO] User admin logged in from 192.168.1.100
[2026-07-23 18:52:28] [INFO] User admin logged in from 192.168.1.100
[2026-07-23 18:52:30] [DEBUG] Session token refreshed
[2026-07-23 18:52:31] [INFO] Successfully processed background job #4912
[2026-07-23 18:52:34] [INFO] Connection established to message queue
[2026-07-23 18:52:36] [INFO] Cache hit for key user_profile_123
[2026-07-23 18:52:37] [DEBUG] Initializing cache manager
[2026-07-23 18:52:41] [DEBUG] Session token refreshed
[2026-07-23 18:52:45] [INFO] Connection established to message queue
[2026-07-23 18:52:49] [INFO] Handling user request for /api/v1/data
[2026-07-23 18:52:53] [INFO] System started successfully
[2026-07-23 18:52:55] [WARNING] Rate limit approaching for IP 10.0.0.55
[2026-07-23 18:52:58] [INFO] Successfully processed background job #4912
[2026-07-23 18:53:00] [INFO] Cache hit for key user_profile_123
[2026-07-23 18:53:05] [INFO] Successfully processed background job #4912
[2026-07-23 18:53:07] [DEBUG] Parsing JSON payload
[2026-07-23 18:53:11] [CRITICAL] Timeout while waiting for external service after 30000ms
[2026-07-23 18:53:13] [INFO] User admin logged in from 192.168.1.100
[2026-07-23 18:53:17] [ERROR] MySQL Error: Deadlock found when trying to get lock
[2026-07-23 18:53:20] [INFO] Cache hit for key user_profile_123
[2026-07-23 18:53:25] [INFO] Successfully processed background job #4912
[2026-07-23 18:53:26] [INFO] User admin logged in from 192.168.1.100
[2026-07-23 18:53:29] [INFO] User admin logged in from 192.168.1.100
[2026-07-23 18:53:32] [INFO] System started successfully
[2026-07-23 18:53:34] [DEBUG] Initializing cache manager
[2026-07-23 18:53:36] [INFO] Successfully processed background job #4912
[2026-07-23 18:53:39] [INFO] Connection established to message queue
[2026-07-23 18:53:40] [INFO] User admin logged in from 192.168.1.100
[2026-07-23 18:53:44] [INFO] System started successfully
[2026-07-23 18:53:48] [INFO] Handling user request for /api/v1/data
[2026-07-23 18:53:52] [INFO] Connection established to message queue
[2026-07-23 18:53:56] [WARNING] High memory usage detected (85%)
[2026-07-23 18:53:57] [INFO] Connection established to message queue
[2026-07-23 18:53:57] [WARNING] Deprecated API usage detected in legacy_module.py
[2026-07-23 18:54:00] [ERROR] NullPointerException in DataProcessor class
[2026-07-23 18:54:03] [INFO] System started successfully
[2026-07-23 18:54:07] [INFO] User admin logged in from 192.168.1.100
[2026-07-23 18:54:10] [DEBUG] Fetching row 4021 from database
[2026-07-23 18:54:14] [INFO] Handling user request for /api/v1/data
[2026-07-23 18:54:17] [INFO] System started successfully
[2026-07-23 18:54:18] [INFO] Cache hit for key user_profile_123
[2026-07-23 18:54:20] [INFO] System started successfully
[2026-07-23 18:54:24] [INFO] System started successfully
[2026-07-23 18:54:24] [INFO] System started successfully
[2026-07-23 18:54:26] [WARNING] High memory usage detected (85%)
[2026-07-23 18:54:31] [INFO] Connection established to message queue
[2026-07-23 18:54:32] [WARNING] Deprecated API usage detected in legacy_module.py
[2026-07-23 18:54:35] [DEBUG] Parsing JSON payload
[2026-07-23 18:54:38] [INFO] Handling user request for /api/v1/data
[2026-07-23 18:54:39] [INFO] Connection established to message queue
[2026-07-23 18:54:43] [INFO] User admin logged in from 192.168.1.100
[2026-07-23 18:54:43] [INFO] Successfully processed background job #4912
[2026-07-23 18:54:44] [INFO] Connection established to message queue
[2026-07-23 18:54:45] [ERROR] MySQL Error: Deadlock found when trying to get lock
[2026-07-23 18:54:46] [DEBUG] Initializing cache manager
[2026-07-23 18:54:47] [INFO] Successfully processed background job #4912
[2026-07-23 18:54:49] [INFO] Connection established to message queue
[2026-07-23 18:54:53] [INFO] Successfully processed background job #4912
[2026-07-23 18:54:56] [WARNING] High memory usage detected (85%)
[2026-07-23 18:54:59] [INFO] Connection established to message queue
[2026-07-23 18:55:02] [INFO] Handling user request for /api/v1/data
[2026-07-23 18:55:03] [INFO] Handling user request for /api/v1/data
[2026-07-23 18:55:04] [INFO] Successfully processed background job #4912
[2026-07-23 18:55:08] [INFO] System started successfully
[2026-07-23 18:55:12] [WARNING] Rate limit approaching for IP 10.0.0.55
[2026-07-23 18:55:13] [INFO] User admin logged in from 192.168.1.100
[2026-07-23 18:55:16] [INFO] Successfully processed background job #4912
[2026-07-23 18:55:18] [WARNING] High memory usage detected (85%)
[2026-07-23 18:55:22] [DEBUG] Initializing cache manager
[2026-07-23 18:55:25] [INFO] Handling user request for /api/v1/data
[2026-07-23 18:55:29] [INFO] Successfully processed background job #4912
[2026-07-23 18:55:32] [DEBUG] Session token refreshed
[2026-07-23 18:55:35] [WARNING] Rate limit approaching for IP 10.0.0.55
[2026-07-23 18:55:37] [DEBUG] Parsing JSON payload
[2026-07-23 18:55:40] [INFO] Successfully processed background job #4912
[2026-07-23 18:55:42] [DEBUG] Fetching row 4021 from database
[2026-07-23 18:55:46] [WARNING] Rate limit approaching for IP 10.0.0.55
[2026-07-23 18:55:51] [INFO] Successfully processed background job #4912
[2026-07-23 18:55:54] [INFO] Connection established to message queue
[2026-07-23 18:55:54] [INFO] User admin logged in from 192.168.1.100
[2026-07-23 18:55:57] [WARNING] High memory usage detected (85%)
[2026-07-23 18:56:00] [INFO] User admin logged in from 192.168.1.100
[2026-07-23 18:56:04] [INFO] Cache hit for key user_profile_123
[2026-07-23 18:56:05] [INFO] System started successfully
[2026-07-23 18:56:07] [INFO] Connection established to message queue
[2026-07-23 18:56:11] [INFO] Successfully processed background job #4912
[2026-07-23 18:56:15] [INFO] Handling user request for /api/v1/data
[2026-07-23 18:56:16] [INFO] Connection established to message queue
[2026-07-23 18:56:18] [INFO] Successfully processed background job #4912
[2026-07-23 18:56:19] [INFO] System started successfully
[2026-07-23 18:56:20] [INFO] User admin logged in from 192.168.1.100
[2026-07-23 18:56:22] [INFO] Successfully processed background job #4912
[2026-07-23 18:56:22] [INFO] Connection established to message queue
[2026-07-23 18:56:25] [INFO] Handling user request for /api/v1/data
[2026-07-23 18:56:25] [INFO] Connection established to message queue
[2026-07-23 18:56:27] [INFO] Connection established to message queue
[2026-07-23 18:56:29] [WARNING] Rate limit approaching for IP 10.0.0.55
[2026-07-23 18:56:33] [INFO] Connection established to message queue
[2026-07-23 18:56:33] [DEBUG] Fetching row 4021 from database
[2026-07-23 18:56:34] [INFO] System started successfully
[2026-07-23 18:56:35] [DEBUG] Fetching row 4021 from database
[2026-07-23 18:56:39] [INFO] System started successfully
[2026-07-23 18:56:43] [INFO] Connection established to message queue
[2026-07-23 18:56:44] [WARNING] High memory usage detected (85%)
[2026-07-23 18:56:45] [ERROR] NullPointerException in DataProcessor class
[2026-07-23 18:56:46] [INFO] System started successfully
[2026-07-23 18:56:47] [INFO] Connection established to message queue
[2026-07-23 18:56:48] [INFO] Connection established to message queue
[2026-07-23 18:56:50] [INFO] Handling user request for /api/v1/data
[2026-07-23 18:56:53] [WARNING] Rate limit approaching for IP 10.0.0.55
[2026-07-23 18:56:58] [WARNING] Rate limit approaching for IP 10.0.0.55
[2026-07-23 18:57:02] [WARNING] Deprecated API usage detected in legacy_module.py
[2026-07-23 18:57:05] [INFO] System started successfully
[2026-07-23 18:57:06] [INFO] System started successfully
[2026-07-23 18:57:10] [DEBUG] Parsing JSON payload
[2026-07-23 18:57:12] [DEBUG] Fetching row 4021 from database
[2026-07-23 18:57:14] [INFO] User admin logged in from 192.168.1.100
[2026-07-23 18:57:16] [INFO] Successfully processed background job #4912
[2026-07-23 18:57:20] [INFO] Handling user request for /api/v1/data
[2026-07-23 18:57:25] [INFO] User admin logged in from 192.168.1.100
[2026-07-23 18:57:27] [INFO] Connection established to message queue
[2026-07-23 18:57:32] [INFO] Handling user request for /api/v1/data
[2026-07-23 18:57:34] [INFO] Connection established to message queue
[2026-07-23 18:57:37] [WARNING] Deprecated API usage detected in legacy_module.py
[2026-07-23 18:57:38] [INFO] Handling user request for /api/v1/data
[2026-07-23 18:57:42] [INFO] User admin logged in from 192.168.1.100
[2026-07-23 18:57:46] [INFO] Successfully processed background job #4912
[2026-07-23 18:57:49] [INFO] Successfully processed background job #4912
[2026-07-23 18:57:53] [WARNING] Rate limit approaching for IP 10.0.0.55
[2026-07-23 18:57:58] [INFO] User admin logged in from 192.168.1.100
[2026-07-23 18:58:01] [INFO] Cache hit for key user_profile_123
[2026-07-23 18:58:03] [INFO] Successfully processed background job #4912
[2026-07-23 18:58:03] [INFO] Connection established to message queue
[2026-07-23 18:58:07] [INFO] Handling user request for /api/v1/data
[2026-07-23 18:58:09] [INFO] Cache hit for key user_profile_123
[2026-07-23 18:58:12] [WARNING] High memory usage detected (85%)
[2026-07-23 18:58:14] [ERROR] MySQL Error: Deadlock found when trying to get lock
[2026-07-23 18:58:17] [INFO] Connection established to message queue
[2026-07-23 18:58:20] [INFO] User admin logged in from 192.168.1.100
[2026-07-23 18:58:21] [CRITICAL] Service crashed with exit code 137
[2026-07-23 18:58:21] [INFO] Successfully processed background job #4912
[2026-07-23 18:58:21] [INFO] Connection established to message queue
[2026-07-23 18:58:22] [INFO] Connection established to message queue
[2026-07-23 18:58:26] [DEBUG] Session token refreshed
[2026-07-23 18:58:29] [INFO] User admin logged in from 192.168.1.100
[2026-07-23 18:58:29] [INFO] Cache hit for key user_profile_123
[2026-07-23 18:58:29] [INFO] Connection established to message queue
[2026-07-23 18:58:30] [INFO] System started successfully
[2026-07-23 18:58:32] [WARNING] High memory usage detected (85%)
[2026-07-23 18:58:33] [DEBUG] Parsing JSON payload
[2026-07-23 18:58:37] [DEBUG] Initializing cache manager
[2026-07-23 18:58:39] [ERROR] NullPointerException in DataProcessor class
[2026-07-23 18:58:40] [INFO] Successfully processed background job #4912
[2026-07-23 18:58:40] [INFO] Handling user request for /api/v1/data
[2026-07-23 18:58:43] [INFO] Successfully processed background job #4912
[2026-07-23 18:58:45] [INFO] System started successfully
[2026-07-23 18:58:49] [INFO] Cache hit for key user_profile_123
[2026-07-23 18:58:52] [INFO] User admin logged in from 192.168.1.100
[2026-07-23 18:58:54] [INFO] Successfully processed background job #4912
[2026-07-23 18:58:55] [DEBUG] Fetching row 4021 from database
[2026-07-23 18:58:59] [INFO] Cache hit for key user_profile_123
[2026-07-23 18:59:01] [WARNING] Deprecated API usage detected in legacy_module.py
[2026-07-23 18:59:05] [INFO] Successfully processed background job #4912
[2026-07-23 18:59:08] [INFO] Handling user request for /api/v1/data
[2026-07-23 18:59:09] [DEBUG] Parsing JSON payload
[2026-07-23 18:59:13] [INFO] Successfully processed background job #4912
[2026-07-23 18:59:13] [DEBUG] Parsing JSON payload
[2026-07-23 18:59:15] [INFO] User admin logged in from 192.168.1.100
[2026-07-23 18:59:18] [INFO] Successfully processed background job #4912
[2026-07-23 18:59:20] [WARNING] High memory usage detected (85%)
[2026-07-23 18:59:25] [ERROR] NullPointerException in DataProcessor class
[2026-07-23 18:59:25] [INFO] Connection established to message queue
[2026-07-23 18:59:27] [INFO] Connection established to message queue
[2026-07-23 18:59:32] [ERROR] Database connection failed: Connection refused
[2026-07-23 18:59:36] [DEBUG] Session token refreshed
[2026-07-23 18:59:39] [DEBUG] Initializing cache manager
[2026-07-23 18:59:43] [INFO] Handling user request for /api/v1/data
[2026-07-23 18:59:47] [WARNING] High memory usage detected (85%)
[2026-07-23 18:59:49] [INFO] Connection established to message queue
[2026-07-23 18:59:50] [DEBUG] Parsing JSON payload
[2026-07-23 18:59:52] [INFO] Successfully processed background job #4912
[2026-07-23 18:59:55] [INFO] Successfully processed background job #4912
[2026-07-23 18:59:57] [CRITICAL] Disk space exhausted on /var/log
[2026-07-23 19:00:00] [DEBUG] Parsing JSON payload
[2026-07-23 19:00:01] [INFO] Connection established to message queue
[2026-07-23 19:00:01] [DEBUG] Fetching row 4021 from database
[2026-07-23 19:00:04] [INFO] Connection established to message queue
[2026-07-23 19:00:07] [INFO] Handling user request for /api/v1/data
[2026-07-23 19:00:10] [INFO] System started successfully
[2026-07-23 19:00:11] [INFO] Connection established to message queue
[2026-07-23 19:00:12] [INFO] Handling user request for /api/v1/data
[2026-07-23 19:00:15] [DEBUG] Parsing JSON payload
[2026-07-23 19:00:17] [INFO] Successfully processed background job #4912
[2026-07-23 19:00:20] [DEBUG] Initializing cache manager
[2026-07-23 19:00:22] [INFO] Successfully processed background job #4912
[2026-07-23 19:00:27] [INFO] System started successfully
[2026-07-23 19:00:29] [INFO] Successfully processed background job #4912
[2026-07-23 19:00:31] [INFO] Connection established to message queue
[2026-07-23 19:00:31] [DEBUG] Fetching row 4021 from database
[2026-07-23 19:00:31] [INFO] Handling user request for /api/v1/data
[2026-07-23 19:00:35] [INFO] Handling user request for /api/v1/data
[2026-07-23 19:00:36] [INFO] Connection established to message queue
[2026-07-23 19:00:36] [INFO] User admin logged in from 192.168.1.100
[2026-07-23 19:00:40] [INFO] Handling user request for /api/v1/data
[2026-07-23 19:00:45] [INFO] Successfully processed background job #4912
[2026-07-23 19:00:47] [DEBUG] Initializing cache manager
[2026-07-23 19:00:51] [INFO] Successfully processed background job #4912
[2026-07-23 19:00:52] [INFO] Successfully processed background job #4912
[2026-07-23 19:00:57] [ERROR] Database connection failed: Connection refused
[2026-07-23 19:00:58] [DEBUG] Session token refreshed
[2026-07-23 19:01:02] [INFO] Cache hit for key user_profile_123
[2026-07-23 19:01:05] [INFO] Connection established to message queue
[2026-07-23 19:01:08] [INFO] Connection established to message queue
[2026-07-23 19:01:11] [INFO] Connection established to message queue
[2026-07-23 19:01:14] [DEBUG] Session token refreshed
[2026-07-23 19:01:17] [INFO] User admin logged in from 192.168.1.100
[2026-07-23 19:01:21] [INFO] Successfully processed background job #4912
[2026-07-23 19:01:24] [INFO] Connection established to message queue
[2026-07-23 19:01:25] [INFO] Handling user request for /api/v1/data
[2026-07-23 19:01:27] [INFO] Successfully processed background job #4912
[2026-07-23 19:01:30] [DEBUG] Parsing JSON payload
[2026-07-23 19:01:31] [INFO] System started successfully
[2026-07-23 19:01:34] [INFO] Connection established to message queue
[2026-07-23 19:01:37] [INFO] System started successfully
[2026-07-23 19:01:41] [INFO] System started successfully
[2026-07-23 19:01:44] [INFO] User admin logged in from 192.168.1.100
[2026-07-23 19:01:48] [INFO] Cache hit for key user_profile_123
[2026-07-23 19:01:49] [INFO] Handling user request for /api/v1/data
[2026-07-23 19:01:51] [INFO] Handling user request for /api/v1/data
[2026-07-23 19:01:54] [INFO] System started successfully
[2026-07-23 19:01:59] [INFO] Cache hit for key user_profile_123
[2026-07-23 19:02:03] [INFO] Successfully processed background job #4912
[2026-07-23 19:02:06] [ERROR] MySQL Error: Deadlock found when trying to get lock
[2026-07-23 19:02:11] [INFO] User admin logged in from 192.168.1.100
[2026-07-23 19:02:16] [INFO] Handling user request for /api/v1/data
[2026-07-23 19:02:19] [DEBUG] Session token refreshed
[2026-07-23 19:02:20] [INFO] System started successfully
[2026-07-23 19:02:22] [INFO] System started successfully
[2026-07-23 19:02:25] [INFO] Cache hit for key user_profile_123
[2026-07-23 19:02:27] [INFO] Connection established to message queue
[2026-07-23 19:02:30] [INFO] User admin logged in from 192.168.1.100
[2026-07-23 19:02:35] [DEBUG] Initializing cache manager
[2026-07-23 19:02:36] [INFO] Connection established to message queue
[2026-07-23 19:02:38] [INFO] Connection established to message queue
[2026-07-23 19:02:43] [INFO] Successfully processed background job #4912
[2026-07-23 19:02:47] [DEBUG] Parsing JSON payload
[2026-07-23 19:02:49] [INFO] Successfully processed background job #4912
[2026-07-23 19:02:53] [INFO] System started successfully
[2026-07-23 19:02:56] [INFO] Connection established to message queue
[2026-07-23 19:02:58] [WARNING] Deprecated API usage detected in legacy_module.py
[2026-07-23 19:03:02] [ERROR] Invalid password provided for account admin
[2026-07-23 19:03:05] [INFO] System started successfully
[2026-07-23 19:03:07] [INFO] Cache hit for key user_profile_123
[2026-07-23 19:03:09] [INFO] System started successfully
[2026-07-23 19:03:09] [WARNING] High memory usage detected (85%)
[2026-07-23 19:03:09] [INFO] User admin logged in from 192.168.1.100
[2026-07-23 19:03:13] [INFO] Connection established to message queue
[2026-07-23 19:03:16] [ERROR] Authentication failed for user guest
[2026-07-23 19:03:20] [ERROR] MySQL Error: Deadlock found when trying to get lock
[2026-07-23 19:03:21] [INFO] System started successfully
[2026-07-23 19:03:23] [INFO] Successfully processed background job #4912
[2026-07-23 19:03:27] [INFO] Connection established to message queue
[2026-07-23 19:03:28] [INFO] Successfully processed background job #4912
[2026-07-23 19:03:33] [WARNING] High memory usage detected (85%)
[2026-07-23 19:03:33] [INFO] Cache hit for key user_profile_123
[2026-07-23 19:03:38] [INFO] System started successfully
[2026-07-23 19:03:39] [INFO] Connection established to message queue
[2026-07-23 19:03:41] [INFO] System started successfully
[2026-07-23 19:03:43] [CRITICAL] Disk space exhausted on /var/log
[2026-07-23 19:03:46] [INFO] System started successfully
[2026-07-23 19:03:48] [ERROR] Database connection failed: Connection refused
[2026-07-23 19:03:50] [INFO] Handling user request for /api/v1/data
[2026-07-23 19:03:52] [INFO] Connection established to message queue
[2026-07-23 19:03:56] [ERROR] Authentication failed for user guest
[2026-07-23 19:03:59] [INFO] Cache hit for key user_profile_123
[2026-07-23 19:04:04] [DEBUG] Parsing JSON payload
[2026-07-23 19:04:04] [INFO] Cache hit for key user_profile_123
[2026-07-23 19:04:09] [INFO] Successfully processed background job #4912
[2026-07-23 19:04:10] [ERROR] NullPointerException in DataProcessor class
[2026-07-23 19:04:14] [INFO] System started successfully
[2026-07-23 19:04:16] [DEBUG] Fetching row 4021 from database
[2026-07-23 19:04:18] [DEBUG] Parsing JSON payload
[2026-07-23 19:04:23] [INFO] Cache hit for key user_profile_123
[2026-07-23 19:04:23] [DEBUG] Session token refreshed
[2026-07-23 19:04:25] [INFO] Handling user request for /api/v1/data
[2026-07-23 19:04:27] [WARNING] Deprecated API usage detected in legacy_module.py
[2026-07-23 19:04:31] [INFO] Successfully processed background job #4912
[2026-07-23 19:04:33] [INFO] Successfully processed background job #4912
[2026-07-23 19:04:35] [DEBUG] Parsing JSON payload
[2026-07-23 19:04:40] [INFO] User admin logged in from 192.168.1.100
[2026-07-23 19:04:40] [INFO] User admin logged in from 192.168.1.100
[2026-07-23 19:04:40] [INFO] Connection established to message queue
[2026-07-23 19:04:44] [INFO] Successfully processed background job #4912
[2026-07-23 19:04:48] [INFO] Handling user request for /api/v1/data
[2026-07-23 19:04:48] [INFO] Successfully processed background job #4912
[2026-07-23 19:04:51] [INFO] Connection established to message queue
[2026-07-23 19:04:53] [WARNING] Rate limit approaching for IP 10.0.0.55
[2026-07-23 19:04:55] [WARNING] Rate limit approaching for IP 10.0.0.55
[2026-07-23 19:04:56] [INFO] System started successfully
[2026-07-23 19:05:00] [INFO] User admin logged in from 192.168.1.100
[2026-07-23 19:05:02] [INFO] System started successfully
[2026-07-23 19:05:06] [INFO] System started successfully
[2026-07-23 19:05:11] [INFO] Connection established to message queue
[2026-07-23 19:05:13] [DEBUG] Parsing JSON payload
[2026-07-23 19:05:16] [DEBUG] Parsing JSON payload
[2026-07-23 19:05:19] [INFO] Successfully processed background job #4912
[2026-07-23 19:05:22] [INFO] User admin logged in from 192.168.1.100
[2026-07-23 19:05:26] [INFO] Successfully processed background job #4912
[2026-07-23 19:05:30] [INFO] System started successfully
[2026-07-23 19:05:33] [INFO] Handling user request for /api/v1/data
[2026-07-23 19:05:37] [INFO] User admin logged in from 192.168.1.100
[2026-07-23 19:05:40] [DEBUG] Initializing cache manager
[2026-07-23 19:05:41] [INFO] System started successfully
[2026-07-23 19:05:44] [INFO] User admin logged in from 192.168.1.100
[2026-07-23 19:05:48] [INFO] Successfully processed background job #4912
[2026-07-23 19:05:51] [INFO] Successfully processed background job #4912
[2026-07-23 19:05:55] [DEBUG] Session token refreshed
[2026-07-23 19:05:58] [ERROR] Invalid password provided for account admin
[2026-07-23 19:06:00] [INFO] Successfully processed background job #4912
[2026-07-23 19:06:01] [INFO] Successfully processed background job #4912
[2026-07-23 19:06:02] [DEBUG] Fetching row 4021 from database
[2026-07-23 19:06:03] [INFO] Successfully processed background job #4912
[2026-07-23 19:06:03] [INFO] Cache hit for key user_profile_123
[2026-07-23 19:06:05] [INFO] Handling user request for /api/v1/data
[2026-07-23 19:06:06] [INFO] Cache hit for key user_profile_123
[2026-07-23 19:06:08] [INFO] Successfully processed background job #4912
[2026-07-23 19:06:12] [INFO] Handling user request for /api/v1/data
[2026-07-23 19:06:13] [DEBUG] Parsing JSON payload
[2026-07-23 19:06:16] [INFO] Cache hit for key user_profile_123
[2026-07-23 19:06:20] [INFO] Connection established to message queue
[2026-07-23 19:06:24] [DEBUG] Fetching row 4021 from database
[2026-07-23 19:06:29] [INFO] System started successfully
[2026-07-23 19:06:31] [INFO] Connection established to message queue
[2026-07-23 19:06:32] [WARNING] High memory usage detected (85%)
[2026-07-23 19:06:35] [INFO] Connection established to message queue
[2026-07-23 19:06:37] [INFO] Successfully processed background job #4912
[2026-07-23 19:06:41] [INFO] User admin logged in from 192.168.1.100
[2026-07-23 19:06:43] [DEBUG] Session token refreshed
[2026-07-23 19:06:45] [ERROR] Database connection failed: Connection refused
[2026-07-23 19:06:48] [INFO] Connection established to message queue
[2026-07-23 19:06:49] [INFO] Successfully processed background job #4912
[2026-07-23 19:06:52] [WARNING] Deprecated API usage detected in legacy_module.py
[2026-07-23 19:06:52] [WARNING] Rate limit approaching for IP 10.0.0.55
[2026-07-23 19:06:53] [INFO] Connection established to message queue
[2026-07-23 19:06:55] [INFO] Connection established to message queue
[2026-07-23 19:06:57] [DEBUG] Fetching row 4021 from database
[2026-07-23 19:07:01] [INFO] User admin logged in from 192.168.1.100
[2026-07-23 19:07:03] [INFO] Handling user request for /api/v1/data
[2026-07-23 19:07:04] [INFO] Successfully processed background job #4912
[2026-07-23 19:07:07] [INFO] Cache hit for key user_profile_123
[2026-07-23 19:07:12] [INFO] Connection established to message queue
[2026-07-23 19:07:16] [WARNING] Rate limit approaching for IP 10.0.0.55
[2026-07-23 19:07:17] [INFO] Successfully processed background job #4912
[2026-07-23 19:07:20] [INFO] Successfully processed background job #4912
[2026-07-23 19:07:22] [WARNING] Rate limit approaching for IP 10.0.0.55
[2026-07-23 19:07:26] [INFO] System started successfully
[2026-07-23 19:07:26] [ERROR] Authentication failed for user guest
[2026-07-23 19:07:27] [INFO] Connection established to message queue
[2026-07-23 19:07:32] [INFO] Handling user request for /api/v1/data
[2026-07-23 19:07:34] [INFO] Cache hit for key user_profile_123
[2026-07-23 19:07:34] [WARNING] High memory usage detected (85%)
[2026-07-23 19:07:38] [INFO] System started successfully
[2026-07-23 19:07:42] [DEBUG] Initializing cache manager
[2026-07-23 19:07:46] [INFO] Successfully processed background job #4912
[2026-07-23 19:07:50] [INFO] Connection established to message queue
[2026-07-23 19:07:51] [INFO] Connection established to message queue
[2026-07-23 19:07:53] [INFO] Successfully processed background job #4912
[2026-07-23 19:07:54] [INFO] System started successfully
[2026-07-23 19:07:54] [INFO] Connection established to message queue
[2026-07-23 19:07:57] [INFO] Cache hit for key user_profile_123
[2026-07-23 19:08:02] [INFO] Connection established to message queue
[2026-07-23 19:08:03] [INFO] System started successfully
[2026-07-23 19:08:06] [DEBUG] Session token refreshed
[2026-07-23 19:08:10] [INFO] Connection established to message queue
[2026-07-23 19:08:10] [DEBUG] Session token refreshed
[2026-07-23 19:08:14] [WARNING] Rate limit approaching for IP 10.0.0.55
[2026-07-23 19:08:15] [DEBUG] Fetching row 4021 from database
[2026-07-23 19:08:16] [INFO] System started successfully
[2026-07-23 19:08:18] [INFO] Handling user request for /api/v1/data
[2026-07-23 19:08:20] [INFO] Cache hit for key user_profile_123
[2026-07-23 19:08:23] [DEBUG] Parsing JSON payload
[2026-07-23 19:08:28] [ERROR] MySQL Error: Deadlock found when trying to get lock
[2026-07-23 19:08:30] [WARNING] High memory usage detected (85%)
[2026-07-23 19:08:34] [WARNING] Deprecated API usage detected in legacy_module.py
[2026-07-23 19:08:39] [INFO] System started successfully
[2026-07-23 19:08:42] [INFO] Successfully processed background job #4912
[2026-07-23 19:08:45] [INFO] Handling user request for /api/v1/data
[2026-07-23 19:08:50] [INFO] Handling user request for /api/v1/data
[2026-07-23 19:08:54] [INFO] Cache hit for key user_profile_123
[2026-07-23 19:08:54] [INFO] Handling user request for /api/v1/data
[2026-07-23 19:08:57] [INFO] Cache hit for key user_profile_123
[2026-07-23 19:09:00] [DEBUG] Session token refreshed
[2026-07-23 19:09:02] [INFO] Handling user request for /api/v1/data
[2026-07-23 19:09:06] [ERROR] MySQL Error: Deadlock found when trying to get lock
[2026-07-23 19:09:10] [WARNING] Deprecated API usage detected in legacy_module.py
[2026-07-23 19:09:12] [INFO] User admin logged in from 192.168.1.100
[2026-07-23 19:09:13] [INFO] Handling user request for /api/v1/data
[2026-07-23 19:09:15] [INFO] Handling user request for /api/v1/data
[2026-07-23 19:09:16] [INFO] Cache hit for key user_profile_123
[2026-07-23 19:09:18] [INFO] Connection established to message queue
[2026-07-23 19:09:21] [INFO] Successfully processed background job #4912
[2026-07-23 19:09:25] [ERROR] MySQL Error: Deadlock found when trying to get lock
[2026-07-23 19:09:30] [INFO] System started successfully
[2026-07-23 19:09:33] [INFO] Successfully processed background job #4912
[2026-07-23 19:09:35] [WARNING] Rate limit approaching for IP 10.0.0.55
[2026-07-23 19:09:36] [DEBUG] Fetching row 4021 from database
[2026-07-23 19:09:40] [INFO] Connection established to message queue
[2026-07-23 19:09:42] [WARNING] Rate limit approaching for IP 10.0.0.55
[2026-07-23 19:09:47] [INFO] Cache hit for key user_profile_123
[2026-07-23 19:09:47] [INFO] System started successfully
[2026-07-23 19:09:49] [INFO] System started successfully
[2026-07-23 19:09:52] [INFO] Connection established to message queue
[2026-07-23 19:09:55] [ERROR] Database connection failed: Connection refused
[2026-07-23 19:09:59] [INFO] Cache hit for key user_profile_123
[2026-07-23 19:10:01] [INFO] Connection established to message queue
[2026-07-23 19:10:04] [DEBUG] Parsing JSON payload
[2026-07-23 19:10:08] [INFO] Handling user request for /api/v1/data
[2026-07-23 19:10:10] [INFO] Cache hit for key user_profile_123
[2026-07-23 19:10:14] [INFO] Successfully processed background job #4912
[2026-07-23 19:10:17] [WARNING] Deprecated API usage detected in legacy_module.py
[2026-07-23 19:10:17] [WARNING] Deprecated API usage detected in legacy_module.py
[2026-07-23 19:10:19] [WARNING] High memory usage detected (85%)
[2026-07-23 19:10:22] [INFO] Cache hit for key user_profile_123
[2026-07-23 19:10:25] [DEBUG] Initializing cache manager
[2026-07-23 19:10:25] [INFO] User admin logged in from 192.168.1.100
[2026-07-23 19:10:30] [ERROR] Database connection failed: Connection refused
[2026-07-23 19:10:33] [INFO] Connection established to message queue
[2026-07-23 19:10:35] [INFO] Handling user request for /api/v1/data
[2026-07-23 19:10:36] [INFO] Cache hit for key user_profile_123
[2026-07-23 19:10:37] [INFO] Connection established to message queue
[2026-07-23 19:10:39] [INFO] System started successfully
[2026-07-23 19:10:44] [INFO] System started successfully
[2026-07-23 19:10:45] [DEBUG] Session token refreshed
[2026-07-23 19:10:46] [INFO] Cache hit for key user_profile_123
[2026-07-23 19:10:50] [WARNING] Rate limit approaching for IP 10.0.0.55
[2026-07-23 19:10:55] [INFO] User admin logged in from 192.168.1.100
[2026-07-23 19:10:56] [INFO] Handling user request for /api/v1/data
[2026-07-23 19:10:56] [INFO] System started successfully
[2026-07-23 19:10:59] [ERROR] NullPointerException in DataProcessor class
[2026-07-23 19:11:04] [DEBUG] Parsing JSON payload
[2026-07-23 19:11:07] [INFO] Cache hit for key user_profile_123
[2026-07-23 19:11:10] [INFO] User admin logged in from 192.168.1.100
[2026-07-23 19:11:10] [INFO] Cache hit for key user_profile_123
[2026-07-23 19:11:14] [INFO] Successfully processed background job #4912
[2026-07-23 19:11:16] [INFO] Connection established to message queue
[2026-07-23 19:11:20] [INFO] Cache hit for key user_profile_123
[2026-07-23 19:11:21] [ERROR] MySQL Error: Deadlock found when trying to get lock
[2026-07-23 19:11:24] [WARNING] High memory usage detected (85%)
[2026-07-23 19:11:25] [ERROR] Database connection failed: Connection refused
[2026-07-23 19:11:28] [INFO] User admin logged in from 192.168.1.100
[2026-07-23 19:11:28] [INFO] System started successfully
[2026-07-23 19:11:31] [ERROR] MySQL Error: Deadlock found when trying to get lock
[2026-07-23 19:11:34] [INFO] Cache hit for key user_profile_123
[2026-07-23 19:11:38] [INFO] System started successfully
[2026-07-23 19:11:43] [INFO] Successfully processed background job #4912
[2026-07-23 19:11:45] [WARNING] Rate limit approaching for IP 10.0.0.55
[2026-07-23 19:11:47] [INFO] Cache hit for key user_profile_123
[2026-07-23 19:11:52] [INFO] Connection established to message queue
[2026-07-23 19:11:53] [DEBUG] Session token refreshed
[2026-07-23 19:11:55] [ERROR] Database connection failed: Connection refused
[2026-07-23 19:11:58] [INFO] User admin logged in from 192.168.1.100
[2026-07-23 19:11:59] [INFO] User admin logged in from 192.168.1.100
[2026-07-23 19:12:03] [INFO] Cache hit for key user_profile_123
[2026-07-23 19:12:03] [INFO] User admin logged in from 192.168.1.100
[2026-07-23 19:12:06] [INFO] Successfully processed background job #4912
[2026-07-23 19:12:11] [INFO] Successfully processed background job #4912
[2026-07-23 19:12:14] [INFO] System started successfully
[2026-07-23 19:12:18] [INFO] Handling user request for /api/v1/data
[2026-07-23 19:12:21] [INFO] Connection established to message queue
[2026-07-23 19:12:24] [INFO] Successfully processed background job #4912
[2026-07-23 19:12:27] [INFO] Cache hit for key user_profile_123
[2026-07-23 19:12:30] [INFO] User admin logged in from 192.168.1.100
[2026-07-23 19:12:33] [INFO] Cache hit for key user_profile_123
[2026-07-23 19:12:33] [WARNING] Rate limit approaching for IP 10.0.0.55
[2026-07-23 19:12:36] [INFO] Handling user request for /api/v1/data
[2026-07-23 19:12:37] [DEBUG] Initializing cache manager
[2026-07-23 19:12:41] [INFO] Connection established to message queue
[2026-07-23 19:12:42] [CRITICAL] Disk space exhausted on /var/log
[2026-07-23 19:12:43] [INFO] Cache hit for key user_profile_123
[2026-07-23 19:12:46] [DEBUG] Fetching row 4021 from database
[2026-07-23 19:12:48] [WARNING] Deprecated API usage detected in legacy_module.py
[2026-07-23 19:12:50] [INFO] User admin logged in from 192.168.1.100
[2026-07-23 19:12:53] [DEBUG] Initializing cache manager
[2026-07-23 19:12:58] [DEBUG] Session token refreshed
[2026-07-23 19:13:00] [DEBUG] Initializing cache manager
[2026-07-23 19:13:01] [INFO] Handling user request for /api/v1/data
[2026-07-23 19:13:03] [INFO] Cache hit for key user_profile_123
[2026-07-23 19:13:06] [ERROR] Database connection failed: Connection refused
[2026-07-23 19:13:07] [INFO] Cache hit for key user_profile_123
[2026-07-23 19:13:11] [INFO] System started successfully
[2026-07-23 19:13:15] [INFO] User admin logged in from 192.168.1.100
[2026-07-23 19:13:20] [INFO] Handling user request for /api/v1/data
[2026-07-23 19:13:24] [INFO] Cache hit for key user_profile_123
[2026-07-23 19:13:26] [DEBUG] Fetching row 4021 from database
[2026-07-23 19:13:26] [DEBUG] Parsing JSON payload
[2026-07-23 19:13:26] [INFO] Successfully processed background job #4912
[2026-07-23 19:13:27] [CRITICAL] Disk space exhausted on /var/log
[2026-07-23 19:13:29] [INFO] Connection established to message queue
[2026-07-23 19:13:32] [INFO] Handling user request for /api/v1/data
[2026-07-23 19:13:35] [INFO] Successfully processed background job #4912
[2026-07-23 19:13:37] [WARNING] Rate limit approaching for IP 10.0.0.55
[2026-07-23 19:13:40] [DEBUG] Parsing JSON payload
[2026-07-23 19:13:43] [INFO] Successfully processed background job #4912
[2026-07-23 19:13:44] [INFO] Connection established to message queue
[2026-07-23 19:13:45] [ERROR] Invalid password provided for account admin
[2026-07-23 19:13:46] [INFO] Connection established to message queue
[2026-07-23 19:13:49] [INFO] User admin logged in from 192.168.1.100
[2026-07-23 19:13:50] [ERROR] Invalid password provided for account admin
[2026-07-23 19:13:53] [INFO] Connection established to message queue
[2026-07-23 19:13:54] [INFO] Handling user request for /api/v1/data
[2026-07-23 19:13:59] [ERROR] Authentication failed for user guest
[2026-07-23 19:14:02] [INFO] Handling user request for /api/v1/data
[2026-07-23 19:14:06] [INFO] Cache hit for key user_profile_123
[2026-07-23 19:14:07] [INFO] User admin logged in from 192.168.1.100
[2026-07-23 19:14:10] [INFO] Successfully processed background job #4912
[2026-07-23 19:14:13] [INFO] System started successfully
[2026-07-23 19:14:14] [INFO] Handling user request for /api/v1/data
[2026-07-23 19:14:18] [INFO] User admin logged in from 192.168.1.100
[2026-07-23 19:14:23] [INFO] System started successfully
[2026-07-23 19:14:28] [INFO] User admin logged in from 192.168.1.100
[2026-07-23 19:14:28] [INFO] Connection established to message queue
[2026-07-23 19:14:30] [INFO] Handling user request for /api/v1/data
[2026-07-23 19:14:33] [INFO] Successfully processed background job #4912
[2026-07-23 19:14:34] [INFO] Connection established to message queue
[2026-07-23 19:14:36] [INFO] Handling user request for /api/v1/data
[2026-07-23 19:14:38] [INFO] User admin logged in from 192.168.1.100
[2026-07-23 19:14:39] [INFO] System started successfully
[2026-07-23 19:14:44] [INFO] System started successfully
[2026-07-23 19:14:47] [INFO] System started successfully
[2026-07-23 19:14:51] [INFO] Successfully processed background job #4912
[2026-07-23 19:14:54] [INFO] User admin logged in from 192.168.1.100
[2026-07-23 19:14:57] [ERROR] NullPointerException in DataProcessor class
[2026-07-23 19:15:01] [WARNING] High memory usage detected (85%)
[2026-07-23 19:15:04] [INFO] Cache hit for key user_profile_123
[2026-07-23 19:15:06] [CRITICAL] Disk space exhausted on /var/log
[2026-07-23 19:15:06] [DEBUG] Fetching row 4021 from database
[2026-07-23 19:15:08] [INFO] Cache hit for key user_profile_123
[2026-07-23 19:15:13] [INFO] User admin logged in from 192.168.1.100
[2026-07-23 19:15:13] [INFO] User admin logged in from 192.168.1.100
[2026-07-23 19:15:17] [INFO] System started successfully
[2026-07-23 19:15:18] [INFO] System started successfully
[2026-07-23 19:15:18] [DEBUG] Initializing cache manager
[2026-07-23 19:15:21] [INFO] Handling user request for /api/v1/data
[2026-07-23 19:15:23] [INFO] Handling user request for /api/v1/data
[2026-07-23 19:15:25] [INFO] Cache hit for key user_profile_123
[2026-07-23 19:15:27] [DEBUG] Fetching row 4021 from database
[2026-07-23 19:15:29] [INFO] Connection established to message queue
[2026-07-23 19:15:34] [INFO] User admin logged in from 192.168.1.100
[2026-07-23 19:15:38] [ERROR] Database connection failed: Connection refused
[2026-07-23 19:15:43] [INFO] Handling user request for /api/v1/data
[2026-07-23 19:15:47] [INFO] System started successfully
[2026-07-23 19:15:50] [INFO] Cache hit for key user_profile_123
[2026-07-23 19:15:55] [INFO] System started successfully
[2026-07-23 19:15:57] [INFO] System started successfully
[2026-07-23 19:15:57] [DEBUG] Parsing JSON payload
[2026-07-23 19:16:00] [INFO] Connection established to message queue
[2026-07-23 19:16:02] [INFO] Successfully processed background job #4912
[2026-07-23 19:16:06] [DEBUG] Initializing cache manager
[2026-07-23 19:16:08] [DEBUG] Fetching row 4021 from database
[2026-07-23 19:16:12] [INFO] System started successfully
[2026-07-23 19:16:13] [INFO] System started successfully
[2026-07-23 19:16:16] [INFO] System started successfully
[2026-07-23 19:16:19] [WARNING] Rate limit approaching for IP 10.0.0.55
[2026-07-23 19:16:21] [INFO] Connection established to message queue
[2026-07-23 19:16:25] [INFO] Handling user request for /api/v1/data
[2026-07-23 19:16:27] [INFO] User admin logged in from 192.168.1.100
[2026-07-23 19:16:31] [INFO] Connection established to message queue
[2026-07-23 19:16:32] [INFO] Connection established to message queue
[2026-07-23 19:16:32] [DEBUG] Fetching row 4021 from database
[2026-07-23 19:16:33] [INFO] Handling user request for /api/v1/data
[2026-07-23 19:16:33] [INFO] User admin logged in from 192.168.1.100
[2026-07-23 19:16:34] [INFO] Connection established to message queue
[2026-07-23 19:16:36] [INFO] Handling user request for /api/v1/data
[2026-07-23 19:16:37] [WARNING] Deprecated API usage detected in legacy_module.py
[2026-07-23 19:16:41] [INFO] System started successfully
[2026-07-23 19:16:43] [INFO] Cache hit for key user_profile_123
[2026-07-23 19:16:47] [DEBUG] Fetching row 4021 from database
[2026-07-23 19:16:50] [INFO] System started successfully
[2026-07-23 19:16:50] [WARNING] Rate limit approaching for IP 10.0.0.55
[2026-07-23 19:16:51] [DEBUG] Session token refreshed
[2026-07-23 19:16:54] [DEBUG] Parsing JSON payload
[2026-07-23 19:16:59] [WARNING] High memory usage detected (85%)
[2026-07-23 19:16:59] [WARNING] Deprecated API usage detected in legacy_module.py
[2026-07-23 19:17:03] [INFO] Successfully processed background job #4912
[2026-07-23 19:17:04] [WARNING] Rate limit approaching for IP 10.0.0.55
[2026-07-23 19:17:06] [DEBUG] Initializing cache manager
[2026-07-23 19:17:08] [INFO] Handling user request for /api/v1/data
[2026-07-23 19:17:10] [INFO] Handling user request for /api/v1/data
[2026-07-23 19:17:12] [ERROR] Database connection failed: Connection refused
[2026-07-23 19:17:17] [CRITICAL] Timeout while waiting for external service after 30000ms
[2026-07-23 19:17:17] [ERROR] Invalid password provided for account admin
[2026-07-23 19:17:21] [INFO] Connection established to message queue
[2026-07-23 19:17:24] [DEBUG] Fetching row 4021 from database
[2026-07-23 19:17:24] [INFO] User admin logged in from 192.168.1.100
[2026-07-23 19:17:27] [INFO] Handling user request for /api/v1/data
[2026-07-23 19:17:31] [INFO] User admin logged in from 192.168.1.100
[2026-07-23 19:17:33] [INFO] Connection established to message queue
[2026-07-23 19:17:34] [INFO] Connection established to message queue
[2026-07-23 19:17:35] [INFO] Handling user request for /api/v1/data
[2026-07-23 19:17:38] [ERROR] MySQL Error: Deadlock found when trying to get lock
[2026-07-23 19:17:38] [INFO] Cache hit for key user_profile_123
[2026-07-23 19:17:42] [INFO] System started successfully
[2026-07-23 19:17:45] [INFO] System started successfully
[2026-07-23 19:17:48] [INFO] User admin logged in from 192.168.1.100
[2026-07-23 19:17:52] [WARNING] High memory usage detected (85%)
[2026-07-23 19:17:53] [INFO] Successfully processed background job #4912
[2026-07-23 19:17:57] [WARNING] High memory usage detected (85%)
[2026-07-23 19:17:58] [INFO] Successfully processed background job #4912
[2026-07-23 19:18:03] [INFO] Handling user request for /api/v1/data
[2026-07-23 19:18:06] [INFO] Successfully processed background job #4912
[2026-07-23 19:18:08] [INFO] System started successfully
[2026-07-23 19:18:12] [INFO] Handling user request for /api/v1/data
[2026-07-23 19:18:13] [INFO] Handling user request for /api/v1/data
[2026-07-23 19:18:14] [DEBUG] Parsing JSON payload
[2026-07-23 19:18:18] [INFO] User admin logged in from 192.168.1.100
[2026-07-23 19:18:18] [INFO] Successfully processed background job #4912
[2026-07-23 19:18:19] [DEBUG] Session token refreshed
[2026-07-23 19:18:22] [INFO] User admin logged in from 192.168.1.100
[2026-07-23 19:18:24] [INFO] Handling user request for /api/v1/data
[2026-07-23 19:18:27] [INFO] Cache hit for key user_profile_123
[2026-07-23 19:18:31] [INFO] Successfully processed background job #4912
[2026-07-23 19:18:31] [DEBUG] Fetching row 4021 from database
[2026-07-23 19:18:34] [INFO] Cache hit for key user_profile_123
[2026-07-23 19:18:35] [INFO] User admin logged in from 192.168.1.100
[2026-07-23 19:18:37] [INFO] Cache hit for key user_profile_123
[2026-07-23 19:18:38] [INFO] System started successfully
[2026-07-23 19:18:41] [INFO] Handling user request for /api/v1/data
[2026-07-23 19:18:44] [DEBUG] Fetching row 4021 from database
[2026-07-23 19:18:45] [DEBUG] Initializing cache manager
[2026-07-23 19:18:50] [INFO] Successfully processed background job #4912
[2026-07-23 19:18:52] [INFO] System started successfully
[2026-07-23 19:18:56] [DEBUG] Fetching row 4021 from database
[2026-07-23 19:18:58] [INFO] System started successfully
[2026-07-23 19:19:02] [INFO] Cache hit for key user_profile_123
[2026-07-23 19:19:06] [INFO] Connection established to message queue
[2026-07-23 19:19:07] [ERROR] Invalid password provided for account admin
[2026-07-23 19:19:10] [INFO] System started successfully
[2026-07-23 19:19:13] [DEBUG] Parsing JSON payload
[2026-07-23 19:19:16] [INFO] Successfully processed background job #4912
[2026-07-23 19:19:20] [DEBUG] Parsing JSON payload
[2026-07-23 19:19:21] [INFO] Connection established to message queue
[2026-07-23 19:19:21] [INFO] Connection established to message queue
[2026-07-23 19:19:22] [INFO] Connection established to message queue
[2026-07-23 19:19:23] [INFO] Connection established to message queue
[2026-07-23 19:19:24] [DEBUG] Session token refreshed
[2026-07-23 19:19:28] [INFO] Cache hit for key user_profile_123
[2026-07-23 19:19:31] [DEBUG] Fetching row 4021 from database
[2026-07-23 19:19:33] [INFO] Handling user request for /api/v1/data
[2026-07-23 19:19:34] [INFO] System started successfully
[2026-07-23 19:19:38] [INFO] Connection established to message queue
[2026-07-23 19:19:43] [CRITICAL] Disk space exhausted on /var/log
[2026-07-23 19:19:47] [INFO] System started successfully
[2026-07-23 19:19:47] [INFO] Cache hit for key user_profile_123
[2026-07-23 19:19:51] [INFO] System started successfully
[2026-07-23 19:19:51] [INFO] System started successfully
[2026-07-23 19:19:53] [ERROR] Database connection failed: Connection refused
[2026-07-23 19:19:56] [INFO] System started successfully
[2026-07-23 19:19:57] [WARNING] High memory usage detected (85%)
[2026-07-23 19:19:57] [INFO] Cache hit for key user_profile_123
[2026-07-23 19:20:01] [DEBUG] Initializing cache manager
[2026-07-23 19:20:02] [INFO] Handling user request for /api/v1/data
[2026-07-23 19:20:03] [INFO] Handling user request for /api/v1/data
[2026-07-23 19:20:05] [INFO] User admin logged in from 192.168.1.100
[2026-07-23 19:20:09] [ERROR] Invalid password provided for account admin
[2026-07-23 19:20:10] [INFO] Successfully processed background job #4912
[2026-07-23 19:20:12] [INFO] Successfully processed background job #4912
[2026-07-23 19:20:16] [DEBUG] Parsing JSON payload
[2026-07-23 19:20:17] [INFO] Handling user request for /api/v1/data
[2026-07-23 19:20:21] [ERROR] MySQL Error: Deadlock found when trying to get lock
[2026-07-23 19:20:26] [DEBUG] Parsing JSON payload
[2026-07-23 19:20:27] [INFO] Handling user request for /api/v1/data
[2026-07-23 19:20:27] [INFO] Handling user request for /api/v1/data
[2026-07-23 19:20:29] [INFO] Connection established to message queue
[2026-07-23 19:20:29] [INFO] Handling user request for /api/v1/data
[2026-07-23 19:20:32] [INFO] Handling user request for /api/v1/data
[2026-07-23 19:20:36] [INFO] User admin logged in from 192.168.1.100
[2026-07-23 19:20:38] [INFO] Handling user request for /api/v1/data
[2026-07-23 19:20:43] [INFO] User admin logged in from 192.168.1.100
[2026-07-23 19:20:46] [DEBUG] Parsing JSON payload
[2026-07-23 19:20:47] [INFO] System started successfully
[2026-07-23 19:20:52] [INFO] Handling user request for /api/v1/data
[2026-07-23 19:20:57] [CRITICAL] Timeout while waiting for external service after 30000ms
[2026-07-23 19:21:01] [INFO] User admin logged in from 192.168.1.100
[2026-07-23 19:21:02] [INFO] Successfully processed background job #4912
[2026-07-23 19:21:04] [DEBUG] Initializing cache manager
[2026-07-23 19:21:07] [INFO] Cache hit for key user_profile_123
[2026-07-23 19:21:10] [INFO] System started successfully
[2026-07-23 19:21:15] [DEBUG] Session token refreshed
[2026-07-23 19:21:20] [INFO] System started successfully
[2026-07-23 19:21:23] [INFO] Cache hit for key user_profile_123
[2026-07-23 19:21:24] [WARNING] Deprecated API usage detected in legacy_module.py
[2026-07-23 19:21:27] [INFO] Connection established to message queue
[2026-07-23 19:21:29] [INFO] Connection established to message queue
[2026-07-23 19:21:31] [INFO] Connection established to message queue
[2026-07-23 19:21:36] [INFO] User admin logged in from 192.168.1.100
[2026-07-23 19:21:40] [WARNING] High memory usage detected (85%)
[2026-07-23 19:21:42] [DEBUG] Parsing JSON payload
[2026-07-23 19:21:46] [WARNING] Rate limit approaching for IP 10.0.0.55
[2026-07-23 19:21:51] [INFO] Connection established to message queue
[2026-07-23 19:21:52] [INFO] Successfully processed background job #4912
[2026-07-23 19:21:55] [INFO] System started successfully
[2026-07-23 19:21:59] [INFO] Cache hit for key user_profile_123
[2026-07-23 19:22:02] [DEBUG] Fetching row 4021 from database
[2026-07-23 19:22:03] [INFO] Successfully processed background job #4912
[2026-07-23 19:22:07] [INFO] Successfully processed background job #4912
[2026-07-23 19:22:08] [INFO] User admin logged in from 192.168.1.100
[2026-07-23 19:22:11] [INFO] Successfully processed background job #4912
[2026-07-23 19:22:11] [WARNING] Deprecated API usage detected in legacy_module.py
[2026-07-23 19:22:11] [INFO] System started successfully
[2026-07-23 19:22:13] [INFO] Cache hit for key user_profile_123
[2026-07-23 19:22:13] [WARNING] Rate limit approaching for IP 10.0.0.55
[2026-07-23 19:22:17] [ERROR] Database connection failed: Connection refused
[2026-07-23 19:22:21] [DEBUG] Session token refreshed
[2026-07-23 19:22:22] [WARNING] Deprecated API usage detected in legacy_module.py
[2026-07-23 19:22:23] [INFO] Cache hit for key user_profile_123
[2026-07-23 19:22:25] [INFO] Handling user request for /api/v1/data
[2026-07-23 19:22:29] [INFO] Connection established to message queue
[2026-07-23 19:22:32] [WARNING] Rate limit approaching for IP 10.0.0.55
[2026-07-23 19:22:34] [INFO] Successfully processed background job #4912
[2026-07-23 19:22:36] [INFO] User admin logged in from 192.168.1.100
[2026-07-23 19:22:39] [INFO] System started successfully
[2026-07-23 19:22:41] [INFO] User admin logged in from 192.168.1.100
[2026-07-23 19:22:45] [WARNING] Deprecated API usage detected in legacy_module.py
[2026-07-23 19:22:50] [INFO] Connection established to message queue
[2026-07-23 19:22:53] [INFO] Handling user request for /api/v1/data
[2026-07-23 19:22:56] [INFO] User admin logged in from 192.168.1.100
[2026-07-23 19:23:00] [ERROR] Authentication failed for user guest
[2026-07-23 19:23:01] [INFO] Connection established to message queue
[2026-07-23 19:23:04] [INFO] Successfully processed background job #4912
[2026-07-23 19:23:04] [INFO] Successfully processed background job #4912
[2026-07-23 19:23:08] [INFO] Successfully processed background job #4912
[2026-07-23 19:23:10] [INFO] Connection established to message queue
[2026-07-23 19:23:14] [INFO] Cache hit for key user_profile_123
[2026-07-23 19:23:17] [ERROR] MySQL Error: Deadlock found when trying to get lock
[2026-07-23 19:23:20] [INFO] Cache hit for key user_profile_123
[2026-07-23 19:23:21] [INFO] User admin logged in from 192.168.1.100
[2026-07-23 19:23:22] [INFO] User admin logged in from 192.168.1.100
[2026-07-23 19:23:26] [INFO] Cache hit for key user_profile_123
[2026-07-23 19:23:30] [DEBUG] Fetching row 4021 from database
[2026-07-23 19:23:32] [INFO] Handling user request for /api/v1/data
[2026-07-23 19:23:37] [INFO] Connection established to message queue
[2026-07-23 19:23:41] [DEBUG] Parsing JSON payload
[2026-07-23 19:23:42] [INFO] Connection established to message queue
[2026-07-23 19:23:45] [INFO] Cache hit for key user_profile_123
[2026-07-23 19:23:46] [ERROR] Authentication failed for user guest
[2026-07-23 19:23:51] [INFO] Cache hit for key user_profile_123
[2026-07-23 19:23:52] [INFO] Connection established to message queue
[2026-07-23 19:23:56] [INFO] Connection established to message queue
[2026-07-23 19:23:58] [INFO] Cache hit for key user_profile_123
[2026-07-23 19:24:01] [INFO] Cache hit for key user_profile_123
[2026-07-23 19:24:04] [INFO] Connection established to message queue
[2026-07-23 19:24:06] [INFO] Connection established to message queue
[2026-07-23 19:24:11] [INFO] Connection established to message queue
[2026-07-23 19:24:13] [INFO] System started successfully
[2026-07-23 19:24:18] [INFO] User admin logged in from 192.168.1.100
[2026-07-23 19:24:20] [DEBUG] Session token refreshed
[2026-07-23 19:24:24] [INFO] Handling user request for /api/v1/data
[2026-07-23 19:24:28] [DEBUG] Fetching row 4021 from database
[2026-07-23 19:24:33] [DEBUG] Parsing JSON payload
[2026-07-23 19:24:37] [INFO] User admin logged in from 192.168.1.100
[2026-07-23 19:24:42] [ERROR] Authentication failed for user guest
[2026-07-23 19:24:42] [INFO] Handling user request for /api/v1/data
[2026-07-23 19:24:42] [INFO] Handling user request for /api/v1/data
[2026-07-23 19:24:47] [INFO] User admin logged in from 192.168.1.100
[2026-07-23 19:24:52] [DEBUG] Parsing JSON payload
[2026-07-23 19:24:53] [INFO] Successfully processed background job #4912
[2026-07-23 19:24:57] [DEBUG] Initializing cache manager
[2026-07-23 19:24:57] [DEBUG] Parsing JSON payload
[2026-07-23 19:24:59] [DEBUG] Session token refreshed
[2026-07-23 19:25:00] [INFO] Successfully processed background job #4912
[2026-07-23 19:25:05] [INFO] Cache hit for key user_profile_123
[2026-07-23 19:25:09] [WARNING] Deprecated API usage detected in legacy_module.py
[2026-07-23 19:25:12] [INFO] Successfully processed background job #4912
[2026-07-23 19:25:17] [INFO] Successfully processed background job #4912
[2026-07-23 19:25:18] [INFO] User admin logged in from 192.168.1.100
[2026-07-23 19:25:19] [INFO] Connection established to message queue
[2026-07-23 19:25:20] [INFO] Handling user request for /api/v1/data
[2026-07-23 19:25:21] [INFO] Connection established to message queue
[2026-07-23 19:25:22] [INFO] Handling user request for /api/v1/data
[2026-07-23 19:25:24] [CRITICAL] Service crashed with exit code 137
[2026-07-23 19:25:28] [INFO] Cache hit for key user_profile_123
[2026-07-23 19:25:32] [INFO] User admin logged in from 192.168.1.100
[2026-07-23 19:25:32] [INFO] Cache hit for key user_profile_123
[2026-07-23 19:25:35] [ERROR] Authentication failed for user guest
[2026-07-23 19:25:39] [DEBUG] Fetching row 4021 from database
[2026-07-23 19:25:40] [DEBUG] Parsing JSON payload
[2026-07-23 19:25:45] [INFO] Cache hit for key user_profile_123
[2026-07-23 19:25:47] [ERROR] Invalid password provided for account admin
[2026-07-23 19:25:51] [INFO] Handling user request for /api/v1/data
[2026-07-23 19:25:52] [INFO] Connection established to message queue
[2026-07-23 19:25:57] [INFO] Successfully processed background job #4912
[2026-07-23 19:25:57] [INFO] Connection established to message queue
[2026-07-23 19:26:01] [INFO] Cache hit for key user_profile_123
[2026-07-23 19:26:04] [INFO] Handling user request for /api/v1/data
[2026-07-23 19:26:08] [INFO] User admin logged in from 192.168.1.100
[2026-07-23 19:26:10] [INFO] Cache hit for key user_profile_123
[2026-07-23 19:26:14] [CRITICAL] Disk space exhausted on /var/log
[2026-07-23 19:26:17] [INFO] User admin logged in from 192.168.1.100
[2026-07-23 19:26:18] [INFO] Cache hit for key user_profile_123
[2026-07-23 19:26:20] [DEBUG] Fetching row 4021 from database
[2026-07-23 19:26:20] [INFO] Connection established to message queue
[2026-07-23 19:26:25] [INFO] System started successfully
[2026-07-23 19:26:26] [INFO] Handling user request for /api/v1/data
[2026-07-23 19:26:30] [INFO] System started successfully
[2026-07-23 19:26:32] [INFO] User admin logged in from 192.168.1.100
[2026-07-23 19:26:34] [DEBUG] Initializing cache manager
[2026-07-23 19:26:39] [INFO] User admin logged in from 192.168.1.100
[2026-07-23 19:26:39] [INFO] Connection established to message queue
[2026-07-23 19:26:43] [INFO] Successfully processed background job #4912
[2026-07-23 19:26:45] [INFO] Handling user request for /api/v1/data
[2026-07-23 19:26:48] [INFO] User admin logged in from 192.168.1.100
[2026-07-23 19:26:50] [INFO] Connection established to message queue
[2026-07-23 19:26:53] [DEBUG] Session token refreshed
[2026-07-23 19:26:58] [CRITICAL] Disk space exhausted on /var/log
[2026-07-23 19:26:59] [INFO] User admin logged in from 192.168.1.100
[2026-07-23 19:27:00] [INFO] User admin logged in from 192.168.1.100
[2026-07-23 19:27:04] [INFO] System started successfully
[2026-07-23 19:27:05] [DEBUG] Session token refreshed
[2026-07-23 19:27:07] [DEBUG] Parsing JSON payload
[2026-07-23 19:27:12] [INFO] Handling user request for /api/v1/data
[2026-07-23 19:27:15] [INFO] System started successfully
[2026-07-23 19:27:19] [WARNING] High memory usage detected (85%)
[2026-07-23 19:27:24] [INFO] Handling user request for /api/v1/data
[2026-07-23 19:27:27] [ERROR] Authentication failed for user guest
[2026-07-23 19:27:29] [WARNING] Rate limit approaching for IP 10.0.0.55
[2026-07-23 19:27:31] [WARNING] Rate limit approaching for IP 10.0.0.55
[2026-07-23 19:27:32] [INFO] Cache hit for key user_profile_123
[2026-07-23 19:27:35] [WARNING] High memory usage detected (85%)
[2026-07-23 19:27:38] [INFO] Handling user request for /api/v1/data
[2026-07-23 19:27:39] [INFO] User admin logged in from 192.168.1.100
[2026-07-23 19:27:41] [INFO] Cache hit for key user_profile_123
[2026-07-23 19:27:42] [INFO] User admin logged in from 192.168.1.100
[2026-07-23 19:27:44] [INFO] Connection established to message queue
[2026-07-23 19:27:46] [WARNING] High memory usage detected (85%)
[2026-07-23 19:27:48] [INFO] System started successfully
[2026-07-23 19:27:49] [INFO] User admin logged in from 192.168.1.100
[2026-07-23 19:27:53] [INFO] Connection established to message queue
[2026-07-23 19:27:55] [INFO] Handling user request for /api/v1/data
[2026-07-23 19:27:55] [CRITICAL] Disk space exhausted on /var/log
[2026-07-23 19:27:56] [DEBUG] Session token refreshed
[2026-07-23 19:27:59] [WARNING] High memory usage detected (85%)
[2026-07-23 19:28:00] [INFO] System started successfully
[2026-07-23 19:28:02] [CRITICAL] Timeout while waiting for external service after 30000ms
[2026-07-23 19:28:05] [DEBUG] Initializing cache manager
[2026-07-23 19:28:10] [INFO] System started successfully
[2026-07-23 19:28:11] [INFO] User admin logged in from 192.168.1.100
[2026-07-23 19:28:14] [ERROR] MySQL Error: Deadlock found when trying to get lock
[2026-07-23 19:28:18] [INFO] Connection established to message queue
[2026-07-23 19:28:22] [INFO] System started successfully
[2026-07-23 19:28:24] [DEBUG] Session token refreshed
[2026-07-23 19:28:28] [DEBUG] Parsing JSON payload
[2026-07-23 19:28:32] [INFO] System started successfully
[2026-07-23 19:28:34] [INFO] User admin logged in from 192.168.1.100
[2026-07-23 19:28:38] [CRITICAL] Timeout while waiting for external service after 30000ms
[2026-07-23 19:28:42] [INFO] Successfully processed background job #4912
[2026-07-23 19:28:46] [INFO] Successfully processed background job #4912
[2026-07-23 19:28:51] [INFO] User admin logged in from 192.168.1.100
[2026-07-23 19:28:52] [INFO] Connection established to message queue
[2026-07-23 19:28:54] [INFO] Connection established to message queue
[2026-07-23 19:28:55] [WARNING] Rate limit approaching for IP 10.0.0.55
[2026-07-23 19:28:59] [INFO] Connection established to message queue
[2026-07-23 19:29:03] [CRITICAL] Timeout while waiting for external service after 30000ms
[2026-07-23 19:29:05] [DEBUG] Initializing cache manager
[2026-07-23 19:29:07] [INFO] Handling user request for /api/v1/data
[2026-07-23 19:29:09] [INFO] Cache hit for key user_profile_123
[2026-07-23 19:29:12] [INFO] Cache hit for key user_profile_123
[2026-07-23 19:29:15] [INFO] Connection established to message queue
[2026-07-23 19:29:16] [INFO] Successfully processed background job #4912
[2026-07-23 19:29:19] [INFO] Cache hit for key user_profile_123
[2026-07-23 19:29:24] [INFO] User admin logged in from 192.168.1.100
[2026-07-23 19:29:27] [DEBUG] Session token refreshed
[2026-07-23 19:29:31] [ERROR] MySQL Error: Deadlock found when trying to get lock
[2026-07-23 19:29:31] [INFO] User admin logged in from 192.168.1.100
[2026-07-23 19:29:33] [DEBUG] Fetching row 4021 from database
[2026-07-23 19:29:36] [DEBUG] Parsing JSON payload
[2026-07-23 19:29:41] [DEBUG] Session token refreshed
[2026-07-23 19:29:43] [INFO] Connection established to message queue
[2026-07-23 19:29:45] [INFO] User admin logged in from 192.168.1.100
[2026-07-23 19:29:46] [ERROR] NullPointerException in DataProcessor class
[2026-07-23 19:29:49] [INFO] User admin logged in from 192.168.1.100
[2026-07-23 19:29:53] [DEBUG] Session token refreshed
[2026-07-23 19:29:54] [WARNING] Rate limit approaching for IP 10.0.0.55
[2026-07-23 19:29:57] [DEBUG] Fetching row 4021 from database
[2026-07-23 19:30:01] [INFO] Cache hit for key user_profile_123
[2026-07-23 19:30:02] [DEBUG] Parsing JSON payload
[2026-07-23 19:30:03] [INFO] Handling user request for /api/v1/data
[2026-07-23 19:30:05] [DEBUG] Fetching row 4021 from database
[2026-07-23 19:30:08] [INFO] Successfully processed background job #4912
[2026-07-23 19:30:11] [INFO] Successfully processed background job #4912
[2026-07-23 19:30:14] [WARNING] High memory usage detected (85%)
[2026-07-23 19:30:16] [DEBUG] Initializing cache manager
[2026-07-23 19:30:20] [WARNING] High memory usage detected (85%)
[2026-07-23 19:30:20] [INFO] User admin logged in from 192.168.1.100
[2026-07-23 19:30:24] [INFO] Connection established to message queue
[2026-07-23 19:30:28] [INFO] Connection established to message queue
[2026-07-23 19:30:29] [INFO] Cache hit for key user_profile_123
[2026-07-23 19:30:34] [INFO] System started successfully
[2026-07-23 19:30:35] [INFO] Connection established to message queue
[2026-07-23 19:30:36] [DEBUG] Parsing JSON payload
[2026-07-23 19:30:40] [INFO] Connection established to message queue
[2026-07-23 19:30:41] [INFO] Handling user request for /api/v1/data
[2026-07-23 19:30:42] [INFO] Connection established to message queue
[2026-07-23 19:30:46] [INFO] System started successfully
[2026-07-23 19:30:51] [DEBUG] Parsing JSON payload
[2026-07-23 19:30:53] [DEBUG] Session token refreshed
[2026-07-23 19:30:53] [INFO] User admin logged in from 192.168.1.100
[2026-07-23 19:30:55] [INFO] User admin logged in from 192.168.1.100
[2026-07-23 19:30:58] [INFO] Successfully processed background job #4912
[2026-07-23 19:31:01] [INFO] Connection established to message queue
[2026-07-23 19:31:01] [INFO] System started successfully
[2026-07-23 19:31:03] [INFO] Connection established to message queue
[2026-07-23 19:31:05] [ERROR] Invalid password provided for account admin
[2026-07-23 19:31:08] [WARNING] Rate limit approaching for IP 10.0.0.55
[2026-07-23 19:31:12] [INFO] System started successfully
[2026-07-23 19:31:13] [INFO] Successfully processed background job #4912
[2026-07-23 19:31:14] [ERROR] Invalid password provided for account admin
[2026-07-23 19:31:16] [WARNING] Rate limit approaching for IP 10.0.0.55
[2026-07-23 19:31:19] [INFO] Connection established to message queue
[2026-07-23 19:31:22] [DEBUG] Session token refreshed
[2026-07-23 19:31:25] [INFO] System started successfully
[2026-07-23 19:31:28] [INFO] Successfully processed background job #4912
[2026-07-23 19:31:30] [DEBUG] Fetching row 4021 from database
[2026-07-23 19:31:32] [DEBUG] Session token refreshed
[2026-07-23 19:31:35] [INFO] System started successfully
[2026-07-23 19:31:37] [DEBUG] Session token refreshed
[2026-07-23 19:31:41] [DEBUG] Fetching row 4021 from database
[2026-07-23 19:31:41] [DEBUG] Session token refreshed
[2026-07-23 19:31:42] [INFO] Successfully processed background job #4912
[2026-07-23 19:31:43] [DEBUG] Initializing cache manager
[2026-07-23 19:31:47] [INFO] Successfully processed background job #4912
[2026-07-23 19:31:50] [INFO] Cache hit for key user_profile_123
[2026-07-23 19:31:54] [DEBUG] Parsing JSON payload
[2026-07-23 19:31:55] [DEBUG] Parsing JSON payload
[2026-07-23 19:31:55] [INFO] Connection established to message queue
[2026-07-23 19:31:56] [INFO] Handling user request for /api/v1/data
[2026-07-23 19:31:58] [WARNING] Rate limit approaching for IP 10.0.0.55
[2026-07-23 19:32:01] [INFO] Handling user request for /api/v1/data
[2026-07-23 19:32:04] [INFO] Cache hit for key user_profile_123
[2026-07-23 19:32:04] [INFO] Cache hit for key user_profile_123
[2026-07-23 19:32:07] [INFO] Successfully processed background job #4912
[2026-07-23 19:32:07] [INFO] Cache hit for key user_profile_123
[2026-07-23 19:32:09] [INFO] User admin logged in from 192.168.1.100
[2026-07-23 19:32:12] [INFO] User admin logged in from 192.168.1.100
[2026-07-23 19:32:16] [INFO] Successfully processed background job #4912
[2026-07-23 19:32:21] [INFO] Handling user request for /api/v1/data
[2026-07-23 19:32:26] [INFO] Connection established to message queue
[2026-07-23 19:32:29] [INFO] Cache hit for key user_profile_123
[2026-07-23 19:32:34] [INFO] User admin logged in from 192.168.1.100
[2026-07-23 19:32:39] [INFO] Successfully processed background job #4912
[2026-07-23 19:32:39] [INFO] System started successfully
[2026-07-23 19:32:43] [INFO] Connection established to message queue
[2026-07-23 19:32:45] [DEBUG] Parsing JSON payload
[2026-07-23 19:32:50] [INFO] Cache hit for key user_profile_123
[2026-07-23 19:32:52] [WARNING] Deprecated API usage detected in legacy_module.py
[2026-07-23 19:32:55] [INFO] Handling user request for /api/v1/data
[2026-07-23 19:33:00] [CRITICAL] Disk space exhausted on /var/log
[2026-07-23 19:33:02] [INFO] Connection established to message queue
[2026-07-23 19:33:05] [INFO] User admin logged in from 192.168.1.100
[2026-07-23 19:33:06] [INFO] Handling user request for /api/v1/data
[2026-07-23 19:33:06] [INFO] Connection established to message queue
[2026-07-23 19:33:09] [DEBUG] Fetching row 4021 from database
[2026-07-23 19:33:09] [INFO] Cache hit for key user_profile_123
[2026-07-23 19:33:14] [INFO] User admin logged in from 192.168.1.100
[2026-07-23 19:33:16] [DEBUG] Session token refreshed
[2026-07-23 19:33:16] [INFO] Successfully processed background job #4912
[2026-07-23 19:33:20] [INFO] User admin logged in from 192.168.1.100
[2026-07-23 19:33:25] [INFO] Connection established to message queue
[2026-07-23 19:33:27] [INFO] Handling user request for /api/v1/data
[2026-07-23 19:33:28] [INFO] Successfully processed background job #4912
[2026-07-23 19:33:31] [INFO] Cache hit for key user_profile_123
[2026-07-23 19:33:36] [DEBUG] Initializing cache manager
[2026-07-23 19:33:36] [WARNING] Deprecated API usage detected in legacy_module.py
[2026-07-23 19:33:39] [ERROR] NullPointerException in DataProcessor class
[2026-07-23 19:33:40] [CRITICAL] Service crashed with exit code 137
[2026-07-23 19:33:40] [INFO] Handling user request for /api/v1/data
[2026-07-23 19:33:44] [INFO] Cache hit for key user_profile_123
[2026-07-23 19:33:48] [ERROR] Invalid password provided for account admin
[2026-07-23 19:33:50] [INFO] Cache hit for key user_profile_123
[2026-07-23 19:33:54] [INFO] Connection established to message queue
[2026-07-23 19:33:55] [WARNING] Deprecated API usage detected in legacy_module.py
[2026-07-23 19:33:56] [INFO] System started successfully
[2026-07-23 19:33:59] [INFO] Handling user request for /api/v1/data
[2026-07-23 19:34:04] [DEBUG] Fetching row 4021 from database
[2026-07-23 19:34:04] [DEBUG] Fetching row 4021 from database
[2026-07-23 19:34:05] [INFO] Handling user request for /api/v1/data
[2026-07-23 19:34:08] [INFO] Connection established to message queue
[2026-07-23 19:34:08] [INFO] System started successfully
[2026-07-23 19:34:11] [INFO] System started successfully
[2026-07-23 19:34:13] [INFO] System started successfully
[2026-07-23 19:34:16] [WARNING] High memory usage detected (85%)
[2026-07-23 19:34:21] [INFO] Cache hit for key user_profile_123
[2026-07-23 19:34:22] [DEBUG] Parsing JSON payload
[2026-07-23 19:34:24] [INFO] System started successfully
[2026-07-23 19:34:24] [ERROR] MySQL Error: Deadlock found when trying to get lock
[2026-07-23 19:34:26] [INFO] Handling user request for /api/v1/data
[2026-07-23 19:34:29] [INFO] Connection established to message queue
[2026-07-23 19:34:29] [INFO] Handling user request for /api/v1/data
[2026-07-23 19:34:31] [WARNING] Rate limit approaching for IP 10.0.0.55
[2026-07-23 19:34:31] [WARNING] High memory usage detected (85%)
[2026-07-23 19:34:32] [INFO] User admin logged in from 192.168.1.100
[2026-07-23 19:34:35] [INFO] Handling user request for /api/v1/data
[2026-07-23 19:34:38] [INFO] Handling user request for /api/v1/data
[2026-07-23 19:34:40] [WARNING] High memory usage detected (85%)
[2026-07-23 19:34:42] [INFO] Successfully processed background job #4912
[2026-07-23 19:34:46] [INFO] Cache hit for key user_profile_123
[2026-07-23 19:34:47] [INFO] Connection established to message queue
[2026-07-23 19:34:51] [INFO] Handling user request for /api/v1/data
[2026-07-23 19:34:53] [INFO] Successfully processed background job #4912
[2026-07-23 19:34:54] [ERROR] Database connection failed: Connection refused
[2026-07-23 19:34:56] [INFO] Successfully processed background job #4912
[2026-07-23 19:34:57] [INFO] Handling user request for /api/v1/data
[2026-07-23 19:35:02] [INFO] Handling user request for /api/v1/data
[2026-07-23 19:35:02] [INFO] Successfully processed background job #4912
[2026-07-23 19:35:04] [INFO] Connection established to message queue
[2026-07-23 19:35:09] [INFO] Successfully processed background job #4912
[2026-07-23 19:35:10] [DEBUG] Parsing JSON payload
[2026-07-23 19:35:11] [INFO] Connection established to message queue
[2026-07-23 19:35:11] [DEBUG] Initializing cache manager
[2026-07-23 19:35:12] [INFO] User admin logged in from 192.168.1.100
[2026-07-23 19:35:12] [INFO] Successfully processed background job #4912
[2026-07-23 19:35:16] [DEBUG] Fetching row 4021 from database
[2026-07-23 19:35:20] [WARNING] Deprecated API usage detected in legacy_module.py
[2026-07-23 19:35:22] [INFO] User admin logged in from 192.168.1.100
[2026-07-23 19:35:25] [ERROR] Authentication failed for user guest
[2026-07-23 19:35:27] [ERROR] MySQL Error: Deadlock found when trying to get lock
[2026-07-23 19:35:30] [INFO] Handling user request for /api/v1/data
[2026-07-23 19:35:35] [INFO] Connection established to message queue
[2026-07-23 19:35:36] [INFO] Successfully processed background job #4912
[2026-07-23 19:35:39] [DEBUG] Initializing cache manager
[2026-07-23 19:35:39] [INFO] Handling user request for /api/v1/data
[2026-07-23 19:35:44] [INFO] Handling user request for /api/v1/data
[2026-07-23 19:35:45] [INFO] Connection established to message queue
[2026-07-23 19:35:49] [INFO] Connection established to message queue
[2026-07-23 19:35:51] [INFO] Successfully processed background job #4912
[2026-07-23 19:35:55] [INFO] System started successfully
[2026-07-23 19:35:59] [INFO] Handling user request for /api/v1/data
[2026-07-23 19:36:03] [INFO] Cache hit for key user_profile_123
[2026-07-23 19:36:06] [DEBUG] Parsing JSON payload
[2026-07-23 19:36:10] [INFO] Connection established to message queue
[2026-07-23 19:36:10] [INFO] User admin logged in from 192.168.1.100
[2026-07-23 19:36:14] [INFO] System started successfully
[2026-07-23 19:36:14] [INFO] Successfully processed background job #4912
[2026-07-23 19:36:19] [INFO] Connection established to message queue
[2026-07-23 19:36:23] [INFO] Handling user request for /api/v1/data
[2026-07-23 19:36:28] [INFO] Cache hit for key user_profile_123
[2026-07-23 19:36:31] [INFO] Connection established to message queue
[2026-07-23 19:36:34] [INFO] User admin logged in from 192.168.1.100
[2026-07-23 19:36:37] [INFO] User admin logged in from 192.168.1.100
[2026-07-23 19:36:38] [INFO] Handling user request for /api/v1/data
[2026-07-23 19:36:42] [INFO] Connection established to message queue
[2026-07-23 19:36:45] [INFO] Handling user request for /api/v1/data
[2026-07-23 19:36:46] [DEBUG] Session token refreshed
[2026-07-23 19:36:47] [DEBUG] Initializing cache manager
[2026-07-23 19:36:51] [INFO] System started successfully
[2026-07-23 19:36:51] [INFO] Successfully processed background job #4912
[2026-07-23 19:36:55] [INFO] System started successfully
[2026-07-23 19:36:58] [INFO] User admin logged in from 192.168.1.100
[2026-07-23 19:37:00] [INFO] Connection established to message queue
[2026-07-23 19:37:03] [INFO] Connection established to message queue
[2026-07-23 19:37:05] [INFO] System started successfully
[2026-07-23 19:37:07] [INFO] Successfully processed background job #4912
[2026-07-23 19:37:07] [INFO] System started successfully
[2026-07-23 19:37:08] [INFO] User admin logged in from 192.168.1.100
[2026-07-23 19:37:09] [INFO] Cache hit for key user_profile_123
[2026-07-23 19:37:12] [INFO] Cache hit for key user_profile_123
[2026-07-23 19:37:13] [INFO] User admin logged in from 192.168.1.100
[2026-07-23 19:37:14] [INFO] Cache hit for key user_profile_123
[2026-07-23 19:37:16] [INFO] System started successfully
[2026-07-23 19:37:20] [INFO] Connection established to message queue
[2026-07-23 19:37:24] [INFO] User admin logged in from 192.168.1.100
[2026-07-23 19:37:27] [DEBUG] Fetching row 4021 from database
[2026-07-23 19:37:28] [INFO] User admin logged in from 192.168.1.100
[2026-07-23 19:37:29] [INFO] Handling user request for /api/v1/data
[2026-07-23 19:37:32] [ERROR] Authentication failed for user guest
[2026-07-23 19:37:33] [INFO] User admin logged in from 192.168.1.100
[2026-07-23 19:37:36] [INFO] Connection established to message queue
[2026-07-23 19:37:38] [INFO] Handling user request for /api/v1/data
[2026-07-23 19:37:40] [INFO] Connection established to message queue
[2026-07-23 19:37:45] [WARNING] Rate limit approaching for IP 10.0.0.55
[2026-07-23 19:37:48] [INFO] Successfully processed background job #4912
[2026-07-23 19:37:52] [DEBUG] Parsing JSON payload
[2026-07-23 19:37:52] [INFO] Connection established to message queue
[2026-07-23 19:37:56] [DEBUG] Session token refreshed
[2026-07-23 19:37:57] [INFO] System started successfully
[2026-07-23 19:37:59] [WARNING] High memory usage detected (85%)
[2026-07-23 19:38:03] [ERROR] Invalid password provided for account admin
[2026-07-23 19:38:07] [INFO] Cache hit for key user_profile_123
[2026-07-23 19:38:11] [INFO] User admin logged in from 192.168.1.100
[2026-07-23 19:38:12] [INFO] System started successfully
[2026-07-23 19:38:14] [INFO] System started successfully
[2026-07-23 19:38:14] [ERROR] Database connection failed: Connection refused
[2026-07-23 19:38:18] [INFO] User admin logged in from 192.168.1.100
[2026-07-23 19:38:21] [INFO] Connection established to message queue
[2026-07-23 19:38:22] [INFO] User admin logged in from 192.168.1.100
[2026-07-23 19:38:25] [INFO] System started successfully
[2026-07-23 19:38:25] [INFO] Connection established to message queue
[2026-07-23 19:38:30] [INFO] User admin logged in from 192.168.1.100
[2026-07-23 19:38:34] [INFO] User admin logged in from 192.168.1.100
[2026-07-23 19:38:34] [INFO] Connection established to message queue
[2026-07-23 19:38:36] [DEBUG] Initializing cache manager
[2026-07-23 19:38:40] [INFO] User admin logged in from 192.168.1.100
[2026-07-23 19:38:45] [INFO] Successfully processed background job #4912
[2026-07-23 19:38:49] [INFO] System started successfully
[2026-07-23 19:38:54] [INFO] Successfully processed background job #4912
[2026-07-23 19:38:54] [WARNING] High memory usage detected (85%)
[2026-07-23 19:38:58] [INFO] Cache hit for key user_profile_123
[2026-07-23 19:39:03] [INFO] System started successfully
[2026-07-23 19:39:04] [INFO] System started successfully
[2026-07-23 19:39:05] [INFO] Handling user request for /api/v1/data
[2026-07-23 19:39:08] [INFO] System started successfully
[2026-07-23 19:39:12] [DEBUG] Session token refreshed
[2026-07-23 19:39:12] [INFO] Handling user request for /api/v1/data
[2026-07-23 19:39:15] [INFO] Connection established to message queue
[2026-07-23 19:39:19] [WARNING] Deprecated API usage detected in legacy_module.py
[2026-07-23 19:39:23] [INFO] Successfully processed background job #4912
[2026-07-23 19:39:25] [INFO] Cache hit for key user_profile_123
[2026-07-23 19:39:30] [INFO] Successfully processed background job #4912
[2026-07-23 19:39:33] [INFO] Handling user request for /api/v1/data
[2026-07-23 19:39:36] [INFO] Connection established to message queue
[2026-07-23 19:39:41] [DEBUG] Parsing JSON payload
[2026-07-23 19:39:44] [DEBUG] Session token refreshed
[2026-07-23 19:39:49] [INFO] Handling user request for /api/v1/data
[2026-07-23 19:39:52] [WARNING] High memory usage detected (85%)
[2026-07-23 19:39:55] [DEBUG] Initializing cache manager
[2026-07-23 19:39:59] [INFO] Connection established to message queue
[2026-07-23 19:40:00] [INFO] User admin logged in from 192.168.1.100
[2026-07-23 19:40:00] [ERROR] Database connection failed: Connection refused
[2026-07-23 19:40:05] [WARNING] High memory usage detected (85%)
[2026-07-23 19:40:09] [DEBUG] Session token refreshed
[2026-07-23 19:40:13] [DEBUG] Session token refreshed
[2026-07-23 19:40:17] [INFO] System started successfully
[2026-07-23 19:40:21] [INFO] User admin logged in from 192.168.1.100
[2026-07-23 19:40:23] [INFO] User admin logged in from 192.168.1.100
[2026-07-23 19:40:26] [INFO] Successfully processed background job #4912
[2026-07-23 19:40:30] [INFO] Connection established to message queue
[2026-07-23 19:40:35] [WARNING] Deprecated API usage detected in legacy_module.py
[2026-07-23 19:40:37] [INFO] Cache hit for key user_profile_123
[2026-07-23 19:40:37] [INFO] User admin logged in from 192.168.1.100
[2026-07-23 19:40:38] [INFO] Handling user request for /api/v1/data
[2026-07-23 19:40:40] [INFO] Connection established to message queue
[2026-07-23 19:40:42] [INFO] Cache hit for key user_profile_123
[2026-07-23 19:40:46] [DEBUG] Initializing cache manager
[2026-07-23 19:40:50] [INFO] Successfully processed background job #4912
[2026-07-23 19:40:55] [WARNING] Deprecated API usage detected in legacy_module.py
[2026-07-23 19:40:58] [INFO] Connection established to message queue
[2026-07-23 19:41:02] [INFO] User admin logged in from 192.168.1.100
[2026-07-23 19:41:04] [INFO] User admin logged in from 192.168.1.100
[2026-07-23 19:41:07] [INFO] Cache hit for key user_profile_123
[2026-07-23 19:41:09] [INFO] Handling user request for /api/v1/data
[2026-07-23 19:41:12] [INFO] User admin logged in from 192.168.1.100
[2026-07-23 19:41:13] [DEBUG] Session token refreshed
[2026-07-23 19:41:18] [INFO] Handling user request for /api/v1/data
[2026-07-23 19:41:18] [INFO] Cache hit for key user_profile_123
[2026-07-23 19:41:20] [CRITICAL] Disk space exhausted on /var/log
[2026-07-23 19:41:21] [INFO] Cache hit for key user_profile_123
[2026-07-23 19:41:21] [INFO] System started successfully
[2026-07-23 19:41:24] [ERROR] NullPointerException in DataProcessor class
[2026-07-23 19:41:24] [INFO] Connection established to message queue
[2026-07-23 19:41:29] [INFO] System started successfully
[2026-07-23 19:41:31] [DEBUG] Session token refreshed
[2026-07-23 19:41:35] [INFO] System started successfully
[2026-07-23 19:41:39] [ERROR] Authentication failed for user guest
[2026-07-23 19:41:42] [INFO] Connection established to message queue
[2026-07-23 19:41:43] [INFO] User admin logged in from 192.168.1.100
[2026-07-23 19:41:47] [INFO] Successfully processed background job #4912
[2026-07-23 19:41:49] [INFO] System started successfully
[2026-07-23 19:41:51] [INFO] Connection established to message queue
[2026-07-23 19:41:52] [INFO] System started successfully
[2026-07-23 19:41:54] [ERROR] MySQL Error: Deadlock found when trying to get lock
[2026-07-23 19:41:58] [DEBUG] Fetching row 4021 from database
[2026-07-23 19:42:03] [INFO] Connection established to message queue
[2026-07-23 19:42:03] [INFO] Connection established to message queue
[2026-07-23 19:42:07] [INFO] User admin logged in from 192.168.1.100
[2026-07-23 19:42:12] [INFO] Cache hit for key user_profile_123
[2026-07-23 19:42:13] [DEBUG] Parsing JSON payload
[2026-07-23 19:42:16] [INFO] Handling user request for /api/v1/data
[2026-07-23 19:42:18] [INFO] Successfully processed background job #4912
[2026-07-23 19:42:19] [INFO] User admin logged in from 192.168.1.100
[2026-07-23 19:42:22] [INFO] Cache hit for key user_profile_123
[2026-07-23 19:42:23] [INFO] System started successfully
[2026-07-23 19:42:24] [INFO] System started successfully
[2026-07-23 19:42:25] [INFO] Connection established to message queue
[2026-07-23 19:42:27] [DEBUG] Initializing cache manager
[2026-07-23 19:42:27] [WARNING] High memory usage detected (85%)
[2026-07-23 19:42:31] [INFO] User admin logged in from 192.168.1.100
[2026-07-23 19:42:33] [DEBUG] Initializing cache manager
[2026-07-23 19:42:36] [DEBUG] Session token refreshed
[2026-07-23 19:42:39] [INFO] Cache hit for key user_profile_123
[2026-07-23 19:42:43] [WARNING] High memory usage detected (85%)
[2026-07-23 19:42:48] [INFO] Connection established to message queue
[2026-07-23 19:42:48] [INFO] Cache hit for key user_profile_123
[2026-07-23 19:42:53] [INFO] System started successfully
[2026-07-23 19:42:57] [INFO] Cache hit for key user_profile_123
[2026-07-23 19:43:00] [WARNING] High memory usage detected (85%)
[2026-07-23 19:43:01] [INFO] Connection established to message queue
[2026-07-23 19:43:06] [INFO] System started successfully
[2026-07-23 19:43:11] [INFO] Cache hit for key user_profile_123
[2026-07-23 19:43:14] [CRITICAL] Timeout while waiting for external service after 30000ms
[2026-07-23 19:43:14] [INFO] User admin logged in from 192.168.1.100
[2026-07-23 19:43:17] [DEBUG] Initializing cache manager
[2026-07-23 19:43:20] [DEBUG] Session token refreshed
[2026-07-23 19:43:22] [INFO] Successfully processed background job #4912
[2026-07-23 19:43:27] [INFO] Cache hit for key user_profile_123
[2026-07-23 19:43:31] [INFO] Cache hit for key user_profile_123
[2026-07-23 19:43:35] [WARNING] High memory usage detected (85%)
[2026-07-23 19:43:35] [INFO] Cache hit for key user_profile_123
[2026-07-23 19:43:38] [INFO] Handling user request for /api/v1/data
[2026-07-23 19:43:40] [INFO] Handling user request for /api/v1/data
[2026-07-23 19:43:42] [INFO] System started successfully
[2026-07-23 19:43:44] [INFO] Connection established to message queue
[2026-07-23 19:43:46] [WARNING] Rate limit approaching for IP 10.0.0.55
[2026-07-23 19:43:49] [DEBUG] Session token refreshed
[2026-07-23 19:43:52] [DEBUG] Fetching row 4021 from database
[2026-07-23 19:43:55] [INFO] Handling user request for /api/v1/data
[2026-07-23 19:43:56] [ERROR] MySQL Error: Deadlock found when trying to get lock
[2026-07-23 19:44:00] [INFO] Successfully processed background job #4912
[2026-07-23 19:44:04] [INFO] User admin logged in from 192.168.1.100
[2026-07-23 19:44:08] [INFO] System started successfully
[2026-07-23 19:44:11] [INFO] Cache hit for key user_profile_123
[2026-07-23 19:44:13] [INFO] User admin logged in from 192.168.1.100
[2026-07-23 19:44:15] [INFO] Handling user request for /api/v1/data
[2026-07-23 19:44:18] [DEBUG] Session token refreshed
[2026-07-23 19:44:19] [INFO] User admin logged in from 192.168.1.100
[2026-07-23 19:44:23] [INFO] System started successfully
[2026-07-23 19:44:26] [ERROR] MySQL Error: Deadlock found when trying to get lock
[2026-07-23 19:44:26] [DEBUG] Parsing JSON payload
[2026-07-23 19:44:28] [ERROR] Authentication failed for user guest
[2026-07-23 19:44:29] [WARNING] Deprecated API usage detected in legacy_module.py
[2026-07-23 19:44:30] [WARNING] Deprecated API usage detected in legacy_module.py
[2026-07-23 19:44:33] [WARNING] Rate limit approaching for IP 10.0.0.55
[2026-07-23 19:44:34] [INFO] Connection established to message queue
[2026-07-23 19:44:36] [ERROR] MySQL Error: Deadlock found when trying to get lock
[2026-07-23 19:44:36] [WARNING] Rate limit approaching for IP 10.0.0.55
[2026-07-23 19:44:41] [INFO] Cache hit for key user_profile_123
[2026-07-23 19:44:44] [DEBUG] Parsing JSON payload
[2026-07-23 19:44:45] [INFO] User admin logged in from 192.168.1.100
[2026-07-23 19:44:48] [INFO] Connection established to message queue
[2026-07-23 19:44:48] [INFO] User admin logged in from 192.168.1.100
[2026-07-23 19:44:52] [DEBUG] Parsing JSON payload
[2026-07-23 19:44:55] [INFO] Handling user request for /api/v1/data
[2026-07-23 19:45:00] [WARNING] Rate limit approaching for IP 10.0.0.55
[2026-07-23 19:45:00] [INFO] Cache hit for key user_profile_123
[2026-07-23 19:45:02] [DEBUG] Parsing JSON payload
[2026-07-23 19:45:07] [INFO] Cache hit for key user_profile_123
[2026-07-23 19:45:07] [INFO] User admin logged in from 192.168.1.100
[2026-07-23 19:45:08] [WARNING] Rate limit approaching for IP 10.0.0.55
[2026-07-23 19:45:09] [INFO] User admin logged in from 192.168.1.100
[2026-07-23 19:45:11] [INFO] Cache hit for key user_profile_123
[2026-07-23 19:45:13] [INFO] Handling user request for /api/v1/data
[2026-07-23 19:45:17] [INFO] User admin logged in from 192.168.1.100
[2026-07-23 19:45:19] [INFO] User admin logged in from 192.168.1.100
[2026-07-23 19:45:22] [INFO] User admin logged in from 192.168.1.100
[2026-07-23 19:45:26] [INFO] Successfully processed background job #4912
[2026-07-23 19:45:31] [INFO] System started successfully
[2026-07-23 19:45:32] [INFO] System started successfully
[2026-07-23 19:45:36] [INFO] Handling user request for /api/v1/data
[2026-07-23 19:45:38] [INFO] System started successfully
[2026-07-23 19:45:40] [INFO] Connection established to message queue
[2026-07-23 19:45:44] [WARNING] Rate limit approaching for IP 10.0.0.55
[2026-07-23 19:45:48] [INFO] System started successfully
[2026-07-23 19:45:53] [INFO] System started successfully
[2026-07-23 19:45:55] [INFO] Handling user request for /api/v1/data
[2026-07-23 19:45:57] [INFO] Cache hit for key user_profile_123
[2026-07-23 19:45:57] [INFO] Successfully processed background job #4912
[2026-07-23 19:46:02] [INFO] System started successfully
[2026-07-23 19:46:06] [WARNING] Rate limit approaching for IP 10.0.0.55
[2026-07-23 19:46:08] [INFO] Handling user request for /api/v1/data
[2026-07-23 19:46:12] [WARNING] Rate limit approaching for IP 10.0.0.55
[2026-07-23 19:46:17] [INFO] System started successfully
[2026-07-23 19:46:21] [INFO] Handling user request for /api/v1/data
[2026-07-23 19:46:25] [WARNING] Rate limit approaching for IP 10.0.0.55
[2026-07-23 19:46:26] [DEBUG] Initializing cache manager
[2026-07-23 19:46:30] [ERROR] Database connection failed: Connection refused
[2026-07-23 19:46:32] [INFO] User admin logged in from 192.168.1.100
[2026-07-23 19:46:35] [DEBUG] Initializing cache manager
[2026-07-23 19:46:39] [INFO] Cache hit for key user_profile_123
[2026-07-23 19:46:42] [INFO] Connection established to message queue
[2026-07-23 19:46:47] [INFO] User admin logged in from 192.168.1.100
[2026-07-23 19:46:51] [INFO] System started successfully
[2026-07-23 19:46:56] [DEBUG] Fetching row 4021 from database
[2026-07-23 19:46:58] [INFO] Successfully processed background job #4912
[2026-07-23 19:47:02] [ERROR] MySQL Error: Deadlock found when trying to get lock
[2026-07-23 19:47:02] [INFO] Handling user request for /api/v1/data
[2026-07-23 19:47:07] [INFO] Handling user request for /api/v1/data
[2026-07-23 19:47:11] [INFO] Connection established to message queue
[2026-07-23 19:47:15] [INFO] System started successfully
[2026-07-23 19:47:17] [INFO] Connection established to message queue
[2026-07-23 19:47:20] [DEBUG] Session token refreshed
[2026-07-23 19:47:25] [INFO] Connection established to message queue
[2026-07-23 19:47:26] [ERROR] MySQL Error: Deadlock found when trying to get lock
[2026-07-23 19:47:26] [INFO] User admin logged in from 192.168.1.100
[2026-07-23 19:47:29] [INFO] Handling user request for /api/v1/data
[2026-07-23 19:47:32] [WARNING] Rate limit approaching for IP 10.0.0.55
[2026-07-23 19:47:32] [INFO] Successfully processed background job #4912
[2026-07-23 19:47:34] [INFO] Connection established to message queue
[2026-07-23 19:47:39] [INFO] User admin logged in from 192.168.1.100
[2026-07-23 19:47:43] [WARNING] Rate limit approaching for IP 10.0.0.55
[2026-07-23 19:47:47] [INFO] System started successfully
[2026-07-23 19:47:48] [DEBUG] Parsing JSON payload
[2026-07-23 19:47:51] [DEBUG] Parsing JSON payload
[2026-07-23 19:47:52] [WARNING] Rate limit approaching for IP 10.0.0.55
[2026-07-23 19:47:55] [INFO] Successfully processed background job #4912
[2026-07-23 19:47:59] [WARNING] Deprecated API usage detected in legacy_module.py
[2026-07-23 19:48:00] [INFO] Handling user request for /api/v1/data
[2026-07-23 19:48:01] [INFO] Successfully processed background job #4912
[2026-07-23 19:48:02] [INFO] System started successfully
[2026-07-23 19:48:05] [INFO] System started successfully
[2026-07-23 19:48:06] [INFO] Cache hit for key user_profile_123
[2026-07-23 19:48:11] [DEBUG] Initializing cache manager
[2026-07-23 19:48:15] [DEBUG] Fetching row 4021 from database
[2026-07-23 19:48:19] [INFO] Handling user request for /api/v1/data
[2026-07-23 19:48:23] [INFO] Connection established to message queue
[2026-07-23 19:48:24] [INFO] Handling user request for /api/v1/data
[2026-07-23 19:48:26] [INFO] System started successfully
[2026-07-23 19:48:28] [DEBUG] Initializing cache manager
[2026-07-23 19:48:30] [INFO] Connection established to message queue
[2026-07-23 19:48:32] [WARNING] Deprecated API usage detected in legacy_module.py
[2026-07-23 19:48:35] [INFO] Successfully processed background job #4912
[2026-07-23 19:48:36] [INFO] Connection established to message queue
[2026-07-23 19:48:38] [INFO] Connection established to message queue
[2026-07-23 19:48:41] [INFO] System started successfully
[2026-07-23 19:48:44] [WARNING] Deprecated API usage detected in legacy_module.py
[2026-07-23 19:48:46] [INFO] Successfully processed background job #4912
[2026-07-23 19:48:49] [INFO] Connection established to message queue
[2026-07-23 19:48:51] [INFO] Handling user request for /api/v1/data
[2026-07-23 19:48:53] [INFO] Cache hit for key user_profile_123
[2026-07-23 19:48:57] [DEBUG] Parsing JSON payload
[2026-07-23 19:48:58] [WARNING] Rate limit approaching for IP 10.0.0.55
[2026-07-23 19:49:00] [WARNING] Rate limit approaching for IP 10.0.0.55
[2026-07-23 19:49:01] [INFO] Cache hit for key user_profile_123
[2026-07-23 19:49:02] [INFO] Cache hit for key user_profile_123
[2026-07-23 19:49:03] [CRITICAL] Service crashed with exit code 137
[2026-07-23 19:49:05] [INFO] Successfully processed background job #4912
[2026-07-23 19:49:09] [INFO] Successfully processed background job #4912
[2026-07-23 19:49:11] [WARNING] High memory usage detected (85%)
[2026-07-23 19:49:14] [INFO] Handling user request for /api/v1/data
[2026-07-23 19:49:17] [INFO] System started successfully
[2026-07-23 19:49:19] [WARNING] High memory usage detected (85%)
[2026-07-23 19:49:22] [WARNING] Deprecated API usage detected in legacy_module.py
[2026-07-23 19:49:25] [INFO] Cache hit for key user_profile_123
[2026-07-23 19:49:30] [INFO] Cache hit for key user_profile_123
[2026-07-23 19:49:32] [INFO] Cache hit for key user_profile_123
[2026-07-23 19:49:33] [INFO] Connection established to message queue
[2026-07-23 19:49:34] [WARNING] Rate limit approaching for IP 10.0.0.55
[2026-07-23 19:49:36] [DEBUG] Fetching row 4021 from database
[2026-07-23 19:49:40] [INFO] User admin logged in from 192.168.1.100
[2026-07-23 19:49:43] [INFO] System started successfully
[2026-07-23 19:49:45] [WARNING] High memory usage detected (85%)
[2026-07-23 19:49:46] [WARNING] Deprecated API usage detected in legacy_module.py
[2026-07-23 19:49:51] [DEBUG] Session token refreshed
[2026-07-23 19:49:53] [DEBUG] Parsing JSON payload
[2026-07-23 19:49:55] [INFO] System started successfully
[2026-07-23 19:49:57] [INFO] Connection established to message queue
[2026-07-23 19:49:57] [INFO] Connection established to message queue
[2026-07-23 19:50:00] [WARNING] Rate limit approaching for IP 10.0.0.55
[2026-07-23 19:50:02] [INFO] User admin logged in from 192.168.1.100
[2026-07-23 19:50:02] [INFO] System started successfully
[2026-07-23 19:50:05] [INFO] User admin logged in from 192.168.1.100
[2026-07-23 19:50:10] [DEBUG] Session token refreshed
[2026-07-23 19:50:11] [INFO] Cache hit for key user_profile_123
[2026-07-23 19:50:13] [DEBUG] Fetching row 4021 from database
[2026-07-23 19:50:17] [INFO] Connection established to message queue
[2026-07-23 19:50:17] [INFO] System started successfully
[2026-07-23 19:50:20] [INFO] User admin logged in from 192.168.1.100
[2026-07-23 19:50:20] [WARNING] High memory usage detected (85%)
[2026-07-23 19:50:20] [INFO] User admin logged in from 192.168.1.100
[2026-07-23 19:50:24] [WARNING] High memory usage detected (85%)
[2026-07-23 19:50:26] [INFO] Successfully processed background job #4912
[2026-07-23 19:50:28] [INFO] System started successfully
[2026-07-23 19:50:30] [INFO] Cache hit for key user_profile_123
[2026-07-23 19:50:34] [DEBUG] Fetching row 4021 from database
[2026-07-23 19:50:35] [DEBUG] Fetching row 4021 from database
[2026-07-23 19:50:38] [WARNING] Deprecated API usage detected in legacy_module.py
[2026-07-23 19:50:41] [INFO] Handling user request for /api/v1/data
[2026-07-23 19:50:46] [INFO] Handling user request for /api/v1/data
[2026-07-23 19:50:47] [INFO] Handling user request for /api/v1/data
[2026-07-23 19:50:51] [INFO] Connection established to message queue
[2026-07-23 19:50:53] [INFO] Cache hit for key user_profile_123
[2026-07-23 19:50:57] [INFO] Connection established to message queue
[2026-07-23 19:51:01] [DEBUG] Parsing JSON payload
[2026-07-23 19:51:06] [INFO] Connection established to message queue
[2026-07-23 19:51:08] [INFO] Cache hit for key user_profile_123
[2026-07-23 19:51:12] [DEBUG] Fetching row 4021 from database
[2026-07-23 19:51:15] [INFO] User admin logged in from 192.168.1.100
[2026-07-23 19:51:20] [DEBUG] Parsing JSON payload
[2026-07-23 19:51:20] [INFO] Successfully processed background job #4912
[2026-07-23 19:51:24] [INFO] Cache hit for key user_profile_123
[2026-07-23 19:51:29] [INFO] Cache hit for key user_profile_123
[2026-07-23 19:51:33] [CRITICAL] Timeout while waiting for external service after 30000ms
[2026-07-23 19:51:37] [INFO] User admin logged in from 192.168.1.100
[2026-07-23 19:51:38] [INFO] Successfully processed background job #4912
[2026-07-23 19:51:38] [WARNING] Deprecated API usage detected in legacy_module.py
[2026-07-23 19:51:38] [CRITICAL] Disk space exhausted on /var/log
[2026-07-23 19:51:42] [INFO] System started successfully
[2026-07-23 19:51:44] [DEBUG] Fetching row 4021 from database
[2026-07-23 19:51:48] [INFO] Connection established to message queue
[2026-07-23 19:51:52] [INFO] User admin logged in from 192.168.1.100
[2026-07-23 19:51:56] [INFO] System started successfully
[2026-07-23 19:51:56] [INFO] Successfully processed background job #4912
[2026-07-23 19:51:56] [INFO] Handling user request for /api/v1/data
[2026-07-23 19:51:59] [INFO] Connection established to message queue
[2026-07-23 19:52:00] [INFO] User admin logged in from 192.168.1.100
[2026-07-23 19:52:01] [INFO] Successfully processed background job #4912
[2026-07-23 19:52:02] [INFO] System started successfully
[2026-07-23 19:52:06] [WARNING] High memory usage detected (85%)
[2026-07-23 19:52:09] [INFO] Connection established to message queue
[2026-07-23 19:52:11] [INFO] Cache hit for key user_profile_123
[2026-07-23 19:52:15] [DEBUG] Parsing JSON payload
[2026-07-23 19:52:16] [DEBUG] Initializing cache manager
[2026-07-23 19:52:20] [INFO] Successfully processed background job #4912
[2026-07-23 19:52:23] [DEBUG] Fetching row 4021 from database
[2026-07-23 19:52:28] [ERROR] MySQL Error: Deadlock found when trying to get lock
[2026-07-23 19:52:31] [INFO] Connection established to message queue
[2026-07-23 19:52:32] [INFO] Cache hit for key user_profile_123
[2026-07-23 19:52:33] [DEBUG] Fetching row 4021 from database
[2026-07-23 19:52:37] [INFO] System started successfully
[2026-07-23 19:52:40] [ERROR] Invalid password provided for account admin
[2026-07-23 19:52:44] [INFO] Handling user request for /api/v1/data
[2026-07-23 19:52:44] [INFO] Successfully processed background job #4912
[2026-07-23 19:52:49] [INFO] User admin logged in from 192.168.1.100
[2026-07-23 19:52:51] [INFO] User admin logged in from 192.168.1.100
[2026-07-23 19:52:53] [WARNING] Rate limit approaching for IP 10.0.0.55
[2026-07-23 19:52:57] [INFO] Handling user request for /api/v1/data
[2026-07-23 19:52:59] [INFO] Cache hit for key user_profile_123
[2026-07-23 19:52:59] [INFO] Connection established to message queue
[2026-07-23 19:53:03] [CRITICAL] Timeout while waiting for external service after 30000ms
[2026-07-23 19:53:04] [INFO] System started successfully
[2026-07-23 19:53:08] [DEBUG] Fetching row 4021 from database
[2026-07-23 19:53:09] [INFO] Connection established to message queue
[2026-07-23 19:53:14] [INFO] Handling user request for /api/v1/data
[2026-07-23 19:53:16] [WARNING] Rate limit approaching for IP 10.0.0.55
[2026-07-23 19:53:19] [INFO] Handling user request for /api/v1/data
[2026-07-23 19:53:22] [INFO] Successfully processed background job #4912
[2026-07-23 19:53:26] [DEBUG] Parsing JSON payload
[2026-07-23 19:53:28] [CRITICAL] Timeout while waiting for external service after 30000ms
[2026-07-23 19:53:33] [DEBUG] Parsing JSON payload
[2026-07-23 19:53:36] [INFO] Cache hit for key user_profile_123
[2026-07-23 19:53:39] [WARNING] Deprecated API usage detected in legacy_module.py
[2026-07-23 19:53:42] [INFO] Successfully processed background job #4912
[2026-07-23 19:53:45] [INFO] System started successfully
[2026-07-23 19:53:45] [INFO] Successfully processed background job #4912
[2026-07-23 19:53:50] [INFO] Successfully processed background job #4912
[2026-07-23 19:53:51] [WARNING] Rate limit approaching for IP 10.0.0.55
[2026-07-23 19:53:53] [DEBUG] Parsing JSON payload
[2026-07-23 19:53:53] [INFO] System started successfully
[2026-07-23 19:53:54] [INFO] System started successfully
[2026-07-23 19:53:58] [INFO] Successfully processed background job #4912
[2026-07-23 19:54:00] [INFO] Handling user request for /api/v1/data
[2026-07-23 19:54:03] [INFO] Successfully processed background job #4912
[2026-07-23 19:54:08] [INFO] Cache hit for key user_profile_123
[2026-07-23 19:54:12] [INFO] System started successfully
[2026-07-23 19:54:13] [INFO] System started successfully
[2026-07-23 19:54:15] [DEBUG] Initializing cache manager
[2026-07-23 19:54:19] [INFO] Cache hit for key user_profile_123
[2026-07-23 19:54:21] [INFO] Connection established to message queue
[2026-07-23 19:54:23] [INFO] System started successfully
[2026-07-23 19:54:25] [INFO] Handling user request for /api/v1/data
[2026-07-23 19:54:28] [INFO] User admin logged in from 192.168.1.100
[2026-07-23 19:54:31] [INFO] Cache hit for key user_profile_123
[2026-07-23 19:54:35] [ERROR] MySQL Error: Deadlock found when trying to get lock
[2026-07-23 19:54:36] [INFO] Connection established to message queue
[2026-07-23 19:54:40] [INFO] Handling user request for /api/v1/data
[2026-07-23 19:54:44] [INFO] System started successfully
[2026-07-23 19:54:46] [DEBUG] Initializing cache manager
[2026-07-23 19:54:47] [INFO] Connection established to message queue
[2026-07-23 19:54:48] [INFO] System started successfully
[2026-07-23 19:54:51] [INFO] Cache hit for key user_profile_123
[2026-07-23 19:54:51] [INFO] Cache hit for key user_profile_123
[2026-07-23 19:54:52] [WARNING] High memory usage detected (85%)
[2026-07-23 19:54:57] [INFO] Successfully processed background job #4912
[2026-07-23 19:54:57] [ERROR] MySQL Error: Deadlock found when trying to get lock
[2026-07-23 19:54:59] [INFO] Connection established to message queue
[2026-07-23 19:54:59] [INFO] Cache hit for key user_profile_123
[2026-07-23 19:55:03] [DEBUG] Fetching row 4021 from database
[2026-07-23 19:55:06] [INFO] Cache hit for key user_profile_123
[2026-07-23 19:55:07] [INFO] Cache hit for key user_profile_123
[2026-07-23 19:55:09] [INFO] User admin logged in from 192.168.1.100
[2026-07-23 19:55:14] [INFO] Cache hit for key user_profile_123
[2026-07-23 19:55:14] [INFO] Connection established to message queue
[2026-07-23 19:55:18] [INFO] Handling user request for /api/v1/data
[2026-07-23 19:55:19] [INFO] Cache hit for key user_profile_123
[2026-07-23 19:55:22] [INFO] User admin logged in from 192.168.1.100
[2026-07-23 19:55:24] [DEBUG] Session token refreshed
[2026-07-23 19:55:25] [INFO] System started successfully
[2026-07-23 19:55:26] [INFO] User admin logged in from 192.168.1.100
[2026-07-23 19:55:28] [INFO] Connection established to message queue
[2026-07-23 19:55:29] [WARNING] Rate limit approaching for IP 10.0.0.55
[2026-07-23 19:55:31] [INFO] Successfully processed background job #4912
[2026-07-23 19:55:35] [DEBUG] Fetching row 4021 from database
[2026-07-23 19:55:39] [DEBUG] Fetching row 4021 from database
[2026-07-23 19:55:43] [INFO] Cache hit for key user_profile_123
[2026-07-23 19:55:46] [DEBUG] Initializing cache manager
[2026-07-23 19:55:50] [INFO] Successfully processed background job #4912
[2026-07-23 19:55:50] [WARNING] Deprecated API usage detected in legacy_module.py
[2026-07-23 19:55:52] [WARNING] Deprecated API usage detected in legacy_module.py
[2026-07-23 19:55:56] [INFO] System started successfully
[2026-07-23 19:55:57] [INFO] System started successfully
[2026-07-23 19:56:00] [INFO] System started successfully
[2026-07-23 19:56:03] [INFO] User admin logged in from 192.168.1.100
[2026-07-23 19:56:03] [INFO] System started successfully
[2026-07-23 19:56:08] [INFO] Handling user request for /api/v1/data
[2026-07-23 19:56:09] [DEBUG] Fetching row 4021 from database
[2026-07-23 19:56:10] [INFO] User admin logged in from 192.168.1.100
[2026-07-23 19:56:11] [INFO] System started successfully
[2026-07-23 19:56:11] [DEBUG] Session token refreshed
[2026-07-23 19:56:14] [INFO] Connection established to message queue
[2026-07-23 19:56:16] [INFO] User admin logged in from 192.168.1.100
[2026-07-23 19:56:21] [WARNING] High memory usage detected (85%)
[2026-07-23 19:56:25] [INFO] Handling user request for /api/v1/data
[2026-07-23 19:56:27] [INFO] Successfully processed background job #4912
[2026-07-23 19:56:29] [INFO] System started successfully
[2026-07-23 19:56:29] [INFO] User admin logged in from 192.168.1.100
[2026-07-23 19:56:31] [INFO] System started successfully
[2026-07-23 19:56:36] [INFO] Cache hit for key user_profile_123
[2026-07-23 19:56:39] [INFO] Handling user request for /api/v1/data
[2026-07-23 19:56:43] [INFO] Successfully processed background job #4912
[2026-07-23 19:56:47] [INFO] System started successfully
[2026-07-23 19:56:50] [INFO] Successfully processed background job #4912
[2026-07-23 19:56:51] [INFO] Connection established to message queue
[2026-07-23 19:56:56] [INFO] System started successfully
[2026-07-23 19:56:59] [INFO] Cache hit for key user_profile_123
[2026-07-23 19:57:04] [INFO] User admin logged in from 192.168.1.100
[2026-07-23 19:57:05] [INFO] User admin logged in from 192.168.1.100
[2026-07-23 19:57:09] [INFO] Cache hit for key user_profile_123
[2026-07-23 19:57:13] [INFO] System started successfully
[2026-07-23 19:57:15] [INFO] Successfully processed background job #4912
[2026-07-23 19:57:19] [INFO] Connection established to message queue
[2026-07-23 19:57:21] [INFO] Handling user request for /api/v1/data
[2026-07-23 19:57:23] [INFO] Connection established to message queue
[2026-07-23 19:57:25] [INFO] System started successfully
[2026-07-23 19:57:30] [DEBUG] Initializing cache manager
[2026-07-23 19:57:35] [DEBUG] Initializing cache manager
[2026-07-23 19:57:36] [INFO] System started successfully
[2026-07-23 19:57:38] [INFO] Successfully processed background job #4912
[2026-07-23 19:57:38] [INFO] Handling user request for /api/v1/data
[2026-07-23 19:57:43] [WARNING] High memory usage detected (85%)
[2026-07-23 19:57:45] [INFO] Handling user request for /api/v1/data
[2026-07-23 19:57:47] [DEBUG] Session token refreshed
[2026-07-23 19:57:50] [DEBUG] Fetching row 4021 from database
[2026-07-23 19:57:53] [WARNING] Deprecated API usage detected in legacy_module.py
[2026-07-23 19:57:55] [DEBUG] Parsing JSON payload
[2026-07-23 19:57:57] [DEBUG] Session token refreshed
[2026-07-23 19:58:01] [INFO] System started successfully
[2026-07-23 19:58:02] [DEBUG] Parsing JSON payload
[2026-07-23 19:58:04] [INFO] Cache hit for key user_profile_123
[2026-07-23 19:58:05] [INFO] Successfully processed background job #4912
[2026-07-23 19:58:05] [INFO] Cache hit for key user_profile_123
[2026-07-23 19:58:07] [INFO] Handling user request for /api/v1/data
[2026-07-23 19:58:11] [INFO] Cache hit for key user_profile_123
[2026-07-23 19:58:13] [DEBUG] Session token refreshed
[2026-07-23 19:58:13] [INFO] Cache hit for key user_profile_123
[2026-07-23 19:58:16] [INFO] Successfully processed background job #4912
[2026-07-23 19:58:20] [INFO] System started successfully
[2026-07-23 19:58:24] [DEBUG] Fetching row 4021 from database
[2026-07-23 19:58:25] [INFO] System started successfully
[2026-07-23 19:58:27] [WARNING] Deprecated API usage detected in legacy_module.py
[2026-07-23 19:58:31] [INFO] System started successfully
[2026-07-23 19:58:36] [INFO] System started successfully
[2026-07-23 19:58:38] [INFO] Connection established to message queue
[2026-07-23 19:58:39] [INFO] User admin logged in from 192.168.1.100
[2026-07-23 19:58:42] [INFO] System started successfully
[2026-07-23 19:58:47] [DEBUG] Initializing cache manager
[2026-07-23 19:58:49] [INFO] User admin logged in from 192.168.1.100
[2026-07-23 19:58:49] [INFO] Connection established to message queue
[2026-07-23 19:58:51] [ERROR] MySQL Error: Deadlock found when trying to get lock
[2026-07-23 19:58:55] [INFO] Cache hit for key user_profile_123
[2026-07-23 19:58:58] [INFO] Cache hit for key user_profile_123
[2026-07-23 19:59:02] [ERROR] Invalid password provided for account admin
[2026-07-23 19:59:05] [INFO] Connection established to message queue
[2026-07-23 19:59:09] [INFO] System started successfully
[2026-07-23 19:59:13] [INFO] Handling user request for /api/v1/data
[2026-07-23 19:59:15] [ERROR] Authentication failed for user guest
[2026-07-23 19:59:19] [INFO] Connection established to message queue
[2026-07-23 19:59:19] [INFO] Cache hit for key user_profile_123
[2026-07-23 19:59:22] [INFO] Handling user request for /api/v1/data
[2026-07-23 19:59:26] [INFO] System started successfully
[2026-07-23 19:59:30] [WARNING] High memory usage detected (85%)
[2026-07-23 19:59:32] [INFO] System started successfully
[2026-07-23 19:59:32] [INFO] System started successfully
[2026-07-23 19:59:34] [WARNING] Deprecated API usage detected in legacy_module.py
[2026-07-23 19:59:36] [INFO] Successfully processed background job #4912
[2026-07-23 19:59:40] [INFO] System started successfully
[2026-07-23 19:59:41] [INFO] System started successfully
[2026-07-23 19:59:42] [INFO] Handling user request for /api/v1/data
[2026-07-23 19:59:43] [WARNING] High memory usage detected (85%)
[2026-07-23 19:59:44] [INFO] Connection established to message queue
[2026-07-23 19:59:49] [WARNING] Deprecated API usage detected in legacy_module.py
[2026-07-23 19:59:53] [WARNING] Rate limit approaching for IP 10.0.0.55
[2026-07-23 19:59:56] [ERROR] Invalid password provided for account admin
[2026-07-23 19:59:58] [INFO] System started successfully
[2026-07-23 19:59:59] [ERROR] Invalid password provided for account admin
[2026-07-23 20:00:04] [INFO] Handling user request for /api/v1/data
[2026-07-23 20:00:08] [INFO] User admin logged in from 192.168.1.100
[2026-07-23 20:00:09] [INFO] Successfully processed background job #4912
[2026-07-23 20:00:11] [WARNING] Rate limit approaching for IP 10.0.0.55
[2026-07-23 20:00:11] [INFO] Connection established to message queue
[2026-07-23 20:00:16] [DEBUG] Initializing cache manager
[2026-07-23 20:00:16] [INFO] Cache hit for key user_profile_123
[2026-07-23 20:00:18] [DEBUG] Initializing cache manager
[2026-07-23 20:00:22] [WARNING] High memory usage detected (85%)
[2026-07-23 20:00:26] [WARNING] Deprecated API usage detected in legacy_module.py
[2026-07-23 20:00:30] [WARNING] Rate limit approaching for IP 10.0.0.55
[2026-07-23 20:00:33] [INFO] Connection established to message queue
[2026-07-23 20:00:36] [INFO] System started successfully
[2026-07-23 20:00:39] [INFO] System started successfully
[2026-07-23 20:00:40] [INFO] Connection established to message queue
[2026-07-23 20:00:41] [INFO] System started successfully
[2026-07-23 20:00:45] [DEBUG] Fetching row 4021 from database
[2026-07-23 20:00:46] [DEBUG] Fetching row 4021 from database
[2026-07-23 20:00:49] [INFO] Connection established to message queue
[2026-07-23 20:00:53] [INFO] Connection established to message queue
[2026-07-23 20:00:54] [DEBUG] Parsing JSON payload
[2026-07-23 20:00:56] [INFO] System started successfully
[2026-07-23 20:00:58] [INFO] Cache hit for key user_profile_123
[2026-07-23 20:00:59] [DEBUG] Initializing cache manager
[2026-07-23 20:01:00] [INFO] User admin logged in from 192.168.1.100
[2026-07-23 20:01:01] [INFO] Connection established to message queue
[2026-07-23 20:01:03] [INFO] System started successfully
[2026-07-23 20:01:04] [INFO] System started successfully
[2026-07-23 20:01:07] [INFO] Successfully processed background job #4912
[2026-07-23 20:01:11] [DEBUG] Session token refreshed
[2026-07-23 20:01:15] [WARNING] Rate limit approaching for IP 10.0.0.55
[2026-07-23 20:01:18] [DEBUG] Parsing JSON payload
[2026-07-23 20:01:19] [INFO] System started successfully
[2026-07-23 20:01:20] [INFO] Successfully processed background job #4912
[2026-07-23 20:01:22] [WARNING] Deprecated API usage detected in legacy_module.py
[2026-07-23 20:01:25] [WARNING] Rate limit approaching for IP 10.0.0.55
[2026-07-23 20:01:30] [INFO] User admin logged in from 192.168.1.100
[2026-07-23 20:01:33] [INFO] Handling user request for /api/v1/data
[2026-07-23 20:01:34] [INFO] Connection established to message queue
[2026-07-23 20:01:37] [DEBUG] Session token refreshed
[2026-07-23 20:01:41] [INFO] Successfully processed background job #4912
[2026-07-23 20:01:41] [INFO] Successfully processed background job #4912
[2026-07-23 20:01:44] [INFO] User admin logged in from 192.168.1.100
[2026-07-23 20:01:47] [DEBUG] Session token refreshed
[2026-07-23 20:01:50] [INFO] Handling user request for /api/v1/data
[2026-07-23 20:01:52] [ERROR] Authentication failed for user guest
[2026-07-23 20:01:55] [INFO] User admin logged in from 192.168.1.100
[2026-07-23 20:01:58] [INFO] Successfully processed background job #4912
[2026-07-23 20:02:02] [INFO] System started successfully
[2026-07-23 20:02:03] [INFO] System started successfully
[2026-07-23 20:02:07] [INFO] Cache hit for key user_profile_123
[2026-07-23 20:02:12] [INFO] Successfully processed background job #4912
[2026-07-23 20:02:17] [INFO] Handling user request for /api/v1/data
[2026-07-23 20:02:19] [WARNING] High memory usage detected (85%)
[2026-07-23 20:02:22] [INFO] Cache hit for key user_profile_123
[2026-07-23 20:02:25] [INFO] Successfully processed background job #4912
[2026-07-23 20:02:28] [INFO] Connection established to message queue
[2026-07-23 20:02:31] [INFO] Cache hit for key user_profile_123
[2026-07-23 20:02:34] [INFO] Connection established to message queue
[2026-07-23 20:02:35] [INFO] Successfully processed background job #4912
[2026-07-23 20:02:36] [CRITICAL] Service crashed with exit code 137
[2026-07-23 20:02:39] [DEBUG] Initializing cache manager
[2026-07-23 20:02:42] [INFO] Successfully processed background job #4912
[2026-07-23 20:02:42] [INFO] User admin logged in from 192.168.1.100
[2026-07-23 20:02:45] [DEBUG] Fetching row 4021 from database
[2026-07-23 20:02:47] [CRITICAL] Disk space exhausted on /var/log
[2026-07-23 20:02:51] [INFO] User admin logged in from 192.168.1.100
[2026-07-23 20:02:55] [INFO] User admin logged in from 192.168.1.100
[2026-07-23 20:02:56] [INFO] Handling user request for /api/v1/data
[2026-07-23 20:03:01] [INFO] User admin logged in from 192.168.1.100
[2026-07-23 20:03:01] [INFO] Cache hit for key user_profile_123
[2026-07-23 20:03:04] [INFO] Connection established to message queue
[2026-07-23 20:03:05] [INFO] Handling user request for /api/v1/data
[2026-07-23 20:03:06] [DEBUG] Initializing cache manager
[2026-07-23 20:03:09] [INFO] Connection established to message queue
[2026-07-23 20:03:11] [ERROR] NullPointerException in DataProcessor class
[2026-07-23 20:03:11] [INFO] User admin logged in from 192.168.1.100
[2026-07-23 20:03:13] [INFO] Handling user request for /api/v1/data
[2026-07-23 20:03:13] [INFO] Handling user request for /api/v1/data
[2026-07-23 20:03:18] [INFO] Handling user request for /api/v1/data
[2026-07-23 20:03:21] [INFO] Connection established to message queue
[2026-07-23 20:03:24] [WARNING] Deprecated API usage detected in legacy_module.py
[2026-07-23 20:03:28] [INFO] Cache hit for key user_profile_123
[2026-07-23 20:03:30] [INFO] Cache hit for key user_profile_123
[2026-07-23 20:03:33] [INFO] Successfully processed background job #4912
[2026-07-23 20:03:36] [INFO] Connection established to message queue
[2026-07-23 20:03:39] [INFO] System started successfully
[2026-07-23 20:03:39] [INFO] Successfully processed background job #4912
[2026-07-23 20:03:41] [INFO] Handling user request for /api/v1/data
[2026-07-23 20:03:46] [DEBUG] Initializing cache manager
[2026-07-23 20:03:48] [INFO] Handling user request for /api/v1/data
[2026-07-23 20:03:50] [INFO] Successfully processed background job #4912
[2026-07-23 20:03:53] [WARNING] Deprecated API usage detected in legacy_module.py
[2026-07-23 20:03:56] [INFO] System started successfully
[2026-07-23 20:03:57] [INFO] Handling user request for /api/v1/data
[2026-07-23 20:03:58] [DEBUG] Fetching row 4021 from database
[2026-07-23 20:04:01] [INFO] Connection established to message queue
[2026-07-23 20:04:03] [DEBUG] Fetching row 4021 from database
[2026-07-23 20:04:08] [INFO] Cache hit for key user_profile_123
[2026-07-23 20:04:10] [INFO] User admin logged in from 192.168.1.100
[2026-07-23 20:04:10] [WARNING] High memory usage detected (85%)
[2026-07-23 20:04:11] [INFO] Connection established to message queue
[2026-07-23 20:04:15] [ERROR] Database connection failed: Connection refused
[2026-07-23 20:04:18] [INFO] User admin logged in from 192.168.1.100
[2026-07-23 20:04:20] [INFO] System started successfully
[2026-07-23 20:04:21] [INFO] User admin logged in from 192.168.1.100
[2026-07-23 20:04:25] [DEBUG] Initializing cache manager
[2026-07-23 20:04:26] [INFO] Successfully processed background job #4912
[2026-07-23 20:04:29] [INFO] Successfully processed background job #4912
[2026-07-23 20:04:33] [INFO] System started successfully
[2026-07-23 20:04:37] [INFO] Cache hit for key user_profile_123
[2026-07-23 20:04:42] [INFO] Handling user request for /api/v1/data
[2026-07-23 20:04:43] [ERROR] NullPointerException in DataProcessor class
[2026-07-23 20:04:43] [DEBUG] Session token refreshed
[2026-07-23 20:04:48] [ERROR] Invalid password provided for account admin
[2026-07-23 20:04:49] [INFO] User admin logged in from 192.168.1.100
[2026-07-23 20:04:50] [INFO] Handling user request for /api/v1/data
[2026-07-23 20:04:52] [INFO] Successfully processed background job #4912
[2026-07-23 20:04:54] [INFO] System started successfully
[2026-07-23 20:04:54] [ERROR] Database connection failed: Connection refused
[2026-07-23 20:04:55] [INFO] Successfully processed background job #4912
[2026-07-23 20:04:56] [INFO] System started successfully
[2026-07-23 20:05:01] [INFO] User admin logged in from 192.168.1.100
[2026-07-23 20:05:01] [DEBUG] Session token refreshed
[2026-07-23 20:05:01] [INFO] Successfully processed background job #4912
[2026-07-23 20:05:03] [ERROR] Invalid password provided for account admin
[2026-07-23 20:05:04] [INFO] Successfully processed background job #4912
[2026-07-23 20:05:08] [INFO] Successfully processed background job #4912
[2026-07-23 20:05:09] [INFO] User admin logged in from 192.168.1.100
[2026-07-23 20:05:14] [INFO] User admin logged in from 192.168.1.100
[2026-07-23 20:05:18] [INFO] User admin logged in from 192.168.1.100
[2026-07-23 20:05:22] [ERROR] Invalid password provided for account admin
[2026-07-23 20:05:25] [INFO] Connection established to message queue
[2026-07-23 20:05:28] [INFO] User admin logged in from 192.168.1.100
[2026-07-23 20:05:31] [WARNING] High memory usage detected (85%)
[2026-07-23 20:05:31] [INFO] User admin logged in from 192.168.1.100
[2026-07-23 20:05:34] [DEBUG] Initializing cache manager
[2026-07-23 20:05:35] [INFO] User admin logged in from 192.168.1.100
[2026-07-23 20:05:37] [INFO] User admin logged in from 192.168.1.100
[2026-07-23 20:05:41] [INFO] Cache hit for key user_profile_123
[2026-07-23 20:05:46] [CRITICAL] Timeout while waiting for external service after 30000ms
[2026-07-23 20:05:50] [WARNING] Deprecated API usage detected in legacy_module.py
[2026-07-23 20:05:53] [INFO] Cache hit for key user_profile_123
[2026-07-23 20:05:54] [INFO] Connection established to message queue
[2026-07-23 20:05:59] [INFO] Connection established to message queue
[2026-07-23 20:06:01] [INFO] User admin logged in from 192.168.1.100
[2026-07-23 20:06:04] [INFO] User admin logged in from 192.168.1.100
[2026-07-23 20:06:07] [INFO] System started successfully
[2026-07-23 20:06:09] [INFO] Connection established to message queue
[2026-07-23 20:06:13] [ERROR] NullPointerException in DataProcessor class
[2026-07-23 20:06:15] [INFO] Cache hit for key user_profile_123
[2026-07-23 20:06:20] [WARNING] High memory usage detected (85%)
[2026-07-23 20:06:23] [DEBUG] Parsing JSON payload
[2026-07-23 20:06:25] [DEBUG] Session token refreshed
[2026-07-23 20:06:30] [INFO] Connection established to message queue
[2026-07-23 20:06:32] [INFO] System started successfully
[2026-07-23 20:06:35] [INFO] Connection established to message queue
[2026-07-23 20:06:38] [INFO] User admin logged in from 192.168.1.100
[2026-07-23 20:06:43] [INFO] Handling user request for /api/v1/data
[2026-07-23 20:06:46] [INFO] Connection established to message queue
[2026-07-23 20:06:47] [INFO] Connection established to message queue
[2026-07-23 20:06:48] [INFO] Handling user request for /api/v1/data
[2026-07-23 20:06:52] [ERROR] NullPointerException in DataProcessor class
[2026-07-23 20:06:55] [INFO] Cache hit for key user_profile_123
[2026-07-23 20:06:55] [INFO] Cache hit for key user_profile_123
[2026-07-23 20:06:57] [INFO] Cache hit for key user_profile_123
[2026-07-23 20:07:01] [INFO] Cache hit for key user_profile_123
[2026-07-23 20:07:05] [INFO] Handling user request for /api/v1/data
[2026-07-23 20:07:08] [INFO] System started successfully
[2026-07-23 20:07:12] [WARNING] Deprecated API usage detected in legacy_module.py
[2026-07-23 20:07:14] [INFO] User admin logged in from 192.168.1.100
[2026-07-23 20:07:17] [INFO] Successfully processed background job #4912
[2026-07-23 20:07:18] [INFO] Cache hit for key user_profile_123
[2026-07-23 20:07:23] [INFO] System started successfully
[2026-07-23 20:07:24] [INFO] Connection established to message queue
[2026-07-23 20:07:26] [DEBUG] Session token refreshed
[2026-07-23 20:07:27] [WARNING] Rate limit approaching for IP 10.0.0.55
[2026-07-23 20:07:27] [DEBUG] Parsing JSON payload
[2026-07-23 20:07:30] [INFO] User admin logged in from 192.168.1.100
[2026-07-23 20:07:32] [INFO] Cache hit for key user_profile_123
[2026-07-23 20:07:35] [INFO] System started successfully
[2026-07-23 20:07:37] [INFO] Cache hit for key user_profile_123
[2026-07-23 20:07:39] [DEBUG] Parsing JSON payload
[2026-07-23 20:07:41] [INFO] Connection established to message queue
[2026-07-23 20:07:43] [INFO] Handling user request for /api/v1/data
[2026-07-23 20:07:43] [DEBUG] Initializing cache manager
[2026-07-23 20:07:47] [INFO] Cache hit for key user_profile_123
[2026-07-23 20:07:52] [INFO] Cache hit for key user_profile_123
[2026-07-23 20:07:55] [INFO] Connection established to message queue
[2026-07-23 20:07:58] [INFO] User admin logged in from 192.168.1.100
[2026-07-23 20:07:58] [INFO] Handling user request for /api/v1/data
[2026-07-23 20:08:02] [INFO] Cache hit for key user_profile_123
[2026-07-23 20:08:07] [ERROR] Invalid password provided for account admin
[2026-07-23 20:08:11] [INFO] System started successfully
[2026-07-23 20:08:15] [INFO] Handling user request for /api/v1/data
[2026-07-23 20:08:16] [INFO] User admin logged in from 192.168.1.100
[2026-07-23 20:08:16] [INFO] Connection established to message queue
[2026-07-23 20:08:21] [INFO] Connection established to message queue
[2026-07-23 20:08:24] [WARNING] Deprecated API usage detected in legacy_module.py
[2026-07-23 20:08:26] [INFO] System started successfully
[2026-07-23 20:08:30] [INFO] Connection established to message queue
[2026-07-23 20:08:35] [INFO] Connection established to message queue
[2026-07-23 20:08:38] [INFO] User admin logged in from 192.168.1.100
[2026-07-23 20:08:41] [INFO] Handling user request for /api/v1/data
[2026-07-23 20:08:44] [INFO] Cache hit for key user_profile_123
[2026-07-23 20:08:46] [INFO] Handling user request for /api/v1/data
[2026-07-23 20:08:49] [INFO] User admin logged in from 192.168.1.100
[2026-07-23 20:08:52] [ERROR] Database connection failed: Connection refused
[2026-07-23 20:08:54] [INFO] User admin logged in from 192.168.1.100
[2026-07-23 20:08:58] [INFO] Connection established to message queue
[2026-07-23 20:09:01] [DEBUG] Parsing JSON payload
[2026-07-23 20:09:06] [INFO] Successfully processed background job #4912
[2026-07-23 20:09:06] [DEBUG] Initializing cache manager
[2026-07-23 20:09:09] [INFO] Handling user request for /api/v1/data
[2026-07-23 20:09:11] [INFO] Successfully processed background job #4912
[2026-07-23 20:09:13] [ERROR] Authentication failed for user guest
[2026-07-23 20:09:18] [INFO] User admin logged in from 192.168.1.100
[2026-07-23 20:09:20] [WARNING] Deprecated API usage detected in legacy_module.py
[2026-07-23 20:09:22] [DEBUG] Session token refreshed
[2026-07-23 20:09:25] [INFO] Cache hit for key user_profile_123
[2026-07-23 20:09:26] [INFO] User admin logged in from 192.168.1.100
[2026-07-23 20:09:29] [INFO] System started successfully
[2026-07-23 20:09:33] [INFO] Successfully processed background job #4912
[2026-07-23 20:09:36] [INFO] User admin logged in from 192.168.1.100
[2026-07-23 20:09:39] [WARNING] High memory usage detected (85%)
[2026-07-23 20:09:40] [DEBUG] Session token refreshed
[2026-07-23 20:09:42] [INFO] Connection established to message queue
[2026-07-23 20:09:46] [WARNING] High memory usage detected (85%)
[2026-07-23 20:09:49] [DEBUG] Initializing cache manager
[2026-07-23 20:09:53] [INFO] System started successfully
[2026-07-23 20:09:55] [INFO] Handling user request for /api/v1/data
[2026-07-23 20:09:56] [INFO] User admin logged in from 192.168.1.100
[2026-07-23 20:09:57] [ERROR] Database connection failed: Connection refused
[2026-07-23 20:10:00] [DEBUG] Initializing cache manager
[2026-07-23 20:10:00] [INFO] User admin logged in from 192.168.1.100
[2026-07-23 20:10:03] [INFO] System started successfully
[2026-07-23 20:10:05] [WARNING] Rate limit approaching for IP 10.0.0.55
[2026-07-23 20:10:09] [WARNING] Deprecated API usage detected in legacy_module.py
[2026-07-23 20:10:13] [INFO] Cache hit for key user_profile_123
[2026-07-23 20:10:15] [INFO] System started successfully
[2026-07-23 20:10:18] [INFO] User admin logged in from 192.168.1.100
[2026-07-23 20:10:20] [INFO] Successfully processed background job #4912
[2026-07-23 20:10:20] [INFO] Connection established to message queue
[2026-07-23 20:10:24] [INFO] Handling user request for /api/v1/data
[2026-07-23 20:10:24] [DEBUG] Initializing cache manager
[2026-07-23 20:10:25] [INFO] System started successfully
[2026-07-23 20:10:27] [INFO] Cache hit for key user_profile_123
[2026-07-23 20:10:28] [INFO] Cache hit for key user_profile_123
[2026-07-23 20:10:29] [DEBUG] Fetching row 4021 from database
[2026-07-23 20:10:31] [ERROR] Database connection failed: Connection refused
[2026-07-23 20:10:32] [INFO] Cache hit for key user_profile_123
[2026-07-23 20:10:32] [INFO] User admin logged in from 192.168.1.100
[2026-07-23 20:10:33] [DEBUG] Fetching row 4021 from database
[2026-07-23 20:10:38] [INFO] User admin logged in from 192.168.1.100
[2026-07-23 20:10:42] [DEBUG] Fetching row 4021 from database
[2026-07-23 20:10:43] [INFO] Connection established to message queue
[2026-07-23 20:10:46] [INFO] System started successfully
[2026-07-23 20:10:50] [INFO] Successfully processed background job #4912
[2026-07-23 20:10:55] [ERROR] MySQL Error: Deadlock found when trying to get lock
[2026-07-23 20:10:59] [INFO] User admin logged in from 192.168.1.100
[2026-07-23 20:11:00] [INFO] Handling user request for /api/v1/data
[2026-07-23 20:11:03] [INFO] User admin logged in from 192.168.1.100
[2026-07-23 20:11:05] [DEBUG] Parsing JSON payload
[2026-07-23 20:11:06] [INFO] User admin logged in from 192.168.1.100
[2026-07-23 20:11:07] [INFO] Cache hit for key user_profile_123
[2026-07-23 20:11:09] [INFO] System started successfully
[2026-07-23 20:11:12] [INFO] Handling user request for /api/v1/data
[2026-07-23 20:11:17] [INFO] Cache hit for key user_profile_123
[2026-07-23 20:11:22] [DEBUG] Parsing JSON payload
[2026-07-23 20:11:24] [WARNING] High memory usage detected (85%)
[2026-07-23 20:11:25] [INFO] Successfully processed background job #4912
[2026-07-23 20:11:28] [DEBUG] Initializing cache manager
[2026-07-23 20:11:31] [WARNING] Deprecated API usage detected in legacy_module.py
[2026-07-23 20:11:35] [INFO] System started successfully
[2026-07-23 20:11:39] [INFO] Successfully processed background job #4912
[2026-07-23 20:11:43] [ERROR] Database connection failed: Connection refused
[2026-07-23 20:11:44] [INFO] System started successfully
[2026-07-23 20:11:48] [INFO] Handling user request for /api/v1/data
[2026-07-23 20:11:49] [INFO] Successfully processed background job #4912
[2026-07-23 20:11:52] [INFO] User admin logged in from 192.168.1.100
[2026-07-23 20:11:55] [DEBUG] Parsing JSON payload
[2026-07-23 20:12:00] [INFO] Handling user request for /api/v1/data
[2026-07-23 20:12:04] [DEBUG] Initializing cache manager
[2026-07-23 20:12:06] [DEBUG] Initializing cache manager
[2026-07-23 20:12:10] [INFO] System started successfully
[2026-07-23 20:12:11] [INFO] Connection established to message queue
[2026-07-23 20:12:16] [INFO] System started successfully
[2026-07-23 20:12:18] [INFO] Connection established to message queue
[2026-07-23 20:12:18] [ERROR] Database connection failed: Connection refused
[2026-07-23 20:12:20] [ERROR] Invalid password provided for account admin
[2026-07-23 20:12:22] [DEBUG] Parsing JSON payload
[2026-07-23 20:12:22] [INFO] Successfully processed background job #4912
[2026-07-23 20:12:24] [INFO] Successfully processed background job #4912
[2026-07-23 20:12:26] [INFO] Cache hit for key user_profile_123
[2026-07-23 20:12:28] [DEBUG] Fetching row 4021 from database
[2026-07-23 20:12:30] [INFO] Successfully processed background job #4912
[2026-07-23 20:12:33] [ERROR] MySQL Error: Deadlock found when trying to get lock
[2026-07-23 20:12:36] [INFO] Handling user request for /api/v1/data
[2026-07-23 20:12:37] [INFO] Cache hit for key user_profile_123
[2026-07-23 20:12:41] [INFO] Cache hit for key user_profile_123
[2026-07-23 20:12:45] [INFO] Cache hit for key user_profile_123
[2026-07-23 20:12:46] [DEBUG] Session token refreshed
[2026-07-23 20:12:49] [INFO] Cache hit for key user_profile_123
[2026-07-23 20:12:52] [INFO] Handling user request for /api/v1/data
[2026-07-23 20:12:54] [INFO] Handling user request for /api/v1/data
[2026-07-23 20:12:57] [INFO] Handling user request for /api/v1/data
[2026-07-23 20:13:00] [INFO] System started successfully
[2026-07-23 20:13:04] [DEBUG] Parsing JSON payload
[2026-07-23 20:13:06] [ERROR] Database connection failed: Connection refused
[2026-07-23 20:13:10] [INFO] User admin logged in from 192.168.1.100
[2026-07-23 20:13:13] [INFO] Handling user request for /api/v1/data
[2026-07-23 20:13:14] [INFO] System started successfully
[2026-07-23 20:13:18] [INFO] User admin logged in from 192.168.1.100
[2026-07-23 20:13:21] [INFO] Successfully processed background job #4912
[2026-07-23 20:13:23] [DEBUG] Fetching row 4021 from database
[2026-07-23 20:13:25] [INFO] System started successfully
[2026-07-23 20:13:25] [INFO] Connection established to message queue
[2026-07-23 20:13:29] [ERROR] Authentication failed for user guest
[2026-07-23 20:13:30] [INFO] Cache hit for key user_profile_123
[2026-07-23 20:13:33] [INFO] Cache hit for key user_profile_123
[2026-07-23 20:13:37] [INFO] Cache hit for key user_profile_123
[2026-07-23 20:13:39] [DEBUG] Parsing JSON payload
[2026-07-23 20:13:42] [INFO] Handling user request for /api/v1/data
[2026-07-23 20:13:44] [INFO] Successfully processed background job #4912
[2026-07-23 20:13:48] [INFO] Connection established to message queue
[2026-07-23 20:13:50] [INFO] Connection established to message queue
[2026-07-23 20:13:53] [INFO] User admin logged in from 192.168.1.100
[2026-07-23 20:13:57] [CRITICAL] Service crashed with exit code 137
[2026-07-23 20:14:02] [INFO] Successfully processed background job #4912
[2026-07-23 20:14:07] [INFO] Handling user request for /api/v1/data
[2026-07-23 20:14:11] [DEBUG] Parsing JSON payload
[2026-07-23 20:14:11] [WARNING] Rate limit approaching for IP 10.0.0.55
[2026-07-23 20:14:16] [INFO] Successfully processed background job #4912
[2026-07-23 20:14:17] [INFO] Handling user request for /api/v1/data
[2026-07-23 20:14:18] [INFO] Cache hit for key user_profile_123
[2026-07-23 20:14:22] [INFO] Successfully processed background job #4912
[2026-07-23 20:14:22] [INFO] Cache hit for key user_profile_123
[2026-07-23 20:14:27] [INFO] Handling user request for /api/v1/data
[2026-07-23 20:14:31] [INFO] System started successfully
[2026-07-23 20:14:33] [INFO] System started successfully
[2026-07-23 20:14:38] [INFO] Connection established to message queue
[2026-07-23 20:14:42] [INFO] Cache hit for key user_profile_123
[2026-07-23 20:14:44] [DEBUG] Initializing cache manager
[2026-07-23 20:14:45] [WARNING] Deprecated API usage detected in legacy_module.py
[2026-07-23 20:14:48] [INFO] Handling user request for /api/v1/data
[2026-07-23 20:14:49] [INFO] Successfully processed background job #4912
[2026-07-23 20:14:53] [INFO] Cache hit for key user_profile_123
[2026-07-23 20:14:54] [INFO] Handling user request for /api/v1/data
[2026-07-23 20:14:57] [INFO] Successfully processed background job #4912
[2026-07-23 20:15:00] [DEBUG] Fetching row 4021 from database
[2026-07-23 20:15:04] [INFO] Connection established to message queue
[2026-07-23 20:15:07] [CRITICAL] Disk space exhausted on /var/log
[2026-07-23 20:15:10] [INFO] Handling user request for /api/v1/data
[2026-07-23 20:15:10] [INFO] Successfully processed background job #4912
[2026-07-23 20:15:10] [ERROR] Invalid password provided for account admin
[2026-07-23 20:15:10] [INFO] Handling user request for /api/v1/data
[2026-07-23 20:15:12] [INFO] Connection established to message queue
[2026-07-23 20:15:14] [DEBUG] Fetching row 4021 from database
[2026-07-23 20:15:19] [DEBUG] Initializing cache manager
[2026-07-23 20:15:20] [INFO] Handling user request for /api/v1/data
[2026-07-23 20:15:21] [INFO] User admin logged in from 192.168.1.100
[2026-07-23 20:15:22] [INFO] Cache hit for key user_profile_123
[2026-07-23 20:15:24] [INFO] User admin logged in from 192.168.1.100
[2026-07-23 20:15:24] [INFO] User admin logged in from 192.168.1.100
[2026-07-23 20:15:27] [WARNING] Deprecated API usage detected in legacy_module.py
[2026-07-23 20:15:28] [INFO] Successfully processed background job #4912
[2026-07-23 20:15:32] [INFO] Handling user request for /api/v1/data
[2026-07-23 20:15:35] [INFO] User admin logged in from 192.168.1.100
[2026-07-23 20:15:39] [INFO] Handling user request for /api/v1/data
[2026-07-23 20:15:43] [INFO] Connection established to message queue
[2026-07-23 20:15:44] [INFO] Successfully processed background job #4912
[2026-07-23 20:15:46] [INFO] System started successfully
[2026-07-23 20:15:50] [INFO] Cache hit for key user_profile_123
[2026-07-23 20:15:54] [ERROR] MySQL Error: Deadlock found when trying to get lock
[2026-07-23 20:15:58] [INFO] System started successfully
[2026-07-23 20:16:00] [WARNING] Deprecated API usage detected in legacy_module.py
[2026-07-23 20:16:00] [INFO] Cache hit for key user_profile_123
[2026-07-23 20:16:01] [DEBUG] Parsing JSON payload
[2026-07-23 20:16:04] [INFO] Successfully processed background job #4912
[2026-07-23 20:16:06] [INFO] System started successfully
[2026-07-23 20:16:08] [INFO] Connection established to message queue
[2026-07-23 20:16:12] [DEBUG] Session token refreshed
[2026-07-23 20:16:15] [INFO] System started successfully
[2026-07-23 20:16:17] [ERROR] NullPointerException in DataProcessor class
[2026-07-23 20:16:21] [INFO] Handling user request for /api/v1/data
[2026-07-23 20:16:26] [DEBUG] Session token refreshed
[2026-07-23 20:16:29] [WARNING] Deprecated API usage detected in legacy_module.py
[2026-07-23 20:16:32] [INFO] Connection established to message queue
[2026-07-23 20:16:35] [INFO] Successfully processed background job #4912
[2026-07-23 20:16:36] [INFO] User admin logged in from 192.168.1.100
[2026-07-23 20:16:36] [WARNING] High memory usage detected (85%)
[2026-07-23 20:16:40] [INFO] User admin logged in from 192.168.1.100
[2026-07-23 20:16:45] [INFO] Connection established to message queue
[2026-07-23 20:16:47] [INFO] System started successfully
[2026-07-23 20:16:48] [INFO] User admin logged in from 192.168.1.100
[2026-07-23 20:16:52] [INFO] Successfully processed background job #4912
[2026-07-23 20:16:57] [INFO] System started successfully
[2026-07-23 20:16:58] [INFO] Cache hit for key user_profile_123
[2026-07-23 20:17:00] [INFO] System started successfully
[2026-07-23 20:17:03] [WARNING] Rate limit approaching for IP 10.0.0.55
[2026-07-23 20:17:05] [INFO] Handling user request for /api/v1/data
[2026-07-23 20:17:08] [INFO] Handling user request for /api/v1/data
[2026-07-23 20:17:09] [DEBUG] Initializing cache manager
[2026-07-23 20:17:13] [DEBUG] Fetching row 4021 from database
[2026-07-23 20:17:14] [WARNING] Rate limit approaching for IP 10.0.0.55
[2026-07-23 20:17:17] [INFO] Connection established to message queue
[2026-07-23 20:17:18] [INFO] Successfully processed background job #4912
[2026-07-23 20:17:22] [INFO] Cache hit for key user_profile_123
[2026-07-23 20:17:27] [INFO] Connection established to message queue
[2026-07-23 20:17:29] [INFO] Cache hit for key user_profile_123
[2026-07-23 20:17:30] [INFO] Successfully processed background job #4912
[2026-07-23 20:17:34] [INFO] Successfully processed background job #4912
[2026-07-23 20:17:37] [INFO] Handling user request for /api/v1/data
[2026-07-23 20:17:42] [INFO] Cache hit for key user_profile_123
[2026-07-23 20:17:44] [ERROR] Database connection failed: Connection refused
[2026-07-23 20:17:48] [INFO] Connection established to message queue
[2026-07-23 20:17:51] [DEBUG] Fetching row 4021 from database
[2026-07-23 20:17:52] [INFO] User admin logged in from 192.168.1.100
[2026-07-23 20:17:54] [INFO] Connection established to message queue
[2026-07-23 20:17:55] [ERROR] NullPointerException in DataProcessor class
[2026-07-23 20:17:59] [INFO] Connection established to message queue
[2026-07-23 20:18:01] [INFO] System started successfully
[2026-07-23 20:18:04] [DEBUG] Session token refreshed
[2026-07-23 20:18:05] [ERROR] Database connection failed: Connection refused
[2026-07-23 20:18:05] [INFO] System started successfully
[2026-07-23 20:18:07] [INFO] System started successfully
[2026-07-23 20:18:09] [WARNING] Deprecated API usage detected in legacy_module.py
[2026-07-23 20:18:11] [INFO] System started successfully
[2026-07-23 20:18:12] [DEBUG] Fetching row 4021 from database
[2026-07-23 20:18:13] [INFO] Handling user request for /api/v1/data
[2026-07-23 20:18:14] [INFO] Successfully processed background job #4912
[2026-07-23 20:18:15] [WARNING] Rate limit approaching for IP 10.0.0.55
[2026-07-23 20:18:19] [INFO] Cache hit for key user_profile_123
[2026-07-23 20:18:22] [INFO] Cache hit for key user_profile_123
[2026-07-23 20:18:26] [INFO] Cache hit for key user_profile_123
[2026-07-23 20:18:31] [INFO] Handling user request for /api/v1/data
[2026-07-23 20:18:31] [INFO] Cache hit for key user_profile_123
[2026-07-23 20:18:33] [INFO] System started successfully
[2026-07-23 20:18:34] [INFO] Successfully processed background job #4912
[2026-07-23 20:18:35] [INFO] User admin logged in from 192.168.1.100
[2026-07-23 20:18:38] [INFO] User admin logged in from 192.168.1.100
[2026-07-23 20:18:43] [INFO] Connection established to message queue
[2026-07-23 20:18:44] [DEBUG] Initializing cache manager
[2026-07-23 20:18:48] [INFO] Cache hit for key user_profile_123
[2026-07-23 20:18:52] [INFO] Connection established to message queue
[2026-07-23 20:18:56] [INFO] Handling user request for /api/v1/data
[2026-07-23 20:18:58] [INFO] User admin logged in from 192.168.1.100
[2026-07-23 20:18:59] [INFO] User admin logged in from 192.168.1.100
[2026-07-23 20:19:00] [INFO] Successfully processed background job #4912
[2026-07-23 20:19:04] [INFO] System started successfully
[2026-07-23 20:19:06] [INFO] System started successfully
[2026-07-23 20:19:09] [INFO] System started successfully
[2026-07-23 20:19:11] [WARNING] Deprecated API usage detected in legacy_module.py
[2026-07-23 20:19:15] [INFO] Handling user request for /api/v1/data
[2026-07-23 20:19:18] [INFO] Connection established to message queue
[2026-07-23 20:19:22] [INFO] Connection established to message queue
[2026-07-23 20:19:23] [INFO] Cache hit for key user_profile_123
[2026-07-23 20:19:26] [INFO] User admin logged in from 192.168.1.100
[2026-07-23 20:19:29] [INFO] System started successfully
[2026-07-23 20:19:31] [INFO] Successfully processed background job #4912
[2026-07-23 20:19:33] [INFO] Handling user request for /api/v1/data
[2026-07-23 20:19:34] [CRITICAL] Service crashed with exit code 137
[2026-07-23 20:19:36] [INFO] Cache hit for key user_profile_123
[2026-07-23 20:19:40] [INFO] Successfully processed background job #4912
[2026-07-23 20:19:42] [INFO] System started successfully
[2026-07-23 20:19:46] [INFO] System started successfully
[2026-07-23 20:19:51] [INFO] User admin logged in from 192.168.1.100
[2026-07-23 20:19:56] [WARNING] High memory usage detected (85%)
[2026-07-23 20:19:56] [INFO] Successfully processed background job #4912
[2026-07-23 20:20:01] [ERROR] Invalid password provided for account admin
[2026-07-23 20:20:05] [INFO] Connection established to message queue
[2026-07-23 20:20:06] [INFO] System started successfully
[2026-07-23 20:20:07] [INFO] Cache hit for key user_profile_123
[2026-07-23 20:20:10] [INFO] Connection established to message queue
[2026-07-23 20:20:13] [INFO] Connection established to message queue
[2026-07-23 20:20:16] [INFO] Cache hit for key user_profile_123
[2026-07-23 20:20:20] [INFO] User admin logged in from 192.168.1.100
[2026-07-23 20:20:22] [INFO] Handling user request for /api/v1/data
[2026-07-23 20:20:24] [INFO] Cache hit for key user_profile_123
[2026-07-23 20:20:26] [INFO] System started successfully
[2026-07-23 20:20:30] [DEBUG] Parsing JSON payload
[2026-07-23 20:20:33] [INFO] Handling user request for /api/v1/data
[2026-07-23 20:20:37] [INFO] System started successfully
[2026-07-23 20:20:39] [INFO] Handling user request for /api/v1/data
[2026-07-23 20:20:40] [DEBUG] Initializing cache manager
[2026-07-23 20:20:41] [INFO] Cache hit for key user_profile_123
[2026-07-23 20:20:41] [INFO] User admin logged in from 192.168.1.100
[2026-07-23 20:20:45] [INFO] System started successfully
[2026-07-23 20:20:49] [INFO] Cache hit for key user_profile_123
[2026-07-23 20:20:50] [INFO] Cache hit for key user_profile_123
[2026-07-23 20:20:53] [INFO] Handling user request for /api/v1/data
[2026-07-23 20:20:57] [INFO] User admin logged in from 192.168.1.100
[2026-07-23 20:21:00] [INFO] User admin logged in from 192.168.1.100
[2026-07-23 20:21:05] [INFO] Handling user request for /api/v1/data
[2026-07-23 20:21:10] [INFO] User admin logged in from 192.168.1.100
[2026-07-23 20:21:13] [INFO] Handling user request for /api/v1/data
[2026-07-23 20:21:16] [INFO] Connection established to message queue
[2026-07-23 20:21:17] [DEBUG] Fetching row 4021 from database
[2026-07-23 20:21:18] [INFO] System started successfully
[2026-07-23 20:21:22] [INFO] Cache hit for key user_profile_123
[2026-07-23 20:21:26] [INFO] Cache hit for key user_profile_123
[2026-07-23 20:21:29] [INFO] Successfully processed background job #4912
[2026-07-23 20:21:33] [INFO] Cache hit for key user_profile_123
[2026-07-23 20:21:37] [INFO] Successfully processed background job #4912
[2026-07-23 20:21:38] [INFO] User admin logged in from 192.168.1.100
[2026-07-23 20:21:41] [INFO] System started successfully
[2026-07-23 20:21:44] [INFO] Successfully processed background job #4912
[2026-07-23 20:21:45] [INFO] User admin logged in from 192.168.1.100
[2026-07-23 20:21:46] [WARNING] Deprecated API usage detected in legacy_module.py
[2026-07-23 20:21:49] [INFO] System started successfully
[2026-07-23 20:21:50] [INFO] User admin logged in from 192.168.1.100
[2026-07-23 20:21:54] [ERROR] Invalid password provided for account admin
[2026-07-23 20:21:58] [INFO] System started successfully
[2026-07-23 20:22:01] [INFO] User admin logged in from 192.168.1.100
[2026-07-23 20:22:01] [DEBUG] Parsing JSON payload
[2026-07-23 20:22:06] [DEBUG] Fetching row 4021 from database
[2026-07-23 20:22:06] [INFO] System started successfully
[2026-07-23 20:22:07] [DEBUG] Parsing JSON payload
[2026-07-23 20:22:08] [DEBUG] Fetching row 4021 from database
[2026-07-23 20:22:08] [INFO] Handling user request for /api/v1/data
[2026-07-23 20:22:09] [INFO] Cache hit for key user_profile_123
[2026-07-23 20:22:09] [INFO] System started successfully
[2026-07-23 20:22:14] [INFO] Cache hit for key user_profile_123
[2026-07-23 20:22:17] [WARNING] Rate limit approaching for IP 10.0.0.55
[2026-07-23 20:22:20] [INFO] Handling user request for /api/v1/data
[2026-07-23 20:22:23] [ERROR] MySQL Error: Deadlock found when trying to get lock
[2026-07-23 20:22:23] [INFO] Cache hit for key user_profile_123
[2026-07-23 20:22:27] [WARNING] Rate limit approaching for IP 10.0.0.55
[2026-07-23 20:22:27] [DEBUG] Parsing JSON payload
[2026-07-23 20:22:28] [DEBUG] Initializing cache manager
[2026-07-23 20:22:31] [INFO] Handling user request for /api/v1/data
[2026-07-23 20:22:35] [DEBUG] Session token refreshed
[2026-07-23 20:22:36] [INFO] Successfully processed background job #4912
[2026-07-23 20:22:36] [INFO] Successfully processed background job #4912
[2026-07-23 20:22:36] [INFO] Cache hit for key user_profile_123
[2026-07-23 20:22:38] [ERROR] MySQL Error: Deadlock found when trying to get lock
[2026-07-23 20:22:39] [DEBUG] Parsing JSON payload
[2026-07-23 20:22:43] [INFO] Cache hit for key user_profile_123
[2026-07-23 20:22:47] [INFO] Handling user request for /api/v1/data
[2026-07-23 20:22:48] [INFO] Cache hit for key user_profile_123
[2026-07-23 20:22:51] [INFO] Connection established to message queue
[2026-07-23 20:22:55] [INFO] Connection established to message queue
[2026-07-23 20:23:00] [INFO] Cache hit for key user_profile_123
[2026-07-23 20:23:04] [INFO] Cache hit for key user_profile_123
[2026-07-23 20:23:06] [INFO] User admin logged in from 192.168.1.100
[2026-07-23 20:23:06] [DEBUG] Fetching row 4021 from database
[2026-07-23 20:23:10] [WARNING] Deprecated API usage detected in legacy_module.py
[2026-07-23 20:23:11] [INFO] User admin logged in from 192.168.1.100
[2026-07-23 20:23:15] [INFO] User admin logged in from 192.168.1.100
[2026-07-23 20:23:16] [INFO] Cache hit for key user_profile_123
[2026-07-23 20:23:18] [ERROR] MySQL Error: Deadlock found when trying to get lock
[2026-07-23 20:23:20] [WARNING] High memory usage detected (85%)
[2026-07-23 20:23:25] [DEBUG] Initializing cache manager
[2026-07-23 20:23:25] [INFO] User admin logged in from 192.168.1.100
[2026-07-23 20:23:28] [INFO] Cache hit for key user_profile_123
[2026-07-23 20:23:28] [INFO] System started successfully
[2026-07-23 20:23:33] [INFO] Successfully processed background job #4912
[2026-07-23 20:23:35] [DEBUG] Initializing cache manager
[2026-07-23 20:23:35] [INFO] User admin logged in from 192.168.1.100
[2026-07-23 20:23:39] [DEBUG] Session token refreshed
[2026-07-23 20:23:41] [WARNING] Rate limit approaching for IP 10.0.0.55
[2026-07-23 20:23:43] [INFO] Handling user request for /api/v1/data
[2026-07-23 20:23:45] [INFO] Handling user request for /api/v1/data
[2026-07-23 20:23:49] [INFO] Cache hit for key user_profile_123
[2026-07-23 20:23:52] [INFO] Connection established to message queue
[2026-07-23 20:23:57] [INFO] Handling user request for /api/v1/data
[2026-07-23 20:23:58] [INFO] Handling user request for /api/v1/data
[2026-07-23 20:23:58] [INFO] Handling user request for /api/v1/data
[2026-07-23 20:24:01] [INFO] System started successfully
[2026-07-23 20:24:06] [DEBUG] Fetching row 4021 from database
[2026-07-23 20:24:07] [INFO] Connection established to message queue
[2026-07-23 20:24:10] [INFO] Cache hit for key user_profile_123
[2026-07-23 20:24:12] [INFO] Successfully processed background job #4912
[2026-07-23 20:24:15] [WARNING] High memory usage detected (85%)
[2026-07-23 20:24:17] [DEBUG] Parsing JSON payload
[2026-07-23 20:24:22] [INFO] Handling user request for /api/v1/data
[2026-07-23 20:24:25] [INFO] Cache hit for key user_profile_123
[2026-07-23 20:24:26] [INFO] Successfully processed background job #4912
[2026-07-23 20:24:28] [DEBUG] Initializing cache manager
[2026-07-23 20:24:30] [INFO] User admin logged in from 192.168.1.100
[2026-07-23 20:24:33] [WARNING] High memory usage detected (85%)
[2026-07-23 20:24:34] [INFO] Connection established to message queue
[2026-07-23 20:24:37] [INFO] Cache hit for key user_profile_123
[2026-07-23 20:24:40] [INFO] Connection established to message queue
[2026-07-23 20:24:41] [INFO] User admin logged in from 192.168.1.100
[2026-07-23 20:24:46] [INFO] Successfully processed background job #4912
[2026-07-23 20:24:51] [INFO] Cache hit for key user_profile_123
[2026-07-23 20:24:53] [INFO] Connection established to message queue
[2026-07-23 20:24:58] [INFO] Connection established to message queue
[2026-07-23 20:25:00] [INFO] Successfully processed background job #4912
[2026-07-23 20:25:05] [INFO] User admin logged in from 192.168.1.100
[2026-07-23 20:25:08] [INFO] Successfully processed background job #4912
[2026-07-23 20:25:11] [INFO] Successfully processed background job #4912
[2026-07-23 20:25:15] [INFO] Successfully processed background job #4912
[2026-07-23 20:25:19] [INFO] Cache hit for key user_profile_123
[2026-07-23 20:25:24] [DEBUG] Parsing JSON payload
[2026-07-23 20:25:27] [WARNING] Deprecated API usage detected in legacy_module.py
[2026-07-23 20:25:32] [INFO] Successfully processed background job #4912
[2026-07-23 20:25:33] [DEBUG] Parsing JSON payload
[2026-07-23 20:25:35] [INFO] Handling user request for /api/v1/data
[2026-07-23 20:25:38] [INFO] Handling user request for /api/v1/data
[2026-07-23 20:25:38] [INFO] Connection established to message queue
[2026-07-23 20:25:40] [INFO] Connection established to message queue
[2026-07-23 20:25:45] [INFO] System started successfully
[2026-07-23 20:25:48] [INFO] User admin logged in from 192.168.1.100
[2026-07-23 20:25:49] [INFO] System started successfully
[2026-07-23 20:25:52] [INFO] Connection established to message queue
[2026-07-23 20:25:54] [INFO] User admin logged in from 192.168.1.100
[2026-07-23 20:25:56] [DEBUG] Session token refreshed
[2026-07-23 20:25:59] [ERROR] MySQL Error: Deadlock found when trying to get lock
[2026-07-23 20:26:01] [INFO] Handling user request for /api/v1/data
[2026-07-23 20:26:05] [INFO] Handling user request for /api/v1/data
[2026-07-23 20:26:09] [INFO] Successfully processed background job #4912
[2026-07-23 20:26:13] [INFO] Cache hit for key user_profile_123
[2026-07-23 20:26:16] [INFO] Connection established to message queue
[2026-07-23 20:26:18] [INFO] Successfully processed background job #4912
[2026-07-23 20:26:22] [WARNING] Deprecated API usage detected in legacy_module.py
[2026-07-23 20:26:22] [INFO] Cache hit for key user_profile_123
[2026-07-23 20:26:25] [INFO] Successfully processed background job #4912
[2026-07-23 20:26:29] [INFO] Connection established to message queue
[2026-07-23 20:26:30] [INFO] Handling user request for /api/v1/data
[2026-07-23 20:26:34] [DEBUG] Initializing cache manager
[2026-07-23 20:26:35] [INFO] Successfully processed background job #4912
[2026-07-23 20:26:36] [INFO] Handling user request for /api/v1/data
[2026-07-23 20:26:40] [DEBUG] Fetching row 4021 from database
[2026-07-23 20:26:41] [INFO] User admin logged in from 192.168.1.100
[2026-07-23 20:26:46] [INFO] Connection established to message queue
[2026-07-23 20:26:47] [INFO] System started successfully
[2026-07-23 20:26:50] [INFO] Connection established to message queue
[2026-07-23 20:26:51] [INFO] Connection established to message queue
[2026-07-23 20:26:53] [DEBUG] Parsing JSON payload
[2026-07-23 20:26:57] [INFO] User admin logged in from 192.168.1.100
[2026-07-23 20:27:01] [INFO] Handling user request for /api/v1/data
[2026-07-23 20:27:01] [WARNING] High memory usage detected (85%)
[2026-07-23 20:27:04] [INFO] User admin logged in from 192.168.1.100
[2026-07-23 20:27:06] [INFO] Successfully processed background job #4912
[2026-07-23 20:27:09] [INFO] Handling user request for /api/v1/data
[2026-07-23 20:27:13] [INFO] Successfully processed background job #4912
[2026-07-23 20:27:17] [INFO] Handling user request for /api/v1/data
[2026-07-23 20:27:19] [INFO] User admin logged in from 192.168.1.100
[2026-07-23 20:27:22] [WARNING] Deprecated API usage detected in legacy_module.py
[2026-07-23 20:27:26] [INFO] Connection established to message queue
[2026-07-23 20:27:27] [WARNING] High memory usage detected (85%)
[2026-07-23 20:27:30] [INFO] Successfully processed background job #4912
[2026-07-23 20:27:31] [CRITICAL] Timeout while waiting for external service after 30000ms
[2026-07-23 20:27:32] [INFO] System started successfully
[2026-07-23 20:27:34] [INFO] Cache hit for key user_profile_123
[2026-07-23 20:27:37] [ERROR] Database connection failed: Connection refused
[2026-07-23 20:27:39] [INFO] Successfully processed background job #4912
[2026-07-23 20:27:42] [DEBUG] Fetching row 4021 from database
[2026-07-23 20:27:45] [DEBUG] Fetching row 4021 from database
[2026-07-23 20:27:45] [INFO] Handling user request for /api/v1/data
[2026-07-23 20:27:50] [INFO] User admin logged in from 192.168.1.100
[2026-07-23 20:27:53] [DEBUG] Fetching row 4021 from database
[2026-07-23 20:27:57] [WARNING] Rate limit approaching for IP 10.0.0.55
[2026-07-23 20:28:01] [INFO] System started successfully
[2026-07-23 20:28:04] [INFO] System started successfully
[2026-07-23 20:28:04] [INFO] Successfully processed background job #4912
[2026-07-23 20:28:07] [INFO] Cache hit for key user_profile_123
[2026-07-23 20:28:09] [INFO] User admin logged in from 192.168.1.100
[2026-07-23 20:28:09] [ERROR] NullPointerException in DataProcessor class
[2026-07-23 20:28:10] [INFO] Successfully processed background job #4912
[2026-07-23 20:28:12] [INFO] Handling user request for /api/v1/data
[2026-07-23 20:28:16] [WARNING] High memory usage detected (85%)
[2026-07-23 20:28:16] [INFO] User admin logged in from 192.168.1.100
[2026-07-23 20:28:20] [DEBUG] Fetching row 4021 from database
[2026-07-23 20:28:25] [INFO] Handling user request for /api/v1/data
[2026-07-23 20:28:25] [INFO] User admin logged in from 192.168.1.100
[2026-07-23 20:28:30] [INFO] System started successfully
[2026-07-23 20:28:34] [DEBUG] Initializing cache manager
[2026-07-23 20:28:37] [INFO] User admin logged in from 192.168.1.100
[2026-07-23 20:28:40] [INFO] Handling user request for /api/v1/data
[2026-07-23 20:28:41] [WARNING] Deprecated API usage detected in legacy_module.py
[2026-07-23 20:28:44] [INFO] Handling user request for /api/v1/data
[2026-07-23 20:28:46] [INFO] User admin logged in from 192.168.1.100
[2026-07-23 20:28:49] [INFO] Cache hit for key user_profile_123
[2026-07-23 20:28:54] [INFO] User admin logged in from 192.168.1.100
[2026-07-23 20:28:59] [INFO] Handling user request for /api/v1/data
[2026-07-23 20:29:03] [INFO] Cache hit for key user_profile_123
[2026-07-23 20:29:08] [INFO] User admin logged in from 192.168.1.100
[2026-07-23 20:29:10] [INFO] User admin logged in from 192.168.1.100
[2026-07-23 20:29:14] [INFO] Cache hit for key user_profile_123
[2026-07-23 20:29:18] [INFO] Handling user request for /api/v1/data
[2026-07-23 20:29:20] [DEBUG] Fetching row 4021 from database
[2026-07-23 20:29:21] [INFO] System started successfully
[2026-07-23 20:29:24] [INFO] Handling user request for /api/v1/data
[2026-07-23 20:29:28] [DEBUG] Session token refreshed
[2026-07-23 20:29:32] [INFO] Handling user request for /api/v1/data
[2026-07-23 20:29:37] [INFO] Successfully processed background job #4912
[2026-07-23 20:29:41] [INFO] Connection established to message queue
[2026-07-23 20:29:43] [INFO] System started successfully
[2026-07-23 20:29:44] [ERROR] NullPointerException in DataProcessor class
[2026-07-23 20:29:45] [INFO] User admin logged in from 192.168.1.100
[2026-07-23 20:29:45] [INFO] Handling user request for /api/v1/data
[2026-07-23 20:29:49] [INFO] System started successfully
[2026-07-23 20:29:49] [INFO] Cache hit for key user_profile_123
[2026-07-23 20:29:51] [INFO] Handling user request for /api/v1/data
[2026-07-23 20:29:52] [INFO] System started successfully
[2026-07-23 20:29:54] [DEBUG] Parsing JSON payload
[2026-07-23 20:29:56] [INFO] Cache hit for key user_profile_123
[2026-07-23 20:29:56] [INFO] Cache hit for key user_profile_123
[2026-07-23 20:30:01] [INFO] Connection established to message queue
[2026-07-23 20:30:05] [INFO] Cache hit for key user_profile_123
[2026-07-23 20:30:06] [INFO] Cache hit for key user_profile_123
[2026-07-23 20:30:08] [WARNING] High memory usage detected (85%)
[2026-07-23 20:30:10] [INFO] User admin logged in from 192.168.1.100
[2026-07-23 20:30:13] [INFO] Successfully processed background job #4912
[2026-07-23 20:30:14] [INFO] Cache hit for key user_profile_123
[2026-07-23 20:30:15] [DEBUG] Initializing cache manager
[2026-07-23 20:30:17] [DEBUG] Initializing cache manager
[2026-07-23 20:30:18] [INFO] User admin logged in from 192.168.1.100
[2026-07-23 20:30:22] [INFO] Successfully processed background job #4912
[2026-07-23 20:30:25] [DEBUG] Fetching row 4021 from database
[2026-07-23 20:30:29] [INFO] User admin logged in from 192.168.1.100
[2026-07-23 20:30:30] [INFO] Handling user request for /api/v1/data
[2026-07-23 20:30:32] [WARNING] Rate limit approaching for IP 10.0.0.55
[2026-07-23 20:30:33] [INFO] User admin logged in from 192.168.1.100
[2026-07-23 20:30:37] [INFO] Successfully processed background job #4912
[2026-07-23 20:30:39] [INFO] Successfully processed background job #4912
[2026-07-23 20:30:43] [INFO] Cache hit for key user_profile_123
[2026-07-23 20:30:45] [INFO] Connection established to message queue
[2026-07-23 20:30:47] [INFO] Cache hit for key user_profile_123
[2026-07-23 20:30:48] [DEBUG] Fetching row 4021 from database
[2026-07-23 20:30:50] [INFO] Connection established to message queue
[2026-07-23 20:30:52] [INFO] System started successfully
[2026-07-23 20:30:54] [INFO] Handling user request for /api/v1/data
[2026-07-23 20:30:57] [INFO] Connection established to message queue
[2026-07-23 20:31:00] [INFO] User admin logged in from 192.168.1.100
[2026-07-23 20:31:04] [INFO] User admin logged in from 192.168.1.100
[2026-07-23 20:31:09] [WARNING] High memory usage detected (85%)
[2026-07-23 20:31:11] [WARNING] Rate limit approaching for IP 10.0.0.55
[2026-07-23 20:31:12] [DEBUG] Initializing cache manager
[2026-07-23 20:31:13] [INFO] User admin logged in from 192.168.1.100
[2026-07-23 20:31:14] [INFO] User admin logged in from 192.168.1.100
[2026-07-23 20:31:16] [INFO] User admin logged in from 192.168.1.100
[2026-07-23 20:31:16] [INFO] Cache hit for key user_profile_123
[2026-07-23 20:31:18] [INFO] System started successfully
[2026-07-23 20:31:20] [INFO] Successfully processed background job #4912
[2026-07-23 20:31:24] [INFO] Cache hit for key user_profile_123
[2026-07-23 20:31:28] [INFO] System started successfully
[2026-07-23 20:31:32] [DEBUG] Initializing cache manager
[2026-07-23 20:31:35] [ERROR] NullPointerException in DataProcessor class
[2026-07-23 20:31:36] [INFO] System started successfully
[2026-07-23 20:31:38] [INFO] Handling user request for /api/v1/data
[2026-07-23 20:31:38] [DEBUG] Session token refreshed
[2026-07-23 20:31:43] [ERROR] NullPointerException in DataProcessor class
[2026-07-23 20:31:43] [INFO] Cache hit for key user_profile_123
[2026-07-23 20:31:44] [INFO] Successfully processed background job #4912
[2026-07-23 20:31:47] [INFO] User admin logged in from 192.168.1.100
[2026-07-23 20:31:49] [INFO] Connection established to message queue
[2026-07-23 20:31:53] [INFO] System started successfully
[2026-07-23 20:31:55] [INFO] Successfully processed background job #4912
[2026-07-23 20:31:59] [INFO] System started successfully
[2026-07-23 20:32:00] [WARNING] Deprecated API usage detected in legacy_module.py
[2026-07-23 20:32:03] [INFO] User admin logged in from 192.168.1.100
[2026-07-23 20:32:04] [INFO] Handling user request for /api/v1/data
[2026-07-23 20:32:07] [INFO] Handling user request for /api/v1/data
[2026-07-23 20:32:09] [INFO] Connection established to message queue
[2026-07-23 20:32:09] [INFO] Successfully processed background job #4912
[2026-07-23 20:32:13] [INFO] Successfully processed background job #4912
[2026-07-23 20:32:17] [INFO] Connection established to message queue
[2026-07-23 20:32:17] [INFO] User admin logged in from 192.168.1.100
[2026-07-23 20:32:18] [DEBUG] Fetching row 4021 from database
[2026-07-23 20:32:23] [INFO] Handling user request for /api/v1/data
[2026-07-23 20:32:24] [INFO] Cache hit for key user_profile_123
[2026-07-23 20:32:29] [INFO] Cache hit for key user_profile_123
[2026-07-23 20:32:29] [INFO] User admin logged in from 192.168.1.100
[2026-07-23 20:32:31] [DEBUG] Parsing JSON payload
[2026-07-23 20:32:34] [INFO] System started successfully
[2026-07-23 20:32:35] [INFO] Cache hit for key user_profile_123
[2026-07-23 20:32:40] [DEBUG] Initializing cache manager
[2026-07-23 20:32:41] [INFO] Handling user request for /api/v1/data
[2026-07-23 20:32:45] [INFO] Cache hit for key user_profile_123
[2026-07-23 20:32:48] [INFO] Handling user request for /api/v1/data
[2026-07-23 20:32:50] [INFO] System started successfully
[2026-07-23 20:32:54] [DEBUG] Fetching row 4021 from database
[2026-07-23 20:32:59] [INFO] Successfully processed background job #4912
[2026-07-23 20:33:02] [INFO] User admin logged in from 192.168.1.100
[2026-07-23 20:33:03] [DEBUG] Initializing cache manager
[2026-07-23 20:33:04] [WARNING] High memory usage detected (85%)
[2026-07-23 20:33:06] [INFO] Handling user request for /api/v1/data
[2026-07-23 20:33:09] [WARNING] Rate limit approaching for IP 10.0.0.55
[2026-07-23 20:33:10] [INFO] System started successfully
[2026-07-23 20:33:14] [INFO] Successfully processed background job #4912
[2026-07-23 20:33:15] [INFO] Connection established to message queue
[2026-07-23 20:33:17] [INFO] Connection established to message queue
[2026-07-23 20:33:20] [INFO] Cache hit for key user_profile_123
[2026-07-23 20:33:22] [INFO] Handling user request for /api/v1/data
[2026-07-23 20:33:26] [INFO] Cache hit for key user_profile_123
[2026-07-23 20:33:28] [INFO] Handling user request for /api/v1/data
[2026-07-23 20:33:32] [INFO] System started successfully
[2026-07-23 20:33:35] [INFO] Handling user request for /api/v1/data
[2026-07-23 20:33:39] [INFO] Successfully processed background job #4912
[2026-07-23 20:33:42] [DEBUG] Initializing cache manager
[2026-07-23 20:33:43] [DEBUG] Initializing cache manager
[2026-07-23 20:33:44] [DEBUG] Parsing JSON payload
[2026-07-23 20:33:47] [INFO] User admin logged in from 192.168.1.100
[2026-07-23 20:33:51] [INFO] System started successfully
[2026-07-23 20:33:54] [INFO] Cache hit for key user_profile_123
[2026-07-23 20:33:57] [INFO] Successfully processed background job #4912
[2026-07-23 20:33:57] [DEBUG] Session token refreshed
[2026-07-23 20:33:59] [DEBUG] Session token refreshed
[2026-07-23 20:34:02] [INFO] Connection established to message queue
[2026-07-23 20:34:06] [WARNING] Deprecated API usage detected in legacy_module.py
[2026-07-23 20:34:09] [INFO] Successfully processed background job #4912
[2026-07-23 20:34:10] [INFO] User admin logged in from 192.168.1.100
[2026-07-23 20:34:11] [WARNING] High memory usage detected (85%)
[2026-07-23 20:34:15] [INFO] System started successfully
[2026-07-23 20:34:19] [INFO] User admin logged in from 192.168.1.100
[2026-07-23 20:34:21] [INFO] Successfully processed background job #4912
[2026-07-23 20:34:25] [INFO] Cache hit for key user_profile_123
[2026-07-23 20:34:30] [INFO] System started successfully
[2026-07-23 20:34:34] [WARNING] Rate limit approaching for IP 10.0.0.55
[2026-07-23 20:34:36] [ERROR] NullPointerException in DataProcessor class
[2026-07-23 20:34:41] [INFO] Successfully processed background job #4912
[2026-07-23 20:34:45] [WARNING] High memory usage detected (85%)
[2026-07-23 20:34:48] [ERROR] NullPointerException in DataProcessor class
[2026-07-23 20:34:50] [DEBUG] Fetching row 4021 from database
[2026-07-23 20:34:54] [WARNING] Deprecated API usage detected in legacy_module.py
[2026-07-23 20:34:57] [DEBUG] Initializing cache manager
[2026-07-23 20:35:00] [DEBUG] Initializing cache manager
[2026-07-23 20:35:02] [INFO] System started successfully
[2026-07-23 20:35:05] [INFO] System started successfully
[2026-07-23 20:35:06] [INFO] Cache hit for key user_profile_123
[2026-07-23 20:35:08] [DEBUG] Initializing cache manager
[2026-07-23 20:35:09] [INFO] User admin logged in from 192.168.1.100
[2026-07-23 20:35:10] [INFO] Connection established to message queue
[2026-07-23 20:35:15] [DEBUG] Parsing JSON payload
[2026-07-23 20:35:19] [INFO] Successfully processed background job #4912
[2026-07-23 20:35:22] [INFO] User admin logged in from 192.168.1.100
[2026-07-23 20:35:23] [INFO] Cache hit for key user_profile_123
[2026-07-23 20:35:25] [INFO] Cache hit for key user_profile_123
[2026-07-23 20:35:25] [INFO] System started successfully
[2026-07-23 20:35:25] [INFO] Cache hit for key user_profile_123
[2026-07-23 20:35:28] [INFO] Connection established to message queue
[2026-07-23 20:35:33] [WARNING] Rate limit approaching for IP 10.0.0.55
[2026-07-23 20:35:37] [WARNING] Rate limit approaching for IP 10.0.0.55
[2026-07-23 20:35:39] [WARNING] High memory usage detected (85%)
[2026-07-23 20:35:42] [INFO] Connection established to message queue
[2026-07-23 20:35:46] [INFO] Handling user request for /api/v1/data
[2026-07-23 20:35:48] [INFO] Handling user request for /api/v1/data
[2026-07-23 20:35:52] [INFO] Cache hit for key user_profile_123
[2026-07-23 20:35:53] [WARNING] Deprecated API usage detected in legacy_module.py
[2026-07-23 20:35:56] [DEBUG] Initializing cache manager
[2026-07-23 20:36:01] [INFO] Connection established to message queue
[2026-07-23 20:36:04] [INFO] Cache hit for key user_profile_123
[2026-07-23 20:36:07] [INFO] Successfully processed background job #4912
[2026-07-23 20:36:10] [INFO] User admin logged in from 192.168.1.100
[2026-07-23 20:36:14] [DEBUG] Parsing JSON payload
[2026-07-23 20:36:17] [INFO] Handling user request for /api/v1/data
[2026-07-23 20:36:20] [INFO] Cache hit for key user_profile_123
[2026-07-23 20:36:21] [DEBUG] Parsing JSON payload
[2026-07-23 20:36:23] [INFO] Handling user request for /api/v1/data
[2026-07-23 20:36:24] [ERROR] Database connection failed: Connection refused
[2026-07-23 20:36:25] [DEBUG] Initializing cache manager
[2026-07-23 20:36:26] [INFO] User admin logged in from 192.168.1.100
[2026-07-23 20:36:27] [WARNING] Rate limit approaching for IP 10.0.0.55
[2026-07-23 20:36:27] [INFO] Connection established to message queue
[2026-07-23 20:36:30] [INFO] User admin logged in from 192.168.1.100
[2026-07-23 20:36:34] [DEBUG] Parsing JSON payload
[2026-07-23 20:36:37] [INFO] System started successfully
[2026-07-23 20:36:41] [INFO] Handling user request for /api/v1/data
[2026-07-23 20:36:46] [DEBUG] Session token refreshed
[2026-07-23 20:36:50] [INFO] Handling user request for /api/v1/data
[2026-07-23 20:36:51] [INFO] Handling user request for /api/v1/data
[2026-07-23 20:36:52] [INFO] System started successfully
[2026-07-23 20:36:53] [INFO] Handling user request for /api/v1/data
[2026-07-23 20:36:54] [INFO] Handling user request for /api/v1/data
[2026-07-23 20:36:58] [ERROR] Authentication failed for user guest
[2026-07-23 20:37:01] [INFO] Handling user request for /api/v1/data
[2026-07-23 20:37:05] [DEBUG] Initializing cache manager
[2026-07-23 20:37:10] [INFO] Cache hit for key user_profile_123
[2026-07-23 20:37:11] [ERROR] Database connection failed: Connection refused
[2026-07-23 20:37:13] [INFO] Connection established to message queue
[2026-07-23 20:37:14] [WARNING] Deprecated API usage detected in legacy_module.py
[2026-07-23 20:37:17] [DEBUG] Initializing cache manager
[2026-07-23 20:37:20] [INFO] Connection established to message queue
[2026-07-23 20:37:20] [DEBUG] Parsing JSON payload
[2026-07-23 20:37:24] [INFO] User admin logged in from 192.168.1.100
[2026-07-23 20:37:25] [INFO] User admin logged in from 192.168.1.100
[2026-07-23 20:37:27] [INFO] Successfully processed background job #4912
[2026-07-23 20:37:30] [WARNING] High memory usage detected (85%)
[2026-07-23 20:37:33] [INFO] Handling user request for /api/v1/data
[2026-07-23 20:37:35] [INFO] Successfully processed background job #4912
[2026-07-23 20:37:35] [DEBUG] Parsing JSON payload
[2026-07-23 20:37:36] [INFO] Connection established to message queue
[2026-07-23 20:37:38] [INFO] Connection established to message queue
[2026-07-23 20:37:42] [INFO] User admin logged in from 192.168.1.100
[2026-07-23 20:37:44] [ERROR] Invalid password provided for account admin
[2026-07-23 20:37:47] [INFO] System started successfully
[2026-07-23 20:37:49] [INFO] Connection established to message queue
[2026-07-23 20:37:51] [INFO] Connection established to message queue
[2026-07-23 20:37:54] [INFO] Successfully processed background job #4912
[2026-07-23 20:37:56] [INFO] Successfully processed background job #4912
[2026-07-23 20:37:59] [INFO] User admin logged in from 192.168.1.100
[2026-07-23 20:37:59] [WARNING] Rate limit approaching for IP 10.0.0.55
[2026-07-23 20:38:03] [INFO] User admin logged in from 192.168.1.100
[2026-07-23 20:38:07] [INFO] Cache hit for key user_profile_123
[2026-07-23 20:38:11] [INFO] Connection established to message queue
[2026-07-23 20:38:12] [INFO] Successfully processed background job #4912
[2026-07-23 20:38:14] [INFO] User admin logged in from 192.168.1.100
[2026-07-23 20:38:16] [WARNING] High memory usage detected (85%)
[2026-07-23 20:38:19] [INFO] Connection established to message queue
[2026-07-23 20:38:21] [INFO] Connection established to message queue
[2026-07-23 20:38:26] [INFO] Cache hit for key user_profile_123
[2026-07-23 20:38:27] [ERROR] NullPointerException in DataProcessor class
[2026-07-23 20:38:28] [WARNING] High memory usage detected (85%)
[2026-07-23 20:38:30] [INFO] System started successfully
[2026-07-23 20:38:35] [INFO] Handling user request for /api/v1/data
[2026-07-23 20:38:37] [DEBUG] Initializing cache manager
[2026-07-23 20:38:39] [INFO] Connection established to message queue
[2026-07-23 20:38:42] [ERROR] Invalid password provided for account admin
[2026-07-23 20:38:45] [INFO] Connection established to message queue
[2026-07-23 20:38:47] [WARNING] Deprecated API usage detected in legacy_module.py
[2026-07-23 20:38:48] [INFO] Cache hit for key user_profile_123
[2026-07-23 20:38:50] [INFO] Successfully processed background job #4912
[2026-07-23 20:38:54] [INFO] Cache hit for key user_profile_123
[2026-07-23 20:38:59] [INFO] Cache hit for key user_profile_123
[2026-07-23 20:39:03] [INFO] System started successfully
[2026-07-23 20:39:07] [WARNING] Rate limit approaching for IP 10.0.0.55
[2026-07-23 20:39:08] [INFO] Successfully processed background job #4912
[2026-07-23 20:39:12] [INFO] Successfully processed background job #4912
[2026-07-23 20:39:15] [INFO] Successfully processed background job #4912
[2026-07-23 20:39:19] [DEBUG] Initializing cache manager
[2026-07-23 20:39:21] [INFO] Handling user request for /api/v1/data
[2026-07-23 20:39:23] [INFO] Handling user request for /api/v1/data
[2026-07-23 20:39:25] [DEBUG] Fetching row 4021 from database
[2026-07-23 20:39:28] [INFO] Handling user request for /api/v1/data
[2026-07-23 20:39:29] [ERROR] Invalid password provided for account admin
[2026-07-23 20:39:32] [INFO] User admin logged in from 192.168.1.100
[2026-07-23 20:39:37] [DEBUG] Session token refreshed
[2026-07-23 20:39:39] [INFO] User admin logged in from 192.168.1.100
[2026-07-23 20:39:44] [INFO] User admin logged in from 192.168.1.100
[2026-07-23 20:39:48] [DEBUG] Fetching row 4021 from database
[2026-07-23 20:39:53] [ERROR] Invalid password provided for account admin
[2026-07-23 20:39:53] [INFO] User admin logged in from 192.168.1.100
[2026-07-23 20:39:55] [ERROR] MySQL Error: Deadlock found when trying to get lock
[2026-07-23 20:39:57] [INFO] Cache hit for key user_profile_123
[2026-07-23 20:39:59] [INFO] User admin logged in from 192.168.1.100
[2026-07-23 20:40:02] [WARNING] High memory usage detected (85%)
[2026-07-23 20:40:04] [INFO] Handling user request for /api/v1/data
[2026-07-23 20:40:06] [ERROR] Invalid password provided for account admin
[2026-07-23 20:40:09] [INFO] User admin logged in from 192.168.1.100
[2026-07-23 20:40:10] [INFO] Connection established to message queue
[2026-07-23 20:40:13] [INFO] Handling user request for /api/v1/data
[2026-07-23 20:40:15] [DEBUG] Fetching row 4021 from database
[2026-07-23 20:40:16] [INFO] Handling user request for /api/v1/data
[2026-07-23 20:40:19] [INFO] System started successfully
[2026-07-23 20:40:21] [INFO] Successfully processed background job #4912
[2026-07-23 20:40:25] [INFO] Cache hit for key user_profile_123
[2026-07-23 20:40:29] [INFO] User admin logged in from 192.168.1.100
[2026-07-23 20:40:30] [WARNING] Deprecated API usage detected in legacy_module.py
[2026-07-23 20:40:32] [DEBUG] Initializing cache manager
[2026-07-23 20:40:33] [INFO] Cache hit for key user_profile_123
[2026-07-23 20:40:35] [INFO] Cache hit for key user_profile_123
[2026-07-23 20:40:35] [ERROR] MySQL Error: Deadlock found when trying to get lock
[2026-07-23 20:40:35] [INFO] Connection established to message queue
[2026-07-23 20:40:38] [INFO] Handling user request for /api/v1/data
[2026-07-23 20:40:40] [INFO] Successfully processed background job #4912
[2026-07-23 20:40:45] [DEBUG] Session token refreshed
[2026-07-23 20:40:45] [INFO] Successfully processed background job #4912
[2026-07-23 20:40:48] [INFO] Successfully processed background job #4912
[2026-07-23 20:40:52] [INFO] User admin logged in from 192.168.1.100
[2026-07-23 20:40:54] [INFO] Connection established to message queue
[2026-07-23 20:40:55] [DEBUG] Initializing cache manager
[2026-07-23 20:40:57] [DEBUG] Fetching row 4021 from database
[2026-07-23 20:40:59] [INFO] Connection established to message queue
[2026-07-23 20:41:01] [INFO] Cache hit for key user_profile_123
[2026-07-23 20:41:05] [INFO] Handling user request for /api/v1/data
[2026-07-23 20:41:06] [INFO] Cache hit for key user_profile_123
[2026-07-23 20:41:11] [ERROR] Invalid password provided for account admin
[2026-07-23 20:41:15] [INFO] User admin logged in from 192.168.1.100
[2026-07-23 20:41:15] [INFO] User admin logged in from 192.168.1.100
[2026-07-23 20:41:20] [WARNING] Rate limit approaching for IP 10.0.0.55
[2026-07-23 20:41:21] [INFO] User admin logged in from 192.168.1.100
[2026-07-23 20:41:21] [DEBUG] Session token refreshed
[2026-07-23 20:41:24] [INFO] User admin logged in from 192.168.1.100
[2026-07-23 20:41:27] [INFO] Successfully processed background job #4912
[2026-07-23 20:41:30] [INFO] Successfully processed background job #4912
[2026-07-23 20:41:33] [INFO] Successfully processed background job #4912
[2026-07-23 20:41:37] [INFO] Successfully processed background job #4912
[2026-07-23 20:41:40] [DEBUG] Initializing cache manager
[2026-07-23 20:41:44] [DEBUG] Initializing cache manager
[2026-07-23 20:41:45] [INFO] Handling user request for /api/v1/data
[2026-07-23 20:41:49] [INFO] System started successfully
[2026-07-23 20:41:51] [INFO] Connection established to message queue
[2026-07-23 20:41:55] [ERROR] Invalid password provided for account admin
[2026-07-23 20:41:58] [INFO] Handling user request for /api/v1/data
[2026-07-23 20:42:00] [DEBUG] Parsing JSON payload
[2026-07-23 20:42:02] [WARNING] High memory usage detected (85%)
[2026-07-23 20:42:04] [INFO] Successfully processed background job #4912
[2026-07-23 20:42:05] [ERROR] Invalid password provided for account admin
[2026-07-23 20:42:10] [INFO] Cache hit for key user_profile_123
[2026-07-23 20:42:13] [DEBUG] Fetching row 4021 from database
[2026-07-23 20:42:17] [INFO] User admin logged in from 192.168.1.100
[2026-07-23 20:42:22] [DEBUG] Parsing JSON payload
[2026-07-23 20:42:22] [DEBUG] Session token refreshed
[2026-07-23 20:42:25] [INFO] System started successfully
[2026-07-23 20:42:28] [WARNING] Rate limit approaching for IP 10.0.0.55
[2026-07-23 20:42:31] [INFO] Connection established to message queue
[2026-07-23 20:42:35] [INFO] Connection established to message queue
[2026-07-23 20:42:37] [INFO] Cache hit for key user_profile_123
[2026-07-23 20:42:41] [WARNING] High memory usage detected (85%)
[2026-07-23 20:42:44] [INFO] Handling user request for /api/v1/data
[2026-07-23 20:42:46] [INFO] User admin logged in from 192.168.1.100
[2026-07-23 20:42:51] [INFO] System started successfully
[2026-07-23 20:42:55] [INFO] Connection established to message queue
[2026-07-23 20:42:56] [INFO] Cache hit for key user_profile_123
[2026-07-23 20:43:00] [INFO] Cache hit for key user_profile_123
[2026-07-23 20:43:01] [INFO] System started successfully
[2026-07-23 20:43:02] [INFO] Handling user request for /api/v1/data
[2026-07-23 20:43:06] [INFO] User admin logged in from 192.168.1.100
[2026-07-23 20:43:11] [INFO] User admin logged in from 192.168.1.100
[2026-07-23 20:43:16] [INFO] System started successfully
[2026-07-23 20:43:16] [DEBUG] Parsing JSON payload
[2026-07-23 20:43:20] [INFO] Handling user request for /api/v1/data
[2026-07-23 20:43:22] [DEBUG] Parsing JSON payload
[2026-07-23 20:43:25] [ERROR] Authentication failed for user guest
[2026-07-23 20:43:29] [INFO] Connection established to message queue
[2026-07-23 20:43:34] [INFO] Cache hit for key user_profile_123
[2026-07-23 20:43:37] [WARNING] Deprecated API usage detected in legacy_module.py
[2026-07-23 20:43:40] [ERROR] Authentication failed for user guest
[2026-07-23 20:43:41] [INFO] Connection established to message queue
[2026-07-23 20:43:44] [INFO] Handling user request for /api/v1/data
[2026-07-23 20:43:45] [ERROR] MySQL Error: Deadlock found when trying to get lock
[2026-07-23 20:43:49] [INFO] Connection established to message queue
[2026-07-23 20:43:51] [DEBUG] Parsing JSON payload
[2026-07-23 20:43:52] [INFO] Cache hit for key user_profile_123
[2026-07-23 20:43:57] [INFO] User admin logged in from 192.168.1.100
[2026-07-23 20:43:58] [INFO] System started successfully
[2026-07-23 20:44:01] [ERROR] Invalid password provided for account admin
[2026-07-23 20:44:01] [INFO] User admin logged in from 192.168.1.100
[2026-07-23 20:44:03] [INFO] User admin logged in from 192.168.1.100
[2026-07-23 20:44:03] [INFO] Connection established to message queue
[2026-07-23 20:44:04] [INFO] Cache hit for key user_profile_123
[2026-07-23 20:44:08] [ERROR] MySQL Error: Deadlock found when trying to get lock
[2026-07-23 20:44:13] [INFO] System started successfully
[2026-07-23 20:44:14] [INFO] System started successfully
[2026-07-23 20:44:19] [INFO] Cache hit for key user_profile_123
[2026-07-23 20:44:24] [INFO] User admin logged in from 192.168.1.100
[2026-07-23 20:44:26] [INFO] Connection established to message queue
[2026-07-23 20:44:30] [INFO] User admin logged in from 192.168.1.100
[2026-07-23 20:44:32] [INFO] Cache hit for key user_profile_123
[2026-07-23 20:44:34] [INFO] System started successfully
[2026-07-23 20:44:36] [INFO] Cache hit for key user_profile_123
[2026-07-23 20:44:37] [INFO] User admin logged in from 192.168.1.100
[2026-07-23 20:44:40] [DEBUG] Session token refreshed
[2026-07-23 20:44:41] [WARNING] High memory usage detected (85%)
[2026-07-23 20:44:44] [WARNING] High memory usage detected (85%)
[2026-07-23 20:44:48] [INFO] User admin logged in from 192.168.1.100
[2026-07-23 20:44:50] [INFO] Handling user request for /api/v1/data
[2026-07-23 20:44:55] [ERROR] Invalid password provided for account admin
[2026-07-23 20:44:59] [INFO] System started successfully
[2026-07-23 20:45:04] [WARNING] Deprecated API usage detected in legacy_module.py
[2026-07-23 20:45:05] [INFO] Connection established to message queue
[2026-07-23 20:45:07] [INFO] Successfully processed background job #4912
[2026-07-23 20:45:09] [DEBUG] Fetching row 4021 from database
[2026-07-23 20:45:12] [INFO] User admin logged in from 192.168.1.100
[2026-07-23 20:45:13] [INFO] System started successfully
[2026-07-23 20:45:14] [INFO] System started successfully
[2026-07-23 20:45:18] [INFO] Handling user request for /api/v1/data
[2026-07-23 20:45:22] [INFO] Successfully processed background job #4912
[2026-07-23 20:45:22] [INFO] Handling user request for /api/v1/data
[2026-07-23 20:45:24] [INFO] System started successfully
[2026-07-23 20:45:26] [DEBUG] Initializing cache manager
[2026-07-23 20:45:28] [INFO] System started successfully
[2026-07-23 20:45:32] [DEBUG] Session token refreshed
[2026-07-23 20:45:35] [DEBUG] Parsing JSON payload
[2026-07-23 20:45:39] [INFO] User admin logged in from 192.168.1.100
[2026-07-23 20:45:41] [INFO] Cache hit for key user_profile_123
[2026-07-23 20:45:46] [INFO] User admin logged in from 192.168.1.100
[2026-07-23 20:45:47] [CRITICAL] Disk space exhausted on /var/log
[2026-07-23 20:45:52] [WARNING] High memory usage detected (85%)
[2026-07-23 20:45:55] [INFO] System started successfully
[2026-07-23 20:45:56] [INFO] Successfully processed background job #4912
[2026-07-23 20:45:57] [INFO] Cache hit for key user_profile_123
[2026-07-23 20:45:58] [INFO] Handling user request for /api/v1/data
[2026-07-23 20:46:03] [INFO] Successfully processed background job #4912
[2026-07-23 20:46:06] [INFO] System started successfully
[2026-07-23 20:46:09] [INFO] Cache hit for key user_profile_123
[2026-07-23 20:46:09] [INFO] Handling user request for /api/v1/data
[2026-07-23 20:46:10] [INFO] Handling user request for /api/v1/data
[2026-07-23 20:46:14] [INFO] Successfully processed background job #4912
[2026-07-23 20:46:18] [INFO] Connection established to message queue
[2026-07-23 20:46:21] [INFO] Cache hit for key user_profile_123
[2026-07-23 20:46:26] [INFO] System started successfully
[2026-07-23 20:46:27] [INFO] Handling user request for /api/v1/data
[2026-07-23 20:46:27] [INFO] User admin logged in from 192.168.1.100
[2026-07-23 20:46:31] [INFO] Handling user request for /api/v1/data
[2026-07-23 20:46:35] [ERROR] MySQL Error: Deadlock found when trying to get lock
[2026-07-23 20:46:36] [DEBUG] Initializing cache manager
[2026-07-23 20:46:37] [INFO] Connection established to message queue
[2026-07-23 20:46:41] [INFO] Connection established to message queue
[2026-07-23 20:46:45] [INFO] Cache hit for key user_profile_123
[2026-07-23 20:46:46] [DEBUG] Parsing JSON payload
[2026-07-23 20:46:49] [INFO] System started successfully
[2026-07-23 20:46:52] [ERROR] Invalid password provided for account admin
[2026-07-23 20:46:57] [INFO] Connection established to message queue
[2026-07-23 20:47:00] [DEBUG] Initializing cache manager
[2026-07-23 20:47:03] [INFO] Handling user request for /api/v1/data
[2026-07-23 20:47:04] [WARNING] Deprecated API usage detected in legacy_module.py
[2026-07-23 20:47:08] [INFO] Successfully processed background job #4912
[2026-07-23 20:47:12] [DEBUG] Session token refreshed
[2026-07-23 20:47:14] [INFO] Successfully processed background job #4912
[2026-07-23 20:47:15] [INFO] Successfully processed background job #4912
[2026-07-23 20:47:16] [INFO] Connection established to message queue
[2026-07-23 20:47:20] [INFO] System started successfully
[2026-07-23 20:47:24] [DEBUG] Fetching row 4021 from database
[2026-07-23 20:47:24] [DEBUG] Parsing JSON payload
[2026-07-23 20:47:28] [INFO] User admin logged in from 192.168.1.100
[2026-07-23 20:47:30] [INFO] User admin logged in from 192.168.1.100
[2026-07-23 20:47:32] [INFO] System started successfully
[2026-07-23 20:47:35] [INFO] System started successfully
[2026-07-23 20:47:37] [INFO] Successfully processed background job #4912
[2026-07-23 20:47:41] [INFO] Cache hit for key user_profile_123
[2026-07-23 20:47:42] [INFO] System started successfully
[2026-07-23 20:47:47] [INFO] Cache hit for key user_profile_123
[2026-07-23 20:47:47] [INFO] User admin logged in from 192.168.1.100
[2026-07-23 20:47:49] [INFO] Handling user request for /api/v1/data
[2026-07-23 20:47:50] [INFO] Connection established to message queue
[2026-07-23 20:47:54] [INFO] System started successfully
[2026-07-23 20:47:58] [INFO] Successfully processed background job #4912
[2026-07-23 20:48:03] [INFO] Cache hit for key user_profile_123
[2026-07-23 20:48:07] [INFO] System started successfully
[2026-07-23 20:48:08] [WARNING] Deprecated API usage detected in legacy_module.py
[2026-07-23 20:48:11] [INFO] Handling user request for /api/v1/data
[2026-07-23 20:48:12] [INFO] Handling user request for /api/v1/data
[2026-07-23 20:48:12] [WARNING] Rate limit approaching for IP 10.0.0.55
[2026-07-23 20:48:12] [INFO] Cache hit for key user_profile_123
[2026-07-23 20:48:12] [INFO] Connection established to message queue
[2026-07-23 20:48:13] [INFO] Cache hit for key user_profile_123
[2026-07-23 20:48:14] [INFO] Cache hit for key user_profile_123
[2026-07-23 20:48:16] [INFO] Connection established to message queue
[2026-07-23 20:48:20] [ERROR] MySQL Error: Deadlock found when trying to get lock
[2026-07-23 20:48:20] [DEBUG] Session token refreshed
[2026-07-23 20:48:21] [INFO] Connection established to message queue
[2026-07-23 20:48:24] [INFO] Handling user request for /api/v1/data
[2026-07-23 20:48:28] [DEBUG] Fetching row 4021 from database
[2026-07-23 20:48:30] [CRITICAL] Service crashed with exit code 137
[2026-07-23 20:48:31] [INFO] Cache hit for key user_profile_123
[2026-07-23 20:48:35] [INFO] Handling user request for /api/v1/data
[2026-07-23 20:48:38] [INFO] Connection established to message queue
[2026-07-23 20:48:43] [INFO] Cache hit for key user_profile_123
[2026-07-23 20:48:46] [INFO] Connection established to message queue
[2026-07-23 20:48:49] [INFO] Connection established to message queue
[2026-07-23 20:48:52] [WARNING] High memory usage detected (85%)
[2026-07-23 20:48:56] [DEBUG] Fetching row 4021 from database
[2026-07-23 20:49:00] [INFO] Cache hit for key user_profile_123
[2026-07-23 20:49:02] [DEBUG] Session token refreshed
[2026-07-23 20:49:06] [DEBUG] Parsing JSON payload
[2026-07-23 20:49:07] [INFO] Successfully processed background job #4912
[2026-07-23 20:49:12] [INFO] Handling user request for /api/v1/data
[2026-07-23 20:49:15] [WARNING] Deprecated API usage detected in legacy_module.py
[2026-07-23 20:49:19] [ERROR] MySQL Error: Deadlock found when trying to get lock
[2026-07-23 20:49:21] [DEBUG] Fetching row 4021 from database
[2026-07-23 20:49:23] [DEBUG] Session token refreshed
[2026-07-23 20:49:26] [INFO] Cache hit for key user_profile_123
[2026-07-23 20:49:29] [WARNING] High memory usage detected (85%)
[2026-07-23 20:49:31] [INFO] Cache hit for key user_profile_123
[2026-07-23 20:49:35] [INFO] System started successfully
[2026-07-23 20:49:39] [DEBUG] Parsing JSON payload
[2026-07-23 20:49:43] [INFO] System started successfully
[2026-07-23 20:49:45] [CRITICAL] Service crashed with exit code 137
[2026-07-23 20:49:49] [INFO] Connection established to message queue
[2026-07-23 20:49:50] [INFO] Connection established to message queue
[2026-07-23 20:49:53] [INFO] Successfully processed background job #4912
[2026-07-23 20:49:56] [INFO] Connection established to message queue
[2026-07-23 20:49:59] [DEBUG] Initializing cache manager
[2026-07-23 20:50:01] [ERROR] Database connection failed: Connection refused
[2026-07-23 20:50:05] [INFO] User admin logged in from 192.168.1.100
[2026-07-23 20:50:08] [DEBUG] Session token refreshed
[2026-07-23 20:50:10] [INFO] Successfully processed background job #4912
[2026-07-23 20:50:12] [INFO] Handling user request for /api/v1/data
[2026-07-23 20:50:16] [WARNING] High memory usage detected (85%)
[2026-07-23 20:50:18] [INFO] User admin logged in from 192.168.1.100
[2026-07-23 20:50:22] [WARNING] High memory usage detected (85%)
[2026-07-23 20:50:23] [INFO] Successfully processed background job #4912
[2026-07-23 20:50:27] [INFO] System started successfully
[2026-07-23 20:50:28] [INFO] Handling user request for /api/v1/data
[2026-07-23 20:50:32] [DEBUG] Initializing cache manager
[2026-07-23 20:50:36] [INFO] System started successfully
[2026-07-23 20:50:38] [INFO] Handling user request for /api/v1/data
[2026-07-23 20:50:40] [ERROR] MySQL Error: Deadlock found when trying to get lock
[2026-07-23 20:50:43] [INFO] Successfully processed background job #4912
[2026-07-23 20:50:46] [INFO] Handling user request for /api/v1/data
[2026-07-23 20:50:47] [INFO] Connection established to message queue
[2026-07-23 20:50:47] [DEBUG] Initializing cache manager
[2026-07-23 20:50:51] [DEBUG] Fetching row 4021 from database
[2026-07-23 20:50:54] [INFO] User admin logged in from 192.168.1.100
[2026-07-23 20:50:58] [INFO] Connection established to message queue
[2026-07-23 20:51:03] [ERROR] NullPointerException in DataProcessor class
[2026-07-23 20:51:07] [ERROR] Invalid password provided for account admin
[2026-07-23 20:51:11] [WARNING] Deprecated API usage detected in legacy_module.py
[2026-07-23 20:51:15] [INFO] System started successfully
[2026-07-23 20:51:16] [INFO] Connection established to message queue
[2026-07-23 20:51:21] [INFO] System started successfully
[2026-07-23 20:51:25] [DEBUG] Initializing cache manager
[2026-07-23 20:51:27] [INFO] Handling user request for /api/v1/data
[2026-07-23 20:51:30] [DEBUG] Initializing cache manager
[2026-07-23 20:51:31] [INFO] User admin logged in from 192.168.1.100
[2026-07-23 20:51:34] [DEBUG] Fetching row 4021 from database
[2026-07-23 20:51:38] [INFO] User admin logged in from 192.168.1.100
[2026-07-23 20:51:40] [WARNING] Rate limit approaching for IP 10.0.0.55
[2026-07-23 20:51:44] [INFO] Cache hit for key user_profile_123
[2026-07-23 20:51:48] [INFO] Successfully processed background job #4912
[2026-07-23 20:51:53] [INFO] System started successfully
[2026-07-23 20:51:58] [INFO] Cache hit for key user_profile_123
[2026-07-23 20:52:01] [INFO] System started successfully
[2026-07-23 20:52:05] [INFO] System started successfully
[2026-07-23 20:52:07] [INFO] Successfully processed background job #4912
[2026-07-23 20:52:10] [ERROR] Invalid password provided for account admin
[2026-07-23 20:52:12] [INFO] User admin logged in from 192.168.1.100
[2026-07-23 20:52:15] [INFO] User admin logged in from 192.168.1.100
[2026-07-23 20:52:20] [INFO] Handling user request for /api/v1/data
[2026-07-23 20:52:21] [INFO] User admin logged in from 192.168.1.100
[2026-07-23 20:52:23] [INFO] Connection established to message queue
[2026-07-23 20:52:25] [DEBUG] Parsing JSON payload
[2026-07-23 20:52:25] [INFO] Handling user request for /api/v1/data
[2026-07-23 20:52:28] [ERROR] Authentication failed for user guest
[2026-07-23 20:52:32] [DEBUG] Session token refreshed
[2026-07-23 20:52:34] [INFO] Connection established to message queue
[2026-07-23 20:52:39] [INFO] Connection established to message queue
[2026-07-23 20:52:41] [INFO] Connection established to message queue
[2026-07-23 20:52:43] [WARNING] Deprecated API usage detected in legacy_module.py
[2026-07-23 20:52:44] [INFO] Cache hit for key user_profile_123
[2026-07-23 20:52:45] [INFO] Connection established to message queue
[2026-07-23 20:52:46] [INFO] Cache hit for key user_profile_123
[2026-07-23 20:52:46] [INFO] Cache hit for key user_profile_123
[2026-07-23 20:52:50] [INFO] User admin logged in from 192.168.1.100
[2026-07-23 20:52:53] [DEBUG] Initializing cache manager
[2026-07-23 20:52:56] [INFO] System started successfully
[2026-07-23 20:52:56] [INFO] System started successfully
[2026-07-23 20:52:59] [ERROR] Authentication failed for user guest
[2026-07-23 20:53:00] [ERROR] Authentication failed for user guest
[2026-07-23 20:53:04] [INFO] Connection established to message queue
[2026-07-23 20:53:05] [INFO] System started successfully
[2026-07-23 20:53:09] [INFO] User admin logged in from 192.168.1.100
[2026-07-23 20:53:11] [INFO] System started successfully
[2026-07-23 20:53:13] [ERROR] Authentication failed for user guest
[2026-07-23 20:53:18] [INFO] Connection established to message queue
[2026-07-23 20:53:22] [INFO] System started successfully
[2026-07-23 20:53:26] [INFO] System started successfully
[2026-07-23 20:53:29] [INFO] Connection established to message queue
[2026-07-23 20:53:31] [INFO] System started successfully
[2026-07-23 20:53:32] [ERROR] NullPointerException in DataProcessor class
[2026-07-23 20:53:34] [INFO] Connection established to message queue
[2026-07-23 20:53:39] [INFO] Successfully processed background job #4912
[2026-07-23 20:53:41] [ERROR] MySQL Error: Deadlock found when trying to get lock
[2026-07-23 20:53:45] [WARNING] High memory usage detected (85%)
[2026-07-23 20:53:45] [WARNING] High memory usage detected (85%)
[2026-07-23 20:53:49] [DEBUG] Fetching row 4021 from database
[2026-07-23 20:53:51] [INFO] User admin logged in from 192.168.1.100
[2026-07-23 20:53:54] [INFO] User admin logged in from 192.168.1.100
[2026-07-23 20:53:57] [INFO] System started successfully
[2026-07-23 20:53:58] [INFO] Connection established to message queue
[2026-07-23 20:53:58] [INFO] Cache hit for key user_profile_123
[2026-07-23 20:54:00] [INFO] User admin logged in from 192.168.1.100
[2026-07-23 20:54:02] [DEBUG] Parsing JSON payload
[2026-07-23 20:54:02] [INFO] System started successfully
[2026-07-23 20:54:02] [INFO] System started successfully
[2026-07-23 20:54:05] [INFO] System started successfully
[2026-07-23 20:54:05] [INFO] User admin logged in from 192.168.1.100
[2026-07-23 20:54:09] [INFO] Successfully processed background job #4912
[2026-07-23 20:54:13] [INFO] Cache hit for key user_profile_123
[2026-07-23 20:54:17] [ERROR] Database connection failed: Connection refused
[2026-07-23 20:54:18] [INFO] Handling user request for /api/v1/data
[2026-07-23 20:54:23] [INFO] Handling user request for /api/v1/data
[2026-07-23 20:54:24] [INFO] Cache hit for key user_profile_123
[2026-07-23 20:54:28] [INFO] Successfully processed background job #4912
[2026-07-23 20:54:33] [WARNING] Rate limit approaching for IP 10.0.0.55
[2026-07-23 20:54:34] [WARNING] Rate limit approaching for IP 10.0.0.55
[2026-07-23 20:54:35] [INFO] System started successfully
[2026-07-23 20:54:40] [INFO] Cache hit for key user_profile_123
[2026-07-23 20:54:40] [INFO] Cache hit for key user_profile_123
[2026-07-23 20:54:42] [INFO] Cache hit for key user_profile_123
[2026-07-23 20:54:44] [INFO] System started successfully
[2026-07-23 20:54:49] [INFO] Successfully processed background job #4912
[2026-07-23 20:54:52] [WARNING] Deprecated API usage detected in legacy_module.py
[2026-07-23 20:54:54] [INFO] Cache hit for key user_profile_123
[2026-07-23 20:54:57] [INFO] Handling user request for /api/v1/data
[2026-07-23 20:54:57] [INFO] Cache hit for key user_profile_123
[2026-07-23 20:55:01] [WARNING] Deprecated API usage detected in legacy_module.py
[2026-07-23 20:55:05] [DEBUG] Session token refreshed
[2026-07-23 20:55:09] [INFO] System started successfully
[2026-07-23 20:55:12] [INFO] Successfully processed background job #4912
[2026-07-23 20:55:15] [INFO] Successfully processed background job #4912
[2026-07-23 20:55:17] [INFO] Connection established to message queue
[2026-07-23 20:55:21] [DEBUG] Session token refreshed
[2026-07-23 20:55:23] [INFO] Successfully processed background job #4912
[2026-07-23 20:55:26] [INFO] System started successfully
[2026-07-23 20:55:27] [DEBUG] Fetching row 4021 from database
[2026-07-23 20:55:28] [INFO] Successfully processed background job #4912
[2026-07-23 20:55:29] [DEBUG] Fetching row 4021 from database
[2026-07-23 20:55:32] [INFO] Successfully processed background job #4912
[2026-07-23 20:55:34] [DEBUG] Initializing cache manager
[2026-07-23 20:55:39] [INFO] Handling user request for /api/v1/data
[2026-07-23 20:55:41] [INFO] Successfully processed background job #4912
[2026-07-23 20:55:44] [INFO] Cache hit for key user_profile_123
[2026-07-23 20:55:46] [WARNING] Rate limit approaching for IP 10.0.0.55
[2026-07-23 20:55:48] [INFO] System started successfully
[2026-07-23 20:55:52] [INFO] User admin logged in from 192.168.1.100
[2026-07-23 20:55:56] [DEBUG] Fetching row 4021 from database
[2026-07-23 20:55:58] [DEBUG] Initializing cache manager
[2026-07-23 20:56:01] [DEBUG] Parsing JSON payload
[2026-07-23 20:56:02] [WARNING] High memory usage detected (85%)
[2026-07-23 20:56:06] [DEBUG] Initializing cache manager
[2026-07-23 20:56:11] [INFO] User admin logged in from 192.168.1.100
[2026-07-23 20:56:13] [INFO] User admin logged in from 192.168.1.100
[2026-07-23 20:56:18] [INFO] Successfully processed background job #4912
[2026-07-23 20:56:23] [INFO] Cache hit for key user_profile_123
[2026-07-23 20:56:23] [DEBUG] Fetching row 4021 from database
[2026-07-23 20:56:26] [INFO] Connection established to message queue
[2026-07-23 20:56:30] [INFO] Handling user request for /api/v1/data
[2026-07-23 20:56:35] [DEBUG] Parsing JSON payload
[2026-07-23 20:56:35] [INFO] User admin logged in from 192.168.1.100
[2026-07-23 20:56:37] [INFO] Cache hit for key user_profile_123
[2026-07-23 20:56:39] [ERROR] MySQL Error: Deadlock found when trying to get lock
[2026-07-23 20:56:42] [INFO] Handling user request for /api/v1/data
[2026-07-23 20:56:43] [INFO] Connection established to message queue
[2026-07-23 20:56:45] [ERROR] MySQL Error: Deadlock found when trying to get lock
[2026-07-23 20:56:47] [DEBUG] Session token refreshed
[2026-07-23 20:56:49] [ERROR] Database connection failed: Connection refused
[2026-07-23 20:56:52] [INFO] Cache hit for key user_profile_123
[2026-07-23 20:56:55] [INFO] Handling user request for /api/v1/data
[2026-07-23 20:56:58] [INFO] Connection established to message queue
[2026-07-23 20:56:58] [INFO] Connection established to message queue
[2026-07-23 20:57:00] [INFO] Cache hit for key user_profile_123
[2026-07-23 20:57:05] [WARNING] Deprecated API usage detected in legacy_module.py
[2026-07-23 20:57:10] [INFO] Connection established to message queue
[2026-07-23 20:57:13] [ERROR] Database connection failed: Connection refused
[2026-07-23 20:57:18] [INFO] Handling user request for /api/v1/data
[2026-07-23 20:57:18] [INFO] Successfully processed background job #4912
[2026-07-23 20:57:23] [INFO] User admin logged in from 192.168.1.100
[2026-07-23 20:57:27] [INFO] Handling user request for /api/v1/data
[2026-07-23 20:57:31] [INFO] Connection established to message queue
[2026-07-23 20:57:34] [INFO] Connection established to message queue
[2026-07-23 20:57:36] [INFO] Connection established to message queue
[2026-07-23 20:57:38] [INFO] Successfully processed background job #4912
[2026-07-23 20:57:38] [INFO] User admin logged in from 192.168.1.100
[2026-07-23 20:57:40] [ERROR] NullPointerException in DataProcessor class
[2026-07-23 20:57:43] [INFO] Connection established to message queue
[2026-07-23 20:57:44] [INFO] Successfully processed background job #4912
[2026-07-23 20:57:44] [INFO] System started successfully
[2026-07-23 20:57:48] [INFO] User admin logged in from 192.168.1.100
[2026-07-23 20:57:50] [INFO] Successfully processed background job #4912
[2026-07-23 20:57:53] [INFO] Successfully processed background job #4912
[2026-07-23 20:57:54] [INFO] Successfully processed background job #4912
[2026-07-23 20:57:58] [ERROR] NullPointerException in DataProcessor class
[2026-07-23 20:58:02] [DEBUG] Session token refreshed
[2026-07-23 20:58:06] [INFO] System started successfully
[2026-07-23 20:58:08] [DEBUG] Initializing cache manager
[2026-07-23 20:58:09] [INFO] Connection established to message queue
[2026-07-23 20:58:12] [INFO] User admin logged in from 192.168.1.100
[2026-07-23 20:58:16] [INFO] User admin logged in from 192.168.1.100
[2026-07-23 20:58:18] [INFO] Cache hit for key user_profile_123
[2026-07-23 20:58:19] [DEBUG] Fetching row 4021 from database
[2026-07-23 20:58:23] [INFO] System started successfully
[2026-07-23 20:58:27] [INFO] System started successfully
[2026-07-23 20:58:29] [WARNING] Deprecated API usage detected in legacy_module.py
[2026-07-23 20:58:33] [INFO] Cache hit for key user_profile_123
[2026-07-23 20:58:36] [INFO] System started successfully
[2026-07-23 20:58:40] [INFO] User admin logged in from 192.168.1.100
[2026-07-23 20:58:42] [INFO] Successfully processed background job #4912
[2026-07-23 20:58:44] [DEBUG] Parsing JSON payload
[2026-07-23 20:58:46] [INFO] Successfully processed background job #4912
[2026-07-23 20:58:49] [ERROR] NullPointerException in DataProcessor class
[2026-07-23 20:58:49] [WARNING] Rate limit approaching for IP 10.0.0.55
[2026-07-23 20:58:52] [ERROR] MySQL Error: Deadlock found when trying to get lock
[2026-07-23 20:58:54] [INFO] Cache hit for key user_profile_123
[2026-07-23 20:58:58] [INFO] Successfully processed background job #4912
[2026-07-23 20:59:02] [INFO] System started successfully
[2026-07-23 20:59:03] [INFO] Connection established to message queue
[2026-07-23 20:59:06] [INFO] Cache hit for key user_profile_123
[2026-07-23 20:59:07] [INFO] Successfully processed background job #4912
[2026-07-23 20:59:09] [WARNING] High memory usage detected (85%)
[2026-07-23 20:59:10] [INFO] Cache hit for key user_profile_123
[2026-07-23 20:59:14] [INFO] System started successfully
[2026-07-23 20:59:15] [INFO] Cache hit for key user_profile_123
[2026-07-23 20:59:16] [INFO] Successfully processed background job #4912
[2026-07-23 20:59:18] [DEBUG] Initializing cache manager
[2026-07-23 20:59:23] [INFO] System started successfully
[2026-07-23 20:59:23] [INFO] Handling user request for /api/v1/data
[2026-07-23 20:59:24] [DEBUG] Session token refreshed
[2026-07-23 20:59:27] [INFO] Handling user request for /api/v1/data
[2026-07-23 20:59:31] [INFO] System started successfully
[2026-07-23 20:59:35] [DEBUG] Parsing JSON payload
[2026-07-23 20:59:38] [INFO] Successfully processed background job #4912
[2026-07-23 20:59:43] [INFO] Connection established to message queue
[2026-07-23 20:59:46] [DEBUG] Session token refreshed
[2026-07-23 20:59:50] [INFO] System started successfully
[2026-07-23 20:59:54] [INFO] System started successfully
[2026-07-23 20:59:56] [WARNING] Deprecated API usage detected in legacy_module.py
[2026-07-23 21:00:00] [INFO] Handling user request for /api/v1/data
[2026-07-23 21:00:01] [WARNING] High memory usage detected (85%)
[2026-07-23 21:00:02] [INFO] Handling user request for /api/v1/data
[2026-07-23 21:00:03] [INFO] Successfully processed background job #4912
[2026-07-23 21:00:06] [DEBUG] Fetching row 4021 from database
[2026-07-23 21:00:07] [INFO] Handling user request for /api/v1/data
[2026-07-23 21:00:07] [INFO] Handling user request for /api/v1/data
[2026-07-23 21:00:11] [INFO] Connection established to message queue
[2026-07-23 21:00:15] [INFO] Handling user request for /api/v1/data
[2026-07-23 21:00:15] [INFO] System started successfully
[2026-07-23 21:00:15] [ERROR] Invalid password provided for account admin
[2026-07-23 21:00:17] [DEBUG] Parsing JSON payload
[2026-07-23 21:00:21] [INFO] User admin logged in from 192.168.1.100
[2026-07-23 21:00:21] [INFO] System started successfully
[2026-07-23 21:00:22] [INFO] Successfully processed background job #4912
[2026-07-23 21:00:23] [WARNING] Deprecated API usage detected in legacy_module.py
[2026-07-23 21:00:25] [INFO] System started successfully
[2026-07-23 21:00:26] [INFO] User admin logged in from 192.168.1.100
[2026-07-23 21:00:29] [INFO] Handling user request for /api/v1/data
[2026-07-23 21:00:34] [DEBUG] Session token refreshed
[2026-07-23 21:00:36] [WARNING] Rate limit approaching for IP 10.0.0.55
[2026-07-23 21:00:39] [DEBUG] Parsing JSON payload
[2026-07-23 21:00:39] [INFO] Successfully processed background job #4912
[2026-07-23 21:00:43] [INFO] Handling user request for /api/v1/data
[2026-07-23 21:00:46] [INFO] Successfully processed background job #4912
[2026-07-23 21:00:50] [INFO] User admin logged in from 192.168.1.100
[2026-07-23 21:00:54] [INFO] Successfully processed background job #4912
[2026-07-23 21:00:54] [ERROR] Authentication failed for user guest
[2026-07-23 21:00:59] [INFO] Connection established to message queue
[2026-07-23 21:01:02] [WARNING] Rate limit approaching for IP 10.0.0.55
[2026-07-23 21:01:05] [INFO] System started successfully
[2026-07-23 21:01:06] [INFO] System started successfully
[2026-07-23 21:01:07] [INFO] Handling user request for /api/v1/data
[2026-07-23 21:01:11] [DEBUG] Session token refreshed
[2026-07-23 21:01:12] [ERROR] Database connection failed: Connection refused
[2026-07-23 21:01:15] [INFO] Handling user request for /api/v1/data
[2026-07-23 21:01:18] [INFO] Cache hit for key user_profile_123
[2026-07-23 21:01:20] [DEBUG] Initializing cache manager
[2026-07-23 21:01:22] [DEBUG] Initializing cache manager
[2026-07-23 21:01:26] [INFO] Successfully processed background job #4912
[2026-07-23 21:01:30] [INFO] System started successfully
[2026-07-23 21:01:34] [DEBUG] Initializing cache manager
[2026-07-23 21:01:35] [DEBUG] Initializing cache manager
[2026-07-23 21:01:39] [INFO] Cache hit for key user_profile_123
[2026-07-23 21:01:41] [INFO] Handling user request for /api/v1/data
[2026-07-23 21:01:44] [WARNING] High memory usage detected (85%)
[2026-07-23 21:01:44] [WARNING] Deprecated API usage detected in legacy_module.py
[2026-07-23 21:01:45] [INFO] Connection established to message queue
[2026-07-23 21:01:48] [INFO] User admin logged in from 192.168.1.100
[2026-07-23 21:01:52] [DEBUG] Parsing JSON payload
[2026-07-23 21:01:55] [INFO] Cache hit for key user_profile_123
[2026-07-23 21:01:57] [INFO] Successfully processed background job #4912
[2026-07-23 21:02:00] [INFO] User admin logged in from 192.168.1.100
[2026-07-23 21:02:04] [WARNING] High memory usage detected (85%)
[2026-07-23 21:02:06] [INFO] Handling user request for /api/v1/data
[2026-07-23 21:02:11] [WARNING] Rate limit approaching for IP 10.0.0.55
[2026-07-23 21:02:15] [INFO] System started successfully
[2026-07-23 21:02:18] [DEBUG] Initializing cache manager
[2026-07-23 21:02:22] [WARNING] High memory usage detected (85%)
[2026-07-23 21:02:26] [INFO] Successfully processed background job #4912
[2026-07-23 21:02:29] [ERROR] Database connection failed: Connection refused
[2026-07-23 21:02:33] [INFO] User admin logged in from 192.168.1.100
[2026-07-23 21:02:35] [INFO] Cache hit for key user_profile_123
[2026-07-23 21:02:40] [ERROR] Database connection failed: Connection refused
[2026-07-23 21:02:40] [INFO] Cache hit for key user_profile_123
[2026-07-23 21:02:44] [DEBUG] Session token refreshed
[2026-07-23 21:02:46] [INFO] Connection established to message queue
[2026-07-23 21:02:50] [INFO] Cache hit for key user_profile_123
[2026-07-23 21:02:52] [INFO] User admin logged in from 192.168.1.100
[2026-07-23 21:02:55] [INFO] Cache hit for key user_profile_123
[2026-07-23 21:03:00] [INFO] Cache hit for key user_profile_123
[2026-07-23 21:03:00] [INFO] User admin logged in from 192.168.1.100
[2026-07-23 21:03:03] [INFO] System started successfully
[2026-07-23 21:03:05] [WARNING] High memory usage detected (85%)
[2026-07-23 21:03:09] [DEBUG] Session token refreshed
[2026-07-23 21:03:14] [WARNING] Deprecated API usage detected in legacy_module.py
[2026-07-23 21:03:15] [INFO] Cache hit for key user_profile_123
[2026-07-23 21:03:18] [INFO] Cache hit for key user_profile_123
[2026-07-23 21:03:19] [INFO] Handling user request for /api/v1/data
[2026-07-23 21:03:21] [ERROR] Database connection failed: Connection refused
[2026-07-23 21:03:25] [INFO] User admin logged in from 192.168.1.100
[2026-07-23 21:03:29] [INFO] User admin logged in from 192.168.1.100
[2026-07-23 21:03:32] [CRITICAL] Disk space exhausted on /var/log
[2026-07-23 21:03:37] [INFO] User admin logged in from 192.168.1.100
[2026-07-23 21:03:39] [INFO] Successfully processed background job #4912
[2026-07-23 21:03:41] [ERROR] MySQL Error: Deadlock found when trying to get lock
[2026-07-23 21:03:43] [WARNING] Rate limit approaching for IP 10.0.0.55
[2026-07-23 21:03:46] [ERROR] Database connection failed: Connection refused
[2026-07-23 21:03:50] [INFO] User admin logged in from 192.168.1.100
[2026-07-23 21:03:53] [INFO] Cache hit for key user_profile_123
[2026-07-23 21:03:56] [WARNING] Deprecated API usage detected in legacy_module.py
[2026-07-23 21:04:00] [ERROR] Database connection failed: Connection refused
[2026-07-23 21:04:01] [DEBUG] Initializing cache manager
[2026-07-23 21:04:05] [INFO] Connection established to message queue
[2026-07-23 21:04:08] [INFO] System started successfully
[2026-07-23 21:04:11] [DEBUG] Parsing JSON payload
[2026-07-23 21:04:13] [INFO] Successfully processed background job #4912
[2026-07-23 21:04:18] [ERROR] Authentication failed for user guest
[2026-07-23 21:04:22] [INFO] System started successfully
[2026-07-23 21:04:25] [INFO] System started successfully
[2026-07-23 21:04:27] [INFO] System started successfully
[2026-07-23 21:04:27] [INFO] Cache hit for key user_profile_123
[2026-07-23 21:04:31] [INFO] Handling user request for /api/v1/data
[2026-07-23 21:04:35] [WARNING] Rate limit approaching for IP 10.0.0.55
[2026-07-23 21:04:36] [ERROR] MySQL Error: Deadlock found when trying to get lock
[2026-07-23 21:04:40] [INFO] Successfully processed background job #4912
[2026-07-23 21:04:41] [INFO] Handling user request for /api/v1/data
[2026-07-23 21:04:45] [INFO] User admin logged in from 192.168.1.100
[2026-07-23 21:04:46] [ERROR] NullPointerException in DataProcessor class
[2026-07-23 21:04:49] [INFO] Cache hit for key user_profile_123
[2026-07-23 21:04:51] [DEBUG] Session token refreshed
[2026-07-23 21:04:52] [INFO] System started successfully
[2026-07-23 21:04:57] [INFO] System started successfully
[2026-07-23 21:04:59] [INFO] Connection established to message queue
[2026-07-23 21:05:01] [INFO] Handling user request for /api/v1/data
[2026-07-23 21:05:05] [DEBUG] Session token refreshed
[2026-07-23 21:05:09] [INFO] Handling user request for /api/v1/data
[2026-07-23 21:05:10] [INFO] Handling user request for /api/v1/data
[2026-07-23 21:05:13] [WARNING] High memory usage detected (85%)
[2026-07-23 21:05:18] [INFO] System started successfully
[2026-07-23 21:05:21] [INFO] Successfully processed background job #4912
[2026-07-23 21:05:25] [INFO] Handling user request for /api/v1/data
[2026-07-23 21:05:25] [DEBUG] Session token refreshed
[2026-07-23 21:05:27] [INFO] Connection established to message queue
[2026-07-23 21:05:31] [DEBUG] Fetching row 4021 from database
[2026-07-23 21:05:33] [INFO] Handling user request for /api/v1/data
[2026-07-23 21:05:38] [DEBUG] Fetching row 4021 from database
[2026-07-23 21:05:39] [DEBUG] Session token refreshed
[2026-07-23 21:05:41] [WARNING] Rate limit approaching for IP 10.0.0.55
[2026-07-23 21:05:43] [INFO] User admin logged in from 192.168.1.100
[2026-07-23 21:05:46] [INFO] Connection established to message queue
[2026-07-23 21:05:47] [INFO] User admin logged in from 192.168.1.100
[2026-07-23 21:05:51] [INFO] User admin logged in from 192.168.1.100
[2026-07-23 21:05:53] [INFO] User admin logged in from 192.168.1.100
[2026-07-23 21:05:54] [INFO] Handling user request for /api/v1/data
[2026-07-23 21:05:58] [INFO] System started successfully
[2026-07-23 21:05:58] [WARNING] Rate limit approaching for IP 10.0.0.55
[2026-07-23 21:05:58] [INFO] System started successfully
[2026-07-23 21:06:02] [INFO] Cache hit for key user_profile_123
[2026-07-23 21:06:02] [INFO] Cache hit for key user_profile_123
[2026-07-23 21:06:03] [DEBUG] Initializing cache manager
[2026-07-23 21:06:06] [INFO] Successfully processed background job #4912
[2026-07-23 21:06:06] [INFO] User admin logged in from 192.168.1.100
[2026-07-23 21:06:10] [INFO] Cache hit for key user_profile_123
[2026-07-23 21:06:10] [INFO] Cache hit for key user_profile_123
[2026-07-23 21:06:11] [DEBUG] Parsing JSON payload
[2026-07-23 21:06:13] [INFO] Successfully processed background job #4912
[2026-07-23 21:06:17] [WARNING] High memory usage detected (85%)
[2026-07-23 21:06:17] [INFO] Connection established to message queue
[2026-07-23 21:06:18] [DEBUG] Initializing cache manager
[2026-07-23 21:06:20] [INFO] Connection established to message queue
[2026-07-23 21:06:23] [INFO] System started successfully
[2026-07-23 21:06:24] [INFO] Successfully processed background job #4912
[2026-07-23 21:06:27] [INFO] User admin logged in from 192.168.1.100
[2026-07-23 21:06:30] [INFO] System started successfully
[2026-07-23 21:06:30] [INFO] User admin logged in from 192.168.1.100
[2026-07-23 21:06:33] [INFO] Handling user request for /api/v1/data
[2026-07-23 21:06:33] [INFO] Handling user request for /api/v1/data
[2026-07-23 21:06:34] [DEBUG] Parsing JSON payload
[2026-07-23 21:06:38] [ERROR] MySQL Error: Deadlock found when trying to get lock
[2026-07-23 21:06:41] [INFO] System started successfully
[2026-07-23 21:06:45] [INFO] System started successfully
[2026-07-23 21:06:46] [INFO] Handling user request for /api/v1/data
[2026-07-23 21:06:50] [INFO] Connection established to message queue
[2026-07-23 21:06:51] [INFO] System started successfully
[2026-07-23 21:06:52] [INFO] Handling user request for /api/v1/data
[2026-07-23 21:06:55] [INFO] Successfully processed background job #4912
[2026-07-23 21:06:57] [INFO] Connection established to message queue
[2026-07-23 21:06:57] [INFO] System started successfully
[2026-07-23 21:07:01] [INFO] User admin logged in from 192.168.1.100
[2026-07-23 21:07:02] [INFO] Successfully processed background job #4912
[2026-07-23 21:07:05] [INFO] User admin logged in from 192.168.1.100
[2026-07-23 21:07:07] [INFO] System started successfully
[2026-07-23 21:07:10] [INFO] Handling user request for /api/v1/data
[2026-07-23 21:07:14] [INFO] System started successfully
[2026-07-23 21:07:15] [INFO] Handling user request for /api/v1/data
[2026-07-23 21:07:15] [INFO] Successfully processed background job #4912
[2026-07-23 21:07:17] [INFO] User admin logged in from 192.168.1.100
[2026-07-23 21:07:19] [DEBUG] Parsing JSON payload
[2026-07-23 21:07:22] [INFO] User admin logged in from 192.168.1.100
[2026-07-23 21:07:23] [INFO] Cache hit for key user_profile_123
[2026-07-23 21:07:26] [DEBUG] Parsing JSON payload
[2026-07-23 21:07:27] [CRITICAL] Timeout while waiting for external service after 30000ms
[2026-07-23 21:07:29] [INFO] Cache hit for key user_profile_123
[2026-07-23 21:07:31] [INFO] Handling user request for /api/v1/data
[2026-07-23 21:07:36] [WARNING] High memory usage detected (85%)
[2026-07-23 21:07:38] [INFO] Cache hit for key user_profile_123
[2026-07-23 21:07:40] [INFO] Handling user request for /api/v1/data
[2026-07-23 21:07:44] [DEBUG] Session token refreshed
[2026-07-23 21:07:47] [INFO] Cache hit for key user_profile_123
[2026-07-23 21:07:49] [INFO] Cache hit for key user_profile_123
[2026-07-23 21:07:51] [INFO] Connection established to message queue
[2026-07-23 21:07:52] [INFO] Successfully processed background job #4912
[2026-07-23 21:07:57] [DEBUG] Initializing cache manager
[2026-07-23 21:07:57] [WARNING] High memory usage detected (85%)
[2026-07-23 21:08:00] [INFO] Handling user request for /api/v1/data
[2026-07-23 21:08:00] [INFO] Connection established to message queue
[2026-07-23 21:08:04] [INFO] Connection established to message queue
[2026-07-23 21:08:06] [INFO] Connection established to message queue
[2026-07-23 21:08:08] [DEBUG] Fetching row 4021 from database
[2026-07-23 21:08:08] [INFO] Successfully processed background job #4912
[2026-07-23 21:08:10] [CRITICAL] Disk space exhausted on /var/log
[2026-07-23 21:08:13] [INFO] Connection established to message queue
[2026-07-23 21:08:15] [INFO] User admin logged in from 192.168.1.100
[2026-07-23 21:08:15] [WARNING] Deprecated API usage detected in legacy_module.py
[2026-07-23 21:08:17] [INFO] Cache hit for key user_profile_123
[2026-07-23 21:08:20] [INFO] System started successfully
[2026-07-23 21:08:24] [WARNING] Deprecated API usage detected in legacy_module.py
[2026-07-23 21:08:25] [INFO] User admin logged in from 192.168.1.100
[2026-07-23 21:08:30] [INFO] Cache hit for key user_profile_123
[2026-07-23 21:08:33] [DEBUG] Session token refreshed
[2026-07-23 21:08:37] [INFO] Connection established to message queue
[2026-07-23 21:08:41] [INFO] Cache hit for key user_profile_123
[2026-07-23 21:08:42] [INFO] Connection established to message queue
[2026-07-23 21:08:45] [WARNING] Rate limit approaching for IP 10.0.0.55
[2026-07-23 21:08:47] [INFO] Connection established to message queue
[2026-07-23 21:08:51] [INFO] Connection established to message queue
[2026-07-23 21:08:53] [INFO] Handling user request for /api/v1/data
[2026-07-23 21:08:56] [INFO] Handling user request for /api/v1/data
[2026-07-23 21:08:58] [INFO] Cache hit for key user_profile_123
[2026-07-23 21:09:01] [WARNING] High memory usage detected (85%)
[2026-07-23 21:09:05] [DEBUG] Session token refreshed
[2026-07-23 21:09:10] [INFO] Successfully processed background job #4912
[2026-07-23 21:09:13] [DEBUG] Parsing JSON payload
[2026-07-23 21:09:17] [INFO] Handling user request for /api/v1/data
[2026-07-23 21:09:18] [INFO] Successfully processed background job #4912
[2026-07-23 21:09:21] [INFO] Connection established to message queue
[2026-07-23 21:09:22] [INFO] Handling user request for /api/v1/data
[2026-07-23 21:09:25] [INFO] Successfully processed background job #4912
[2026-07-23 21:09:29] [INFO] Successfully processed background job #4912
[2026-07-23 21:09:29] [INFO] Cache hit for key user_profile_123
[2026-07-23 21:09:30] [INFO] User admin logged in from 192.168.1.100
[2026-07-23 21:09:30] [INFO] Successfully processed background job #4912
[2026-07-23 21:09:35] [INFO] Handling user request for /api/v1/data
[2026-07-23 21:09:39] [INFO] Handling user request for /api/v1/data
[2026-07-23 21:09:41] [INFO] User admin logged in from 192.168.1.100
[2026-07-23 21:09:44] [DEBUG] Parsing JSON payload
[2026-07-23 21:09:45] [INFO] User admin logged in from 192.168.1.100
[2026-07-23 21:09:49] [INFO] User admin logged in from 192.168.1.100
[2026-07-23 21:09:51] [INFO] Successfully processed background job #4912
[2026-07-23 21:09:55] [INFO] Handling user request for /api/v1/data
[2026-07-23 21:10:00] [INFO] System started successfully
[2026-07-23 21:10:05] [INFO] User admin logged in from 192.168.1.100
[2026-07-23 21:10:06] [INFO] Successfully processed background job #4912
[2026-07-23 21:10:08] [DEBUG] Fetching row 4021 from database
[2026-07-23 21:10:12] [INFO] Connection established to message queue
[2026-07-23 21:10:15] [ERROR] Authentication failed for user guest
[2026-07-23 21:10:16] [INFO] Connection established to message queue
[2026-07-23 21:10:18] [INFO] Cache hit for key user_profile_123
[2026-07-23 21:10:19] [INFO] Cache hit for key user_profile_123
[2026-07-23 21:10:21] [DEBUG] Fetching row 4021 from database
[2026-07-23 21:10:22] [INFO] System started successfully
[2026-07-23 21:10:23] [DEBUG] Fetching row 4021 from database
[2026-07-23 21:10:27] [INFO] User admin logged in from 192.168.1.100
[2026-07-23 21:10:31] [INFO] System started successfully
[2026-07-23 21:10:36] [INFO] Handling user request for /api/v1/data
[2026-07-23 21:10:38] [INFO] System started successfully
[2026-07-23 21:10:38] [INFO] System started successfully
[2026-07-23 21:10:43] [INFO] User admin logged in from 192.168.1.100
[2026-07-23 21:10:47] [ERROR] MySQL Error: Deadlock found when trying to get lock
[2026-07-23 21:10:49] [INFO] Successfully processed background job #4912
[2026-07-23 21:10:52] [DEBUG] Session token refreshed
[2026-07-23 21:10:57] [INFO] System started successfully
[2026-07-23 21:10:59] [INFO] Handling user request for /api/v1/data
[2026-07-23 21:11:02] [ERROR] Invalid password provided for account admin
[2026-07-23 21:11:04] [DEBUG] Parsing JSON payload
[2026-07-23 21:11:07] [INFO] Connection established to message queue
[2026-07-23 21:11:09] [INFO] Successfully processed background job #4912
[2026-07-23 21:11:10] [INFO] System started successfully
[2026-07-23 21:11:13] [DEBUG] Fetching row 4021 from database
[2026-07-23 21:11:17] [INFO] Connection established to message queue
[2026-07-23 21:11:20] [INFO] Successfully processed background job #4912
[2026-07-23 21:11:22] [DEBUG] Initializing cache manager
[2026-07-23 21:11:25] [INFO] Successfully processed background job #4912
[2026-07-23 21:11:30] [DEBUG] Session token refreshed
[2026-07-23 21:11:33] [DEBUG] Fetching row 4021 from database
[2026-07-23 21:11:34] [INFO] System started successfully
[2026-07-23 21:11:35] [INFO] Successfully processed background job #4912
[2026-07-23 21:11:37] [INFO] User admin logged in from 192.168.1.100
[2026-07-23 21:11:37] [INFO] Successfully processed background job #4912
[2026-07-23 21:11:38] [INFO] Connection established to message queue
[2026-07-23 21:11:42] [INFO] Cache hit for key user_profile_123
[2026-07-23 21:11:43] [WARNING] Rate limit approaching for IP 10.0.0.55
[2026-07-23 21:11:44] [INFO] User admin logged in from 192.168.1.100
[2026-07-23 21:11:45] [INFO] Successfully processed background job #4912
[2026-07-23 21:11:48] [WARNING] Deprecated API usage detected in legacy_module.py
[2026-07-23 21:11:48] [INFO] Connection established to message queue
[2026-07-23 21:11:50] [INFO] User admin logged in from 192.168.1.100
[2026-07-23 21:11:54] [INFO] Successfully processed background job #4912
[2026-07-23 21:11:57] [INFO] System started successfully
[2026-07-23 21:11:59] [INFO] System started successfully
[2026-07-23 21:12:00] [INFO] Handling user request for /api/v1/data
[2026-07-23 21:12:03] [INFO] Connection established to message queue
[2026-07-23 21:12:05] [INFO] Successfully processed background job #4912
[2026-07-23 21:12:10] [INFO] System started successfully
[2026-07-23 21:12:11] [DEBUG] Session token refreshed
[2026-07-23 21:12:13] [INFO] User admin logged in from 192.168.1.100
[2026-07-23 21:12:17] [INFO] Handling user request for /api/v1/data
[2026-07-23 21:12:21] [INFO] Successfully processed background job #4912
[2026-07-23 21:12:25] [INFO] User admin logged in from 192.168.1.100
[2026-07-23 21:12:28] [INFO] Connection established to message queue
[2026-07-23 21:12:31] [INFO] System started successfully
[2026-07-23 21:12:34] [INFO] Successfully processed background job #4912
[2026-07-23 21:12:35] [INFO] User admin logged in from 192.168.1.100
[2026-07-23 21:12:35] [INFO] Successfully processed background job #4912
[2026-07-23 21:12:40] [INFO] System started successfully
[2026-07-23 21:12:42] [INFO] Cache hit for key user_profile_123
[2026-07-23 21:12:46] [INFO] User admin logged in from 192.168.1.100
[2026-07-23 21:12:48] [ERROR] Authentication failed for user guest
[2026-07-23 21:12:48] [INFO] Successfully processed background job #4912
[2026-07-23 21:12:51] [INFO] System started successfully
[2026-07-23 21:12:53] [INFO] Connection established to message queue
[2026-07-23 21:12:57] [INFO] Successfully processed background job #4912
[2026-07-23 21:13:01] [INFO] User admin logged in from 192.168.1.100
[2026-07-23 21:13:05] [INFO] System started successfully
[2026-07-23 21:13:07] [DEBUG] Parsing JSON payload
[2026-07-23 21:13:07] [ERROR] Database connection failed: Connection refused
[2026-07-23 21:13:08] [INFO] System started successfully
[2026-07-23 21:13:12] [INFO] System started successfully
[2026-07-23 21:13:12] [INFO] User admin logged in from 192.168.1.100
[2026-07-23 21:13:14] [INFO] Cache hit for key user_profile_123
[2026-07-23 21:13:18] [INFO] Connection established to message queue
[2026-07-23 21:13:19] [INFO] Connection established to message queue
[2026-07-23 21:13:19] [INFO] System started successfully
[2026-07-23 21:13:20] [WARNING] Deprecated API usage detected in legacy_module.py
[2026-07-23 21:13:21] [INFO] Successfully processed background job #4912
[2026-07-23 21:13:25] [INFO] Successfully processed background job #4912
[2026-07-23 21:13:26] [INFO] Cache hit for key user_profile_123
[2026-07-23 21:13:26] [DEBUG] Initializing cache manager
[2026-07-23 21:13:27] [INFO] Cache hit for key user_profile_123
[2026-07-23 21:13:28] [INFO] Cache hit for key user_profile_123
[2026-07-23 21:13:29] [INFO] Handling user request for /api/v1/data
[2026-07-23 21:13:29] [WARNING] High memory usage detected (85%)
[2026-07-23 21:13:33] [INFO] Connection established to message queue
[2026-07-23 21:13:35] [INFO] System started successfully
[2026-07-23 21:13:39] [INFO] Handling user request for /api/v1/data
[2026-07-23 21:13:40] [INFO] Successfully processed background job #4912
[2026-07-23 21:13:43] [DEBUG] Initializing cache manager
[2026-07-23 21:13:44] [WARNING] High memory usage detected (85%)
[2026-07-23 21:13:45] [DEBUG] Initializing cache manager
[2026-07-23 21:13:48] [INFO] Cache hit for key user_profile_123
[2026-07-23 21:13:52] [INFO] Cache hit for key user_profile_123
[2026-07-23 21:13:55] [WARNING] High memory usage detected (85%)
[2026-07-23 21:14:00] [INFO] Handling user request for /api/v1/data
[2026-07-23 21:14:03] [INFO] User admin logged in from 192.168.1.100
[2026-07-23 21:14:06] [WARNING] Deprecated API usage detected in legacy_module.py
[2026-07-23 21:14:08] [DEBUG] Session token refreshed
[2026-07-23 21:14:08] [CRITICAL] Service crashed with exit code 137
[2026-07-23 21:14:11] [INFO] User admin logged in from 192.168.1.100
[2026-07-23 21:14:15] [INFO] Successfully processed background job #4912
[2026-07-23 21:14:19] [INFO] Connection established to message queue
[2026-07-23 21:14:21] [INFO] System started successfully
[2026-07-23 21:14:21] [INFO] Connection established to message queue
[2026-07-23 21:14:23] [INFO] Handling user request for /api/v1/data
[2026-07-23 21:14:26] [WARNING] Deprecated API usage detected in legacy_module.py
[2026-07-23 21:14:29] [INFO] Handling user request for /api/v1/data
[2026-07-23 21:14:31] [INFO] System started successfully
[2026-07-23 21:14:33] [WARNING] High memory usage detected (85%)
[2026-07-23 21:14:38] [WARNING] Deprecated API usage detected in legacy_module.py
[2026-07-23 21:14:42] [INFO] User admin logged in from 192.168.1.100
[2026-07-23 21:14:42] [ERROR] NullPointerException in DataProcessor class
[2026-07-23 21:14:44] [INFO] Successfully processed background job #4912
[2026-07-23 21:14:47] [INFO] Handling user request for /api/v1/data
[2026-07-23 21:14:48] [DEBUG] Fetching row 4021 from database
[2026-07-23 21:14:51] [INFO] Connection established to message queue
[2026-07-23 21:14:56] [WARNING] Rate limit approaching for IP 10.0.0.55
[2026-07-23 21:14:56] [INFO] Connection established to message queue
[2026-07-23 21:14:59] [INFO] Connection established to message queue
[2026-07-23 21:15:02] [INFO] Connection established to message queue
[2026-07-23 21:15:07] [INFO] System started successfully
[2026-07-23 21:15:12] [INFO] Handling user request for /api/v1/data
[2026-07-23 21:15:14] [INFO] Handling user request for /api/v1/data
[2026-07-23 21:15:17] [INFO] Handling user request for /api/v1/data
[2026-07-23 21:15:21] [INFO] System started successfully
[2026-07-23 21:15:24] [INFO] User admin logged in from 192.168.1.100
[2026-07-23 21:15:26] [ERROR] Invalid password provided for account admin
[2026-07-23 21:15:31] [INFO] User admin logged in from 192.168.1.100
[2026-07-23 21:15:33] [INFO] Handling user request for /api/v1/data
[2026-07-23 21:15:35] [ERROR] NullPointerException in DataProcessor class
[2026-07-23 21:15:38] [WARNING] Deprecated API usage detected in legacy_module.py
[2026-07-23 21:15:40] [WARNING] Deprecated API usage detected in legacy_module.py
[2026-07-23 21:15:43] [INFO] System started successfully
[2026-07-23 21:15:46] [INFO] System started successfully
[2026-07-23 21:15:46] [INFO] Successfully processed background job #4912
[2026-07-23 21:15:49] [DEBUG] Initializing cache manager
[2026-07-23 21:15:54] [INFO] User admin logged in from 192.168.1.100
[2026-07-23 21:15:56] [INFO] Handling user request for /api/v1/data
[2026-07-23 21:15:57] [DEBUG] Session token refreshed
[2026-07-23 21:15:58] [INFO] Cache hit for key user_profile_123
[2026-07-23 21:16:01] [INFO] Cache hit for key user_profile_123
[2026-07-23 21:16:06] [INFO] Connection established to message queue
[2026-07-23 21:16:07] [INFO] Handling user request for /api/v1/data
[2026-07-23 21:16:09] [INFO] Successfully processed background job #4912
[2026-07-23 21:16:09] [INFO] User admin logged in from 192.168.1.100
[2026-07-23 21:16:13] [DEBUG] Fetching row 4021 from database
[2026-07-23 21:16:14] [INFO] Successfully processed background job #4912
[2026-07-23 21:16:16] [INFO] Connection established to message queue
[2026-07-23 21:16:18] [ERROR] Invalid password provided for account admin
[2026-07-23 21:16:20] [WARNING] Rate limit approaching for IP 10.0.0.55
[2026-07-23 21:16:23] [DEBUG] Fetching row 4021 from database
[2026-07-23 21:16:23] [INFO] Handling user request for /api/v1/data
[2026-07-23 21:16:26] [ERROR] Database connection failed: Connection refused
[2026-07-23 21:16:28] [WARNING] High memory usage detected (85%)
[2026-07-23 21:16:32] [INFO] Connection established to message queue
[2026-07-23 21:16:33] [WARNING] Deprecated API usage detected in legacy_module.py
[2026-07-23 21:16:35] [INFO] Handling user request for /api/v1/data
[2026-07-23 21:16:39] [WARNING] Deprecated API usage detected in legacy_module.py
[2026-07-23 21:16:44] [INFO] User admin logged in from 192.168.1.100
[2026-07-23 21:16:47] [INFO] Handling user request for /api/v1/data
[2026-07-23 21:16:51] [DEBUG] Parsing JSON payload
[2026-07-23 21:16:53] [INFO] System started successfully
[2026-07-23 21:16:55] [INFO] User admin logged in from 192.168.1.100
[2026-07-23 21:16:57] [INFO] Handling user request for /api/v1/data
[2026-07-23 21:16:57] [WARNING] Rate limit approaching for IP 10.0.0.55
[2026-07-23 21:17:00] [INFO] Connection established to message queue
[2026-07-23 21:17:00] [INFO] User admin logged in from 192.168.1.100
[2026-07-23 21:17:04] [DEBUG] Fetching row 4021 from database
[2026-07-23 21:17:07] [INFO] Cache hit for key user_profile_123
[2026-07-23 21:17:08] [INFO] Successfully processed background job #4912
[2026-07-23 21:17:08] [DEBUG] Initializing cache manager
[2026-07-23 21:17:09] [ERROR] Authentication failed for user guest
[2026-07-23 21:17:13] [INFO] User admin logged in from 192.168.1.100
[2026-07-23 21:17:15] [INFO] Successfully processed background job #4912
[2026-07-23 21:17:18] [INFO] Handling user request for /api/v1/data
[2026-07-23 21:17:19] [INFO] Cache hit for key user_profile_123
[2026-07-23 21:17:20] [INFO] Handling user request for /api/v1/data
[2026-07-23 21:17:22] [DEBUG] Parsing JSON payload
[2026-07-23 21:17:27] [INFO] User admin logged in from 192.168.1.100
[2026-07-23 21:17:31] [INFO] Cache hit for key user_profile_123
[2026-07-23 21:17:33] [INFO] System started successfully
[2026-07-23 21:17:34] [INFO] Handling user request for /api/v1/data
[2026-07-23 21:17:35] [INFO] System started successfully
[2026-07-23 21:17:37] [INFO] User admin logged in from 192.168.1.100
[2026-07-23 21:17:38] [INFO] System started successfully
[2026-07-23 21:17:40] [INFO] Successfully processed background job #4912
[2026-07-23 21:17:43] [ERROR] MySQL Error: Deadlock found when trying to get lock
[2026-07-23 21:17:46] [INFO] System started successfully
[2026-07-23 21:17:50] [INFO] System started successfully
[2026-07-23 21:17:53] [WARNING] High memory usage detected (85%)
[2026-07-23 21:17:57] [INFO] Connection established to message queue
[2026-07-23 21:17:58] [INFO] Successfully processed background job #4912
[2026-07-23 21:18:01] [INFO] User admin logged in from 192.168.1.100
[2026-07-23 21:18:05] [INFO] Cache hit for key user_profile_123
[2026-07-23 21:18:05] [DEBUG] Session token refreshed
[2026-07-23 21:18:09] [DEBUG] Parsing JSON payload
[2026-07-23 21:18:12] [INFO] Cache hit for key user_profile_123
[2026-07-23 21:18:16] [INFO] Connection established to message queue
[2026-07-23 21:18:18] [INFO] Successfully processed background job #4912
[2026-07-23 21:18:21] [WARNING] Deprecated API usage detected in legacy_module.py
[2026-07-23 21:18:23] [INFO] Cache hit for key user_profile_123
[2026-07-23 21:18:27] [INFO] Connection established to message queue
[2026-07-23 21:18:28] [WARNING] Deprecated API usage detected in legacy_module.py
[2026-07-23 21:18:32] [DEBUG] Session token refreshed
[2026-07-23 21:18:32] [DEBUG] Fetching row 4021 from database
[2026-07-23 21:18:33] [INFO] Successfully processed background job #4912
[2026-07-23 21:18:35] [INFO] System started successfully
[2026-07-23 21:18:36] [INFO] Successfully processed background job #4912
[2026-07-23 21:18:36] [INFO] Successfully processed background job #4912
[2026-07-23 21:18:40] [INFO] Handling user request for /api/v1/data
[2026-07-23 21:18:44] [ERROR] MySQL Error: Deadlock found when trying to get lock
[2026-07-23 21:18:45] [WARNING] High memory usage detected (85%)
[2026-07-23 21:18:46] [INFO] Successfully processed background job #4912
[2026-07-23 21:18:51] [INFO] System started successfully
[2026-07-23 21:18:52] [INFO] System started successfully
[2026-07-23 21:18:55] [INFO] Connection established to message queue
[2026-07-23 21:18:58] [INFO] User admin logged in from 192.168.1.100
[2026-07-23 21:19:02] [WARNING] Deprecated API usage detected in legacy_module.py
[2026-07-23 21:19:06] [INFO] Cache hit for key user_profile_123
[2026-07-23 21:19:08] [INFO] Cache hit for key user_profile_123
[2026-07-23 21:19:10] [INFO] Successfully processed background job #4912
[2026-07-23 21:19:12] [INFO] System started successfully
[2026-07-23 21:19:17] [INFO] Cache hit for key user_profile_123
[2026-07-23 21:19:19] [INFO] User admin logged in from 192.168.1.100
[2026-07-23 21:19:21] [INFO] System started successfully
[2026-07-23 21:19:22] [INFO] Successfully processed background job #4912
[2026-07-23 21:19:24] [INFO] Handling user request for /api/v1/data
[2026-07-23 21:19:27] [ERROR] MySQL Error: Deadlock found when trying to get lock
[2026-07-23 21:19:30] [ERROR] Invalid password provided for account admin
[2026-07-23 21:19:33] [INFO] Successfully processed background job #4912
[2026-07-23 21:19:34] [INFO] Successfully processed background job #4912
[2026-07-23 21:19:37] [INFO] Connection established to message queue
[2026-07-23 21:19:41] [INFO] Successfully processed background job #4912
[2026-07-23 21:19:44] [INFO] System started successfully
[2026-07-23 21:19:48] [INFO] Handling user request for /api/v1/data
[2026-07-23 21:19:52] [DEBUG] Initializing cache manager
[2026-07-23 21:19:52] [ERROR] Invalid password provided for account admin
[2026-07-23 21:19:53] [INFO] User admin logged in from 192.168.1.100
[2026-07-23 21:19:58] [WARNING] Rate limit approaching for IP 10.0.0.55
[2026-07-23 21:20:00] [INFO] Connection established to message queue
[2026-07-23 21:20:01] [INFO] User admin logged in from 192.168.1.100
[2026-07-23 21:20:06] [INFO] Cache hit for key user_profile_123
[2026-07-23 21:20:07] [ERROR] NullPointerException in DataProcessor class
[2026-07-23 21:20:11] [CRITICAL] Timeout while waiting for external service after 30000ms
[2026-07-23 21:20:15] [INFO] Cache hit for key user_profile_123
[2026-07-23 21:20:15] [DEBUG] Session token refreshed
[2026-07-23 21:20:16] [INFO] Successfully processed background job #4912
[2026-07-23 21:20:18] [ERROR] Database connection failed: Connection refused
[2026-07-23 21:20:19] [INFO] Connection established to message queue
[2026-07-23 21:20:24] [INFO] Successfully processed background job #4912
[2026-07-23 21:20:24] [ERROR] Invalid password provided for account admin
[2026-07-23 21:20:24] [INFO] Connection established to message queue
[2026-07-23 21:20:29] [ERROR] MySQL Error: Deadlock found when trying to get lock
[2026-07-23 21:20:29] [INFO] User admin logged in from 192.168.1.100
[2026-07-23 21:20:33] [INFO] User admin logged in from 192.168.1.100
[2026-07-23 21:20:34] [INFO] Connection established to message queue
[2026-07-23 21:20:38] [INFO] Cache hit for key user_profile_123
[2026-07-23 21:20:39] [ERROR] Authentication failed for user guest
[2026-07-23 21:20:42] [INFO] Cache hit for key user_profile_123
[2026-07-23 21:20:45] [INFO] System started successfully
[2026-07-23 21:20:49] [INFO] Cache hit for key user_profile_123
[2026-07-23 21:20:52] [INFO] User admin logged in from 192.168.1.100
[2026-07-23 21:20:53] [INFO] Handling user request for /api/v1/data
[2026-07-23 21:20:55] [INFO] Handling user request for /api/v1/data
[2026-07-23 21:20:55] [INFO] Cache hit for key user_profile_123
[2026-07-23 21:20:56] [INFO] Successfully processed background job #4912
[2026-07-23 21:21:01] [INFO] Handling user request for /api/v1/data
[2026-07-23 21:21:03] [INFO] Connection established to message queue
[2026-07-23 21:21:07] [INFO] Successfully processed background job #4912
[2026-07-23 21:21:08] [INFO] Cache hit for key user_profile_123
[2026-07-23 21:21:11] [INFO] Successfully processed background job #4912
[2026-07-23 21:21:15] [WARNING] High memory usage detected (85%)
[2026-07-23 21:21:20] [INFO] Successfully processed background job #4912
[2026-07-23 21:21:21] [INFO] User admin logged in from 192.168.1.100
[2026-07-23 21:21:24] [INFO] Connection established to message queue
[2026-07-23 21:21:25] [DEBUG] Initializing cache manager
[2026-07-23 21:21:26] [INFO] User admin logged in from 192.168.1.100
[2026-07-23 21:21:26] [INFO] System started successfully
[2026-07-23 21:21:30] [INFO] Connection established to message queue
[2026-07-23 21:21:34] [ERROR] Invalid password provided for account admin
[2026-07-23 21:21:35] [INFO] User admin logged in from 192.168.1.100
[2026-07-23 21:21:37] [DEBUG] Initializing cache manager
[2026-07-23 21:21:38] [DEBUG] Session token refreshed
[2026-07-23 21:21:38] [ERROR] NullPointerException in DataProcessor class
[2026-07-23 21:21:38] [INFO] System started successfully
[2026-07-23 21:21:41] [ERROR] Invalid password provided for account admin
[2026-07-23 21:21:46] [INFO] Handling user request for /api/v1/data
[2026-07-23 21:21:46] [INFO] System started successfully
[2026-07-23 21:21:51] [INFO] System started successfully
[2026-07-23 21:21:55] [INFO] System started successfully
[2026-07-23 21:21:55] [DEBUG] Fetching row 4021 from database
[2026-07-23 21:21:59] [INFO] Cache hit for key user_profile_123
[2026-07-23 21:22:03] [DEBUG] Session token refreshed
[2026-07-23 21:22:04] [INFO] Cache hit for key user_profile_123
[2026-07-23 21:22:06] [INFO] User admin logged in from 192.168.1.100
[2026-07-23 21:22:06] [INFO] Successfully processed background job #4912
[2026-07-23 21:22:08] [INFO] Cache hit for key user_profile_123
[2026-07-23 21:22:09] [DEBUG] Parsing JSON payload
[2026-07-23 21:22:12] [DEBUG] Initializing cache manager
[2026-07-23 21:22:15] [INFO] System started successfully
[2026-07-23 21:22:17] [INFO] System started successfully
[2026-07-23 21:22:18] [INFO] System started successfully
[2026-07-23 21:22:22] [DEBUG] Parsing JSON payload
[2026-07-23 21:22:24] [WARNING] High memory usage detected (85%)
[2026-07-23 21:22:25] [INFO] Handling user request for /api/v1/data
[2026-07-23 21:22:26] [INFO] System started successfully
[2026-07-23 21:22:26] [INFO] System started successfully
[2026-07-23 21:22:26] [INFO] Cache hit for key user_profile_123
[2026-07-23 21:22:30] [INFO] Successfully processed background job #4912
[2026-07-23 21:22:34] [INFO] Successfully processed background job #4912
[2026-07-23 21:22:36] [INFO] User admin logged in from 192.168.1.100
[2026-07-23 21:22:38] [WARNING] High memory usage detected (85%)
[2026-07-23 21:22:42] [ERROR] Authentication failed for user guest
[2026-07-23 21:22:44] [INFO] Cache hit for key user_profile_123
[2026-07-23 21:22:48] [DEBUG] Parsing JSON payload
[2026-07-23 21:22:51] [INFO] Handling user request for /api/v1/data
[2026-07-23 21:22:53] [DEBUG] Session token refreshed
[2026-07-23 21:22:53] [DEBUG] Parsing JSON payload
[2026-07-23 21:22:58] [INFO] User admin logged in from 192.168.1.100
[2026-07-23 21:23:01] [INFO] System started successfully
[2026-07-23 21:23:02] [INFO] System started successfully
[2026-07-23 21:23:06] [INFO] Cache hit for key user_profile_123
[2026-07-23 21:23:07] [DEBUG] Fetching row 4021 from database
[2026-07-23 21:23:09] [INFO] User admin logged in from 192.168.1.100
[2026-07-23 21:23:12] [INFO] System started successfully
[2026-07-23 21:23:14] [INFO] Connection established to message queue
[2026-07-23 21:23:18] [INFO] Cache hit for key user_profile_123
[2026-07-23 21:23:22] [INFO] System started successfully
[2026-07-23 21:23:24] [WARNING] Rate limit approaching for IP 10.0.0.55
[2026-07-23 21:23:27] [ERROR] MySQL Error: Deadlock found when trying to get lock
[2026-07-23 21:23:28] [INFO] Successfully processed background job #4912
[2026-07-23 21:23:31] [ERROR] Authentication failed for user guest
[2026-07-23 21:23:35] [INFO] Handling user request for /api/v1/data
[2026-07-23 21:23:37] [INFO] Successfully processed background job #4912
[2026-07-23 21:23:40] [INFO] Successfully processed background job #4912
[2026-07-23 21:23:41] [DEBUG] Fetching row 4021 from database
[2026-07-23 21:23:43] [DEBUG] Initializing cache manager
[2026-07-23 21:23:46] [INFO] Successfully processed background job #4912
[2026-07-23 21:23:48] [ERROR] Authentication failed for user guest
[2026-07-23 21:23:49] [INFO] Successfully processed background job #4912
[2026-07-23 21:23:51] [INFO] Cache hit for key user_profile_123
[2026-07-23 21:23:54] [INFO] User admin logged in from 192.168.1.100
[2026-07-23 21:23:57] [DEBUG] Initializing cache manager
[2026-07-23 21:24:02] [INFO] Handling user request for /api/v1/data
[2026-07-23 21:24:05] [INFO] Cache hit for key user_profile_123
[2026-07-23 21:24:10] [INFO] Successfully processed background job #4912
[2026-07-23 21:24:11] [INFO] User admin logged in from 192.168.1.100
[2026-07-23 21:24:13] [INFO] System started successfully
[2026-07-23 21:24:16] [WARNING] High memory usage detected (85%)
[2026-07-23 21:24:19] [INFO] System started successfully
[2026-07-23 21:24:20] [INFO] User admin logged in from 192.168.1.100
[2026-07-23 21:24:24] [INFO] System started successfully
[2026-07-23 21:24:27] [INFO] Successfully processed background job #4912
[2026-07-23 21:24:31] [INFO] Cache hit for key user_profile_123
[2026-07-23 21:24:32] [INFO] Connection established to message queue
[2026-07-23 21:24:33] [INFO] System started successfully
[2026-07-23 21:24:38] [DEBUG] Fetching row 4021 from database
[2026-07-23 21:24:41] [INFO] User admin logged in from 192.168.1.100
[2026-07-23 21:24:45] [INFO] Successfully processed background job #4912
[2026-07-23 21:24:46] [DEBUG] Fetching row 4021 from database
[2026-07-23 21:24:48] [WARNING] High memory usage detected (85%)
[2026-07-23 21:24:51] [INFO] Connection established to message queue
[2026-07-23 21:24:53] [INFO] User admin logged in from 192.168.1.100
[2026-07-23 21:24:55] [INFO] Handling user request for /api/v1/data
[2026-07-23 21:24:57] [INFO] Connection established to message queue
[2026-07-23 21:24:58] [WARNING] High memory usage detected (85%)
[2026-07-23 21:25:03] [DEBUG] Session token refreshed
[2026-07-23 21:25:03] [INFO] User admin logged in from 192.168.1.100
[2026-07-23 21:25:08] [WARNING] Rate limit approaching for IP 10.0.0.55
[2026-07-23 21:25:11] [DEBUG] Initializing cache manager
[2026-07-23 21:25:12] [INFO] User admin logged in from 192.168.1.100
[2026-07-23 21:25:15] [INFO] Successfully processed background job #4912
[2026-07-23 21:25:15] [INFO] Handling user request for /api/v1/data
[2026-07-23 21:25:15] [DEBUG] Initializing cache manager
[2026-07-23 21:25:20] [INFO] System started successfully
[2026-07-23 21:25:25] [INFO] Handling user request for /api/v1/data
[2026-07-23 21:25:29] [INFO] Connection established to message queue
[2026-07-23 21:25:33] [INFO] User admin logged in from 192.168.1.100
[2026-07-23 21:25:38] [DEBUG] Fetching row 4021 from database
[2026-07-23 21:25:42] [INFO] Successfully processed background job #4912
[2026-07-23 21:25:43] [INFO] User admin logged in from 192.168.1.100
[2026-07-23 21:25:44] [INFO] Cache hit for key user_profile_123
[2026-07-23 21:25:49] [ERROR] Invalid password provided for account admin
[2026-07-23 21:25:50] [DEBUG] Session token refreshed
[2026-07-23 21:25:53] [DEBUG] Session token refreshed
[2026-07-23 21:25:56] [INFO] Connection established to message queue
[2026-07-23 21:25:58] [INFO] Handling user request for /api/v1/data
[2026-07-23 21:26:01] [DEBUG] Initializing cache manager
[2026-07-23 21:26:03] [ERROR] Authentication failed for user guest
[2026-07-23 21:26:05] [INFO] User admin logged in from 192.168.1.100
[2026-07-23 21:26:05] [INFO] System started successfully
[2026-07-23 21:26:10] [DEBUG] Fetching row 4021 from database
[2026-07-23 21:26:13] [DEBUG] Initializing cache manager
[2026-07-23 21:26:14] [INFO] Cache hit for key user_profile_123
[2026-07-23 21:26:17] [INFO] System started successfully
[2026-07-23 21:26:21] [DEBUG] Fetching row 4021 from database
[2026-07-23 21:26:23] [WARNING] Deprecated API usage detected in legacy_module.py
[2026-07-23 21:26:24] [INFO] Cache hit for key user_profile_123
[2026-07-23 21:26:28] [INFO] Successfully processed background job #4912
[2026-07-23 21:26:31] [DEBUG] Session token refreshed
[2026-07-23 21:26:32] [INFO] Successfully processed background job #4912
[2026-07-23 21:26:36] [DEBUG] Parsing JSON payload
[2026-07-23 21:26:39] [INFO] Handling user request for /api/v1/data
[2026-07-23 21:26:40] [INFO] Cache hit for key user_profile_123
[2026-07-23 21:26:45] [INFO] Cache hit for key user_profile_123
[2026-07-23 21:26:45] [INFO] Cache hit for key user_profile_123
[2026-07-23 21:26:48] [INFO] Connection established to message queue
[2026-07-23 21:26:49] [DEBUG] Initializing cache manager
[2026-07-23 21:26:50] [INFO] Handling user request for /api/v1/data
[2026-07-23 21:26:53] [INFO] Connection established to message queue
[2026-07-23 21:26:54] [DEBUG] Parsing JSON payload
[2026-07-23 21:26:57] [INFO] System started successfully
[2026-07-23 21:26:59] [INFO] Connection established to message queue
[2026-07-23 21:27:00] [DEBUG] Parsing JSON payload
[2026-07-23 21:27:04] [INFO] Successfully processed background job #4912
[2026-07-23 21:27:06] [INFO] Handling user request for /api/v1/data
[2026-07-23 21:27:11] [INFO] Cache hit for key user_profile_123
[2026-07-23 21:27:15] [INFO] System started successfully
[2026-07-23 21:27:15] [INFO] Connection established to message queue
[2026-07-23 21:27:16] [INFO] Cache hit for key user_profile_123
[2026-07-23 21:27:18] [DEBUG] Parsing JSON payload
[2026-07-23 21:27:23] [INFO] Successfully processed background job #4912
[2026-07-23 21:27:27] [INFO] Cache hit for key user_profile_123
[2026-07-23 21:27:31] [DEBUG] Fetching row 4021 from database
[2026-07-23 21:27:35] [INFO] Connection established to message queue
[2026-07-23 21:27:38] [ERROR] Authentication failed for user guest
[2026-07-23 21:27:38] [INFO] Handling user request for /api/v1/data
[2026-07-23 21:27:39] [INFO] User admin logged in from 192.168.1.100
[2026-07-23 21:27:40] [INFO] User admin logged in from 192.168.1.100
[2026-07-23 21:27:42] [INFO] Cache hit for key user_profile_123
[2026-07-23 21:27:43] [DEBUG] Session token refreshed
[2026-07-23 21:27:47] [WARNING] Deprecated API usage detected in legacy_module.py
[2026-07-23 21:27:51] [INFO] System started successfully
[2026-07-23 21:27:56] [INFO] User admin logged in from 192.168.1.100
[2026-07-23 21:27:59] [INFO] Cache hit for key user_profile_123
[2026-07-23 21:28:00] [INFO] Cache hit for key user_profile_123
[2026-07-23 21:28:02] [DEBUG] Parsing JSON payload
[2026-07-23 21:28:05] [INFO] User admin logged in from 192.168.1.100
[2026-07-23 21:28:07] [DEBUG] Initializing cache manager
[2026-07-23 21:28:07] [INFO] User admin logged in from 192.168.1.100
[2026-07-23 21:28:08] [INFO] Cache hit for key user_profile_123
[2026-07-23 21:28:09] [DEBUG] Session token refreshed
[2026-07-23 21:28:13] [INFO] Successfully processed background job #4912
[2026-07-23 21:28:15] [INFO] Successfully processed background job #4912
[2026-07-23 21:28:18] [ERROR] Database connection failed: Connection refused
[2026-07-23 21:28:22] [INFO] System started successfully
[2026-07-23 21:28:23] [INFO] Successfully processed background job #4912
[2026-07-23 21:28:24] [DEBUG] Session token refreshed
[2026-07-23 21:28:28] [ERROR] Database connection failed: Connection refused
[2026-07-23 21:28:32] [WARNING] Deprecated API usage detected in legacy_module.py
[2026-07-23 21:28:36] [INFO] Cache hit for key user_profile_123
[2026-07-23 21:28:37] [DEBUG] Parsing JSON payload
[2026-07-23 21:28:40] [INFO] Handling user request for /api/v1/data
[2026-07-23 21:28:43] [INFO] System started successfully
[2026-07-23 21:28:46] [INFO] Connection established to message queue
[2026-07-23 21:28:49] [INFO] System started successfully
[2026-07-23 21:28:52] [INFO] User admin logged in from 192.168.1.100
[2026-07-23 21:28:54] [INFO] System started successfully
[2026-07-23 21:28:54] [INFO] User admin logged in from 192.168.1.100
[2026-07-23 21:28:57] [WARNING] Deprecated API usage detected in legacy_module.py
[2026-07-23 21:28:58] [INFO] Cache hit for key user_profile_123
[2026-07-23 21:29:03] [INFO] System started successfully
[2026-07-23 21:29:08] [DEBUG] Fetching row 4021 from database
[2026-07-23 21:29:11] [DEBUG] Initializing cache manager
[2026-07-23 21:29:15] [INFO] Handling user request for /api/v1/data
[2026-07-23 21:29:16] [INFO] Handling user request for /api/v1/data
[2026-07-23 21:29:18] [INFO] User admin logged in from 192.168.1.100
[2026-07-23 21:29:19] [INFO] Successfully processed background job #4912
[2026-07-23 21:29:22] [DEBUG] Session token refreshed
[2026-07-23 21:29:26] [INFO] System started successfully
[2026-07-23 21:29:29] [INFO] Handling user request for /api/v1/data
[2026-07-23 21:29:31] [INFO] User admin logged in from 192.168.1.100
[2026-07-23 21:29:36] [INFO] System started successfully
[2026-07-23 21:29:37] [WARNING] Rate limit approaching for IP 10.0.0.55
[2026-07-23 21:29:40] [INFO] Connection established to message queue
[2026-07-23 21:29:42] [DEBUG] Fetching row 4021 from database
[2026-07-23 21:29:46] [DEBUG] Parsing JSON payload
[2026-07-23 21:29:48] [WARNING] Rate limit approaching for IP 10.0.0.55
[2026-07-23 21:29:48] [INFO] System started successfully
[2026-07-23 21:29:52] [WARNING] Deprecated API usage detected in legacy_module.py
[2026-07-23 21:29:55] [INFO] Successfully processed background job #4912
[2026-07-23 21:29:59] [INFO] Handling user request for /api/v1/data
[2026-07-23 21:29:59] [INFO] Connection established to message queue
[2026-07-23 21:30:04] [WARNING] High memory usage detected (85%)
[2026-07-23 21:30:04] [INFO] Connection established to message queue
[2026-07-23 21:30:09] [WARNING] High memory usage detected (85%)
[2026-07-23 21:30:12] [INFO] User admin logged in from 192.168.1.100
[2026-07-23 21:30:13] [DEBUG] Parsing JSON payload
[2026-07-23 21:30:17] [DEBUG] Parsing JSON payload
[2026-07-23 21:30:18] [WARNING] Rate limit approaching for IP 10.0.0.55
[2026-07-23 21:30:22] [CRITICAL] Timeout while waiting for external service after 30000ms
[2026-07-23 21:30:26] [INFO] Cache hit for key user_profile_123
[2026-07-23 21:30:28] [INFO] System started successfully
[2026-07-23 21:30:29] [INFO] Cache hit for key user_profile_123
[2026-07-23 21:30:32] [INFO] Handling user request for /api/v1/data
[2026-07-23 21:30:34] [INFO] Handling user request for /api/v1/data
[2026-07-23 21:30:35] [INFO] System started successfully
[2026-07-23 21:30:37] [DEBUG] Fetching row 4021 from database
[2026-07-23 21:30:38] [INFO] Successfully processed background job #4912
[2026-07-23 21:30:42] [INFO] User admin logged in from 192.168.1.100
[2026-07-23 21:30:43] [INFO] Successfully processed background job #4912
[2026-07-23 21:30:45] [INFO] System started successfully
[2026-07-23 21:30:48] [CRITICAL] Timeout while waiting for external service after 30000ms
[2026-07-23 21:30:51] [INFO] Successfully processed background job #4912
[2026-07-23 21:30:54] [INFO] Cache hit for key user_profile_123
[2026-07-23 21:30:56] [ERROR] MySQL Error: Deadlock found when trying to get lock
[2026-07-23 21:31:00] [DEBUG] Initializing cache manager
[2026-07-23 21:31:04] [INFO] User admin logged in from 192.168.1.100
[2026-07-23 21:31:08] [INFO] User admin logged in from 192.168.1.100
[2026-07-23 21:31:10] [INFO] Connection established to message queue
[2026-07-23 21:31:12] [INFO] System started successfully
[2026-07-23 21:31:13] [ERROR] Database connection failed: Connection refused
[2026-07-23 21:31:14] [INFO] Handling user request for /api/v1/data
[2026-07-23 21:31:16] [INFO] User admin logged in from 192.168.1.100
[2026-07-23 21:31:20] [INFO] User admin logged in from 192.168.1.100
[2026-07-23 21:31:24] [INFO] Cache hit for key user_profile_123
[2026-07-23 21:31:25] [DEBUG] Session token refreshed
[2026-07-23 21:31:27] [INFO] Successfully processed background job #4912
[2026-07-23 21:31:30] [INFO] System started successfully
[2026-07-23 21:31:32] [INFO] User admin logged in from 192.168.1.100
[2026-07-23 21:31:36] [WARNING] High memory usage detected (85%)
[2026-07-23 21:31:36] [DEBUG] Initializing cache manager
[2026-07-23 21:31:40] [INFO] Successfully processed background job #4912
[2026-07-23 21:31:41] [INFO] Connection established to message queue
[2026-07-23 21:31:42] [ERROR] Invalid password provided for account admin
[2026-07-23 21:31:44] [INFO] Handling user request for /api/v1/data
[2026-07-23 21:31:47] [INFO] System started successfully
[2026-07-23 21:31:51] [DEBUG] Parsing JSON payload
[2026-07-23 21:31:54] [INFO] Cache hit for key user_profile_123
[2026-07-23 21:31:57] [WARNING] High memory usage detected (85%)
[2026-07-23 21:31:58] [INFO] User admin logged in from 192.168.1.100
[2026-07-23 21:32:03] [INFO] Connection established to message queue
[2026-07-23 21:32:03] [WARNING] Deprecated API usage detected in legacy_module.py
[2026-07-23 21:32:03] [INFO] Cache hit for key user_profile_123
[2026-07-23 21:32:07] [INFO] System started successfully
[2026-07-23 21:32:07] [INFO] Successfully processed background job #4912
[2026-07-23 21:32:08] [INFO] Connection established to message queue
[2026-07-23 21:32:10] [ERROR] Database connection failed: Connection refused
[2026-07-23 21:32:13] [INFO] Cache hit for key user_profile_123
[2026-07-23 21:32:16] [INFO] User admin logged in from 192.168.1.100
[2026-07-23 21:32:19] [WARNING] High memory usage detected (85%)
[2026-07-23 21:32:21] [ERROR] Invalid password provided for account admin
[2026-07-23 21:32:21] [DEBUG] Fetching row 4021 from database
[2026-07-23 21:32:23] [DEBUG] Initializing cache manager
[2026-07-23 21:32:25] [ERROR] Invalid password provided for account admin
[2026-07-23 21:32:29] [ERROR] Database connection failed: Connection refused
[2026-07-23 21:32:30] [INFO] Successfully processed background job #4912
[2026-07-23 21:32:32] [DEBUG] Fetching row 4021 from database
[2026-07-23 21:32:35] [INFO] User admin logged in from 192.168.1.100
[2026-07-23 21:32:36] [INFO] Cache hit for key user_profile_123
[2026-07-23 21:32:40] [INFO] System started successfully
[2026-07-23 21:32:41] [INFO] Connection established to message queue
[2026-07-23 21:32:44] [INFO] Handling user request for /api/v1/data
[2026-07-23 21:32:45] [DEBUG] Initializing cache manager
[2026-07-23 21:32:48] [ERROR] Invalid password provided for account admin
[2026-07-23 21:32:50] [WARNING] Deprecated API usage detected in legacy_module.py
[2026-07-23 21:32:53] [INFO] Handling user request for /api/v1/data
[2026-07-23 21:32:56] [INFO] Connection established to message queue
[2026-07-23 21:32:56] [INFO] Handling user request for /api/v1/data
[2026-07-23 21:32:56] [DEBUG] Session token refreshed
[2026-07-23 21:33:00] [INFO] Handling user request for /api/v1/data
[2026-07-23 21:33:02] [INFO] User admin logged in from 192.168.1.100
[2026-07-23 21:33:02] [DEBUG] Session token refreshed
[2026-07-23 21:33:05] [DEBUG] Fetching row 4021 from database
[2026-07-23 21:33:06] [INFO] Connection established to message queue
[2026-07-23 21:33:11] [INFO] Handling user request for /api/v1/data
[2026-07-23 21:33:15] [INFO] Successfully processed background job #4912
[2026-07-23 21:33:16] [DEBUG] Parsing JSON payload
[2026-07-23 21:33:18] [DEBUG] Initializing cache manager
[2026-07-23 21:33:22] [INFO] System started successfully
[2026-07-23 21:33:24] [DEBUG] Session token refreshed
[2026-07-23 21:33:27] [INFO] Successfully processed background job #4912
[2026-07-23 21:33:27] [WARNING] Deprecated API usage detected in legacy_module.py
[2026-07-23 21:33:29] [INFO] Cache hit for key user_profile_123
[2026-07-23 21:33:33] [INFO] System started successfully
[2026-07-23 21:33:34] [INFO] System started successfully
[2026-07-23 21:33:39] [INFO] Connection established to message queue
[2026-07-23 21:33:43] [INFO] Cache hit for key user_profile_123
[2026-07-23 21:33:46] [INFO] Handling user request for /api/v1/data
[2026-07-23 21:33:51] [INFO] Successfully processed background job #4912
[2026-07-23 21:33:55] [INFO] User admin logged in from 192.168.1.100
[2026-07-23 21:33:58] [DEBUG] Parsing JSON payload
[2026-07-23 21:33:58] [INFO] System started successfully
[2026-07-23 21:34:00] [WARNING] High memory usage detected (85%)
[2026-07-23 21:34:03] [INFO] Successfully processed background job #4912
[2026-07-23 21:34:08] [DEBUG] Session token refreshed
[2026-07-23 21:34:11] [INFO] Handling user request for /api/v1/data
[2026-07-23 21:34:15] [INFO] User admin logged in from 192.168.1.100
[2026-07-23 21:34:20] [INFO] System started successfully
[2026-07-23 21:34:24] [INFO] System started successfully
[2026-07-23 21:34:25] [INFO] User admin logged in from 192.168.1.100
[2026-07-23 21:34:27] [INFO] Handling user request for /api/v1/data
[2026-07-23 21:34:30] [DEBUG] Fetching row 4021 from database
[2026-07-23 21:34:34] [INFO] System started successfully
[2026-07-23 21:34:36] [INFO] User admin logged in from 192.168.1.100
[2026-07-23 21:34:36] [ERROR] NullPointerException in DataProcessor class
[2026-07-23 21:34:37] [INFO] System started successfully
[2026-07-23 21:34:38] [INFO] Connection established to message queue
[2026-07-23 21:34:42] [INFO] User admin logged in from 192.168.1.100
[2026-07-23 21:34:43] [ERROR] Database connection failed: Connection refused
[2026-07-23 21:34:44] [ERROR] Authentication failed for user guest
[2026-07-23 21:34:48] [INFO] User admin logged in from 192.168.1.100
[2026-07-23 21:34:48] [INFO] User admin logged in from 192.168.1.100
[2026-07-23 21:34:48] [INFO] Connection established to message queue
[2026-07-23 21:34:49] [INFO] Cache hit for key user_profile_123
[2026-07-23 21:34:53] [INFO] Connection established to message queue
[2026-07-23 21:34:54] [INFO] Successfully processed background job #4912
[2026-07-23 21:34:54] [INFO] Handling user request for /api/v1/data
[2026-07-23 21:34:57] [INFO] Connection established to message queue
[2026-07-23 21:34:59] [INFO] Handling user request for /api/v1/data
[2026-07-23 21:35:01] [INFO] Connection established to message queue
[2026-07-23 21:35:01] [DEBUG] Parsing JSON payload
[2026-07-23 21:35:06] [DEBUG] Session token refreshed
[2026-07-23 21:35:10] [INFO] Cache hit for key user_profile_123
[2026-07-23 21:35:13] [INFO] User admin logged in from 192.168.1.100
[2026-07-23 21:35:15] [INFO] Handling user request for /api/v1/data
[2026-07-23 21:35:18] [WARNING] Rate limit approaching for IP 10.0.0.55
[2026-07-23 21:35:22] [INFO] Successfully processed background job #4912
[2026-07-23 21:35:27] [WARNING] High memory usage detected (85%)
[2026-07-23 21:35:28] [INFO] Cache hit for key user_profile_123
[2026-07-23 21:35:28] [ERROR] Database connection failed: Connection refused
[2026-07-23 21:35:29] [WARNING] Deprecated API usage detected in legacy_module.py
[2026-07-23 21:35:29] [INFO] System started successfully
[2026-07-23 21:35:30] [INFO] System started successfully
[2026-07-23 21:35:34] [DEBUG] Parsing JSON payload
[2026-07-23 21:35:34] [INFO] Cache hit for key user_profile_123
[2026-07-23 21:35:38] [INFO] Connection established to message queue
[2026-07-23 21:35:39] [INFO] System started successfully
[2026-07-23 21:35:40] [DEBUG] Initializing cache manager
[2026-07-23 21:35:41] [DEBUG] Parsing JSON payload
[2026-07-23 21:35:45] [INFO] Successfully processed background job #4912
[2026-07-23 21:35:48] [WARNING] High memory usage detected (85%)
[2026-07-23 21:35:52] [INFO] User admin logged in from 192.168.1.100
[2026-07-23 21:35:55] [INFO] Cache hit for key user_profile_123
[2026-07-23 21:35:56] [ERROR] Database connection failed: Connection refused
[2026-07-23 21:35:56] [WARNING] Rate limit approaching for IP 10.0.0.55
[2026-07-23 21:35:57] [DEBUG] Fetching row 4021 from database
[2026-07-23 21:35:59] [INFO] Successfully processed background job #4912
[2026-07-23 21:36:04] [INFO] Successfully processed background job #4912
[2026-07-23 21:36:07] [INFO] Successfully processed background job #4912
[2026-07-23 21:36:10] [DEBUG] Parsing JSON payload
[2026-07-23 21:36:12] [WARNING] High memory usage detected (85%)
[2026-07-23 21:36:16] [INFO] Successfully processed background job #4912
[2026-07-23 21:36:19] [ERROR] Authentication failed for user guest
[2026-07-23 21:36:21] [INFO] User admin logged in from 192.168.1.100
[2026-07-23 21:36:24] [INFO] Cache hit for key user_profile_123
[2026-07-23 21:36:28] [INFO] User admin logged in from 192.168.1.100
[2026-07-23 21:36:32] [INFO] User admin logged in from 192.168.1.100
[2026-07-23 21:36:35] [INFO] Successfully processed background job #4912
[2026-07-23 21:36:36] [ERROR] NullPointerException in DataProcessor class
[2026-07-23 21:36:36] [DEBUG] Initializing cache manager
[2026-07-23 21:36:39] [INFO] Handling user request for /api/v1/data
[2026-07-23 21:36:40] [INFO] Successfully processed background job #4912
[2026-07-23 21:36:44] [INFO] Connection established to message queue
[2026-07-23 21:36:47] [INFO] Handling user request for /api/v1/data
[2026-07-23 21:36:48] [WARNING] High memory usage detected (85%)
[2026-07-23 21:36:51] [INFO] Successfully processed background job #4912
[2026-07-23 21:36:52] [INFO] Cache hit for key user_profile_123
[2026-07-23 21:36:52] [DEBUG] Fetching row 4021 from database
[2026-07-23 21:36:55] [DEBUG] Session token refreshed
[2026-07-23 21:36:59] [INFO] Successfully processed background job #4912
[2026-07-23 21:36:59] [INFO] Successfully processed background job #4912
[2026-07-23 21:37:04] [INFO] Connection established to message queue
[2026-07-23 21:37:06] [WARNING] Deprecated API usage detected in legacy_module.py
[2026-07-23 21:37:08] [INFO] Cache hit for key user_profile_123
[2026-07-23 21:37:12] [INFO] User admin logged in from 192.168.1.100
[2026-07-23 21:37:12] [INFO] Cache hit for key user_profile_123
[2026-07-23 21:37:15] [INFO] Connection established to message queue
[2026-07-23 21:37:16] [INFO] User admin logged in from 192.168.1.100
[2026-07-23 21:37:20] [INFO] Connection established to message queue
[2026-07-23 21:37:25] [DEBUG] Session token refreshed
[2026-07-23 21:37:25] [DEBUG] Parsing JSON payload
[2026-07-23 21:37:29] [INFO] Successfully processed background job #4912
[2026-07-23 21:37:30] [INFO] Handling user request for /api/v1/data
[2026-07-23 21:37:30] [CRITICAL] Timeout while waiting for external service after 30000ms
[2026-07-23 21:37:31] [INFO] Connection established to message queue
[2026-07-23 21:37:36] [INFO] Connection established to message queue
[2026-07-23 21:37:39] [INFO] Successfully processed background job #4912
[2026-07-23 21:37:44] [INFO] Handling user request for /api/v1/data
[2026-07-23 21:37:46] [INFO] Cache hit for key user_profile_123
[2026-07-23 21:37:49] [INFO] User admin logged in from 192.168.1.100
[2026-07-23 21:37:52] [INFO] Successfully processed background job #4912
[2026-07-23 21:37:52] [DEBUG] Parsing JSON payload
[2026-07-23 21:37:55] [INFO] Cache hit for key user_profile_123
[2026-07-23 21:37:55] [INFO] System started successfully
[2026-07-23 21:38:00] [DEBUG] Fetching row 4021 from database
[2026-07-23 21:38:02] [INFO] Connection established to message queue
[2026-07-23 21:38:04] [DEBUG] Initializing cache manager
[2026-07-23 21:38:08] [INFO] User admin logged in from 192.168.1.100
[2026-07-23 21:38:08] [INFO] Handling user request for /api/v1/data
[2026-07-23 21:38:09] [INFO] Cache hit for key user_profile_123
[2026-07-23 21:38:12] [INFO] System started successfully
[2026-07-23 21:38:16] [DEBUG] Session token refreshed
[2026-07-23 21:38:19] [INFO] Cache hit for key user_profile_123
[2026-07-23 21:38:22] [WARNING] Rate limit approaching for IP 10.0.0.55
[2026-07-23 21:38:25] [INFO] Cache hit for key user_profile_123
[2026-07-23 21:38:27] [INFO] Handling user request for /api/v1/data
[2026-07-23 21:38:29] [DEBUG] Initializing cache manager
[2026-07-23 21:38:31] [DEBUG] Initializing cache manager
[2026-07-23 21:38:34] [INFO] Connection established to message queue
[2026-07-23 21:38:37] [INFO] User admin logged in from 192.168.1.100
[2026-07-23 21:38:40] [INFO] Connection established to message queue
[2026-07-23 21:38:42] [DEBUG] Initializing cache manager
[2026-07-23 21:38:44] [DEBUG] Session token refreshed
[2026-07-23 21:38:46] [INFO] Successfully processed background job #4912
[2026-07-23 21:38:49] [ERROR] Authentication failed for user guest
[2026-07-23 21:38:53] [INFO] Cache hit for key user_profile_123
[2026-07-23 21:38:54] [INFO] Handling user request for /api/v1/data
[2026-07-23 21:38:57] [INFO] Handling user request for /api/v1/data
[2026-07-23 21:38:58] [DEBUG] Fetching row 4021 from database
[2026-07-23 21:39:03] [INFO] User admin logged in from 192.168.1.100
[2026-07-23 21:39:08] [INFO] Handling user request for /api/v1/data
[2026-07-23 21:39:13] [INFO] Handling user request for /api/v1/data
[2026-07-23 21:39:16] [INFO] Handling user request for /api/v1/data
[2026-07-23 21:39:20] [DEBUG] Initializing cache manager
[2026-07-23 21:39:23] [INFO] Successfully processed background job #4912
[2026-07-23 21:39:25] [WARNING] Rate limit approaching for IP 10.0.0.55
[2026-07-23 21:39:28] [DEBUG] Session token refreshed
[2026-07-23 21:39:29] [INFO] Handling user request for /api/v1/data
[2026-07-23 21:39:33] [INFO] Cache hit for key user_profile_123
[2026-07-23 21:39:37] [INFO] Successfully processed background job #4912
[2026-07-23 21:39:37] [INFO] Successfully processed background job #4912
[2026-07-23 21:39:40] [INFO] Connection established to message queue
[2026-07-23 21:39:43] [DEBUG] Fetching row 4021 from database
[2026-07-23 21:39:46] [INFO] Cache hit for key user_profile_123
[2026-07-23 21:39:48] [INFO] System started successfully
[2026-07-23 21:39:52] [INFO] System started successfully
[2026-07-23 21:39:55] [INFO] Handling user request for /api/v1/data
[2026-07-23 21:40:00] [DEBUG] Parsing JSON payload
[2026-07-23 21:40:04] [INFO] Handling user request for /api/v1/data
[2026-07-23 21:40:06] [INFO] Connection established to message queue
[2026-07-23 21:40:07] [INFO] Successfully processed background job #4912
[2026-07-23 21:40:11] [INFO] System started successfully
[2026-07-23 21:40:12] [INFO] Handling user request for /api/v1/data
[2026-07-23 21:40:13] [INFO] Cache hit for key user_profile_123
[2026-07-23 21:40:17] [INFO] Cache hit for key user_profile_123
[2026-07-23 21:40:17] [INFO] Handling user request for /api/v1/data
[2026-07-23 21:40:20] [INFO] Connection established to message queue
[2026-07-23 21:40:21] [INFO] Handling user request for /api/v1/data
[2026-07-23 21:40:22] [INFO] Handling user request for /api/v1/data
[2026-07-23 21:40:25] [INFO] Cache hit for key user_profile_123
[2026-07-23 21:40:27] [ERROR] NullPointerException in DataProcessor class
[2026-07-23 21:40:31] [INFO] System started successfully
[2026-07-23 21:40:36] [WARNING] Deprecated API usage detected in legacy_module.py
[2026-07-23 21:40:39] [DEBUG] Fetching row 4021 from database
[2026-07-23 21:40:44] [INFO] Connection established to message queue
[2026-07-23 21:40:49] [INFO] Successfully processed background job #4912
[2026-07-23 21:40:49] [INFO] Handling user request for /api/v1/data
[2026-07-23 21:40:51] [ERROR] Invalid password provided for account admin
[2026-07-23 21:40:56] [INFO] User admin logged in from 192.168.1.100
[2026-07-23 21:40:59] [ERROR] MySQL Error: Deadlock found when trying to get lock
[2026-07-23 21:41:02] [INFO] System started successfully
[2026-07-23 21:41:05] [DEBUG] Initializing cache manager
[2026-07-23 21:41:06] [ERROR] MySQL Error: Deadlock found when trying to get lock
[2026-07-23 21:41:10] [INFO] System started successfully
[2026-07-23 21:41:13] [ERROR] Authentication failed for user guest
[2026-07-23 21:41:14] [INFO] Handling user request for /api/v1/data
[2026-07-23 21:41:16] [INFO] Successfully processed background job #4912
[2026-07-23 21:41:18] [INFO] Successfully processed background job #4912
[2026-07-23 21:41:19] [INFO] Successfully processed background job #4912
[2026-07-23 21:41:21] [INFO] System started successfully
[2026-07-23 21:41:23] [INFO] Connection established to message queue
[2026-07-23 21:41:26] [INFO] User admin logged in from 192.168.1.100
[2026-07-23 21:41:29] [INFO] Cache hit for key user_profile_123
[2026-07-23 21:41:30] [INFO] Handling user request for /api/v1/data
[2026-07-23 21:41:35] [DEBUG] Fetching row 4021 from database
[2026-07-23 21:41:37] [INFO] Handling user request for /api/v1/data
[2026-07-23 21:41:41] [INFO] Successfully processed background job #4912
[2026-07-23 21:41:44] [INFO] Successfully processed background job #4912
[2026-07-23 21:41:46] [WARNING] Rate limit approaching for IP 10.0.0.55
[2026-07-23 21:41:49] [INFO] User admin logged in from 192.168.1.100
[2026-07-23 21:41:53] [INFO] Connection established to message queue
[2026-07-23 21:41:58] [INFO] Connection established to message queue
[2026-07-23 21:42:00] [INFO] Handling user request for /api/v1/data
[2026-07-23 21:42:01] [DEBUG] Session token refreshed
[2026-07-23 21:42:05] [WARNING] Deprecated API usage detected in legacy_module.py
[2026-07-23 21:42:10] [INFO] System started successfully
[2026-07-23 21:42:10] [INFO] Connection established to message queue
[2026-07-23 21:42:10] [INFO] Handling user request for /api/v1/data
[2026-07-23 21:42:11] [INFO] Handling user request for /api/v1/data
[2026-07-23 21:42:16] [INFO] Successfully processed background job #4912
[2026-07-23 21:42:19] [DEBUG] Session token refreshed
[2026-07-23 21:42:19] [INFO] Cache hit for key user_profile_123
[2026-07-23 21:42:23] [INFO] Handling user request for /api/v1/data
[2026-07-23 21:42:24] [DEBUG] Initializing cache manager
[2026-07-23 21:42:25] [INFO] System started successfully
[2026-07-23 21:42:26] [INFO] Cache hit for key user_profile_123
[2026-07-23 21:42:30] [INFO] Successfully processed background job #4912
[2026-07-23 21:42:33] [INFO] Handling user request for /api/v1/data
[2026-07-23 21:42:34] [INFO] Successfully processed background job #4912
[2026-07-23 21:42:37] [INFO] Connection established to message queue
[2026-07-23 21:42:38] [INFO] System started successfully
[2026-07-23 21:42:43] [DEBUG] Fetching row 4021 from database
[2026-07-23 21:42:43] [DEBUG] Session token refreshed
[2026-07-23 21:42:48] [DEBUG] Initializing cache manager
[2026-07-23 21:42:49] [INFO] System started successfully
[2026-07-23 21:42:50] [WARNING] Deprecated API usage detected in legacy_module.py
[2026-07-23 21:42:52] [INFO] Successfully processed background job #4912
[2026-07-23 21:42:54] [INFO] User admin logged in from 192.168.1.100
[2026-07-23 21:42:56] [INFO] User admin logged in from 192.168.1.100
[2026-07-23 21:42:57] [INFO] User admin logged in from 192.168.1.100
[2026-07-23 21:43:00] [INFO] System started successfully
[2026-07-23 21:43:01] [INFO] Connection established to message queue
[2026-07-23 21:43:04] [INFO] Cache hit for key user_profile_123
[2026-07-23 21:43:06] [WARNING] Deprecated API usage detected in legacy_module.py
[2026-07-23 21:43:07] [INFO] Cache hit for key user_profile_123
[2026-07-23 21:43:10] [INFO] Handling user request for /api/v1/data
[2026-07-23 21:43:12] [INFO] Successfully processed background job #4912
[2026-07-23 21:43:16] [INFO] Successfully processed background job #4912
[2026-07-23 21:43:17] [CRITICAL] Timeout while waiting for external service after 30000ms
[2026-07-23 21:43:20] [INFO] Cache hit for key user_profile_123
[2026-07-23 21:43:25] [INFO] Handling user request for /api/v1/data
[2026-07-23 21:43:29] [INFO] Successfully processed background job #4912
[2026-07-23 21:43:33] [ERROR] NullPointerException in DataProcessor class
[2026-07-23 21:43:37] [DEBUG] Session token refreshed
[2026-07-23 21:43:38] [WARNING] Deprecated API usage detected in legacy_module.py
[2026-07-23 21:43:41] [DEBUG] Fetching row 4021 from database
[2026-07-23 21:43:44] [INFO] Cache hit for key user_profile_123
[2026-07-23 21:43:47] [INFO] Connection established to message queue
[2026-07-23 21:43:52] [ERROR] NullPointerException in DataProcessor class
[2026-07-23 21:43:54] [INFO] User admin logged in from 192.168.1.100
[2026-07-23 21:43:58] [INFO] User admin logged in from 192.168.1.100
[2026-07-23 21:44:03] [INFO] User admin logged in from 192.168.1.100
[2026-07-23 21:44:06] [INFO] Handling user request for /api/v1/data
[2026-07-23 21:44:07] [WARNING] High memory usage detected (85%)
[2026-07-23 21:44:10] [INFO] Connection established to message queue
[2026-07-23 21:44:12] [INFO] Cache hit for key user_profile_123
[2026-07-23 21:44:16] [ERROR] Database connection failed: Connection refused
[2026-07-23 21:44:20] [INFO] Cache hit for key user_profile_123
[2026-07-23 21:44:20] [INFO] User admin logged in from 192.168.1.100
[2026-07-23 21:44:23] [ERROR] Authentication failed for user guest
[2026-07-23 21:44:27] [INFO] Connection established to message queue
[2026-07-23 21:44:29] [INFO] User admin logged in from 192.168.1.100
[2026-07-23 21:44:32] [INFO] User admin logged in from 192.168.1.100
[2026-07-23 21:44:32] [CRITICAL] Disk space exhausted on /var/log
[2026-07-23 21:44:36] [INFO] Successfully processed background job #4912
[2026-07-23 21:44:37] [INFO] Cache hit for key user_profile_123
[2026-07-23 21:44:39] [INFO] Connection established to message queue
[2026-07-23 21:44:40] [INFO] User admin logged in from 192.168.1.100
[2026-07-23 21:44:44] [INFO] System started successfully
[2026-07-23 21:44:48] [INFO] Handling user request for /api/v1/data
[2026-07-23 21:44:51] [INFO] System started successfully
[2026-07-23 21:44:55] [INFO] Connection established to message queue
[2026-07-23 21:44:57] [INFO] Connection established to message queue
[2026-07-23 21:44:58] [INFO] User admin logged in from 192.168.1.100
[2026-07-23 21:44:59] [WARNING] High memory usage detected (85%)
[2026-07-23 21:44:59] [DEBUG] Initializing cache manager
[2026-07-23 21:45:02] [INFO] Cache hit for key user_profile_123
[2026-07-23 21:45:05] [INFO] Connection established to message queue
[2026-07-23 21:45:08] [INFO] User admin logged in from 192.168.1.100
[2026-07-23 21:45:12] [INFO] Cache hit for key user_profile_123
[2026-07-23 21:45:13] [INFO] Successfully processed background job #4912
[2026-07-23 21:45:13] [INFO] Handling user request for /api/v1/data
[2026-07-23 21:45:15] [INFO] Cache hit for key user_profile_123
[2026-07-23 21:45:18] [ERROR] Invalid password provided for account admin
[2026-07-23 21:45:19] [WARNING] Deprecated API usage detected in legacy_module.py
[2026-07-23 21:45:23] [WARNING] Rate limit approaching for IP 10.0.0.55
[2026-07-23 21:45:28] [DEBUG] Session token refreshed
[2026-07-23 21:45:32] [INFO] User admin logged in from 192.168.1.100
[2026-07-23 21:45:34] [DEBUG] Fetching row 4021 from database
[2026-07-23 21:45:38] [INFO] Connection established to message queue
[2026-07-23 21:45:39] [INFO] Cache hit for key user_profile_123
[2026-07-23 21:45:43] [INFO] Cache hit for key user_profile_123
[2026-07-23 21:45:44] [INFO] System started successfully
[2026-07-23 21:45:47] [INFO] Connection established to message queue
[2026-07-23 21:45:49] [DEBUG] Session token refreshed
[2026-07-23 21:45:52] [INFO] Successfully processed background job #4912
[2026-07-23 21:45:52] [DEBUG] Fetching row 4021 from database
[2026-07-23 21:45:57] [INFO] Handling user request for /api/v1/data
[2026-07-23 21:45:59] [INFO] System started successfully
[2026-07-23 21:46:00] [INFO] User admin logged in from 192.168.1.100
[2026-07-23 21:46:05] [WARNING] Rate limit approaching for IP 10.0.0.55
[2026-07-23 21:46:09] [INFO] Handling user request for /api/v1/data
[2026-07-23 21:46:13] [INFO] Cache hit for key user_profile_123
[2026-07-23 21:46:15] [INFO] Successfully processed background job #4912
[2026-07-23 21:46:15] [INFO] Cache hit for key user_profile_123
[2026-07-23 21:46:18] [DEBUG] Fetching row 4021 from database
[2026-07-23 21:46:19] [INFO] User admin logged in from 192.168.1.100
[2026-07-23 21:46:21] [DEBUG] Initializing cache manager
[2026-07-23 21:46:24] [DEBUG] Initializing cache manager
[2026-07-23 21:46:28] [INFO] Connection established to message queue
[2026-07-23 21:46:33] [INFO] Connection established to message queue
[2026-07-23 21:46:35] [INFO] Connection established to message queue
[2026-07-23 21:46:37] [ERROR] Authentication failed for user guest
[2026-07-23 21:46:40] [WARNING] Deprecated API usage detected in legacy_module.py
[2026-07-23 21:46:42] [INFO] Connection established to message queue
[2026-07-23 21:46:43] [INFO] System started successfully
[2026-07-23 21:46:47] [INFO] Cache hit for key user_profile_123
[2026-07-23 21:46:48] [INFO] Successfully processed background job #4912
[2026-07-23 21:46:49] [INFO] System started successfully
[2026-07-23 21:46:50] [CRITICAL] Timeout while waiting for external service after 30000ms
[2026-07-23 21:46:54] [INFO] Handling user request for /api/v1/data
[2026-07-23 21:46:55] [INFO] User admin logged in from 192.168.1.100
[2026-07-23 21:46:56] [INFO] User admin logged in from 192.168.1.100
[2026-07-23 21:46:58] [INFO] User admin logged in from 192.168.1.100
[2026-07-23 21:47:00] [INFO] System started successfully
[2026-07-23 21:47:02] [INFO] Connection established to message queue
[2026-07-23 21:47:06] [WARNING] Deprecated API usage detected in legacy_module.py
[2026-07-23 21:47:08] [INFO] Successfully processed background job #4912
[2026-07-23 21:47:08] [INFO] Successfully processed background job #4912
[2026-07-23 21:47:11] [INFO] Handling user request for /api/v1/data
[2026-07-23 21:47:14] [INFO] Connection established to message queue
[2026-07-23 21:47:19] [INFO] Connection established to message queue
[2026-07-23 21:47:22] [WARNING] Rate limit approaching for IP 10.0.0.55
[2026-07-23 21:47:23] [INFO] Connection established to message queue
[2026-07-23 21:47:23] [INFO] Cache hit for key user_profile_123
[2026-07-23 21:47:28] [INFO] Handling user request for /api/v1/data
[2026-07-23 21:47:30] [DEBUG] Initializing cache manager
[2026-07-23 21:47:35] [INFO] Handling user request for /api/v1/data
[2026-07-23 21:47:35] [ERROR] NullPointerException in DataProcessor class
[2026-07-23 21:47:35] [INFO] System started successfully
[2026-07-23 21:47:35] [INFO] Connection established to message queue
[2026-07-23 21:47:38] [INFO] System started successfully
[2026-07-23 21:47:38] [INFO] User admin logged in from 192.168.1.100
[2026-07-23 21:47:43] [WARNING] High memory usage detected (85%)
[2026-07-23 21:47:47] [INFO] Connection established to message queue
[2026-07-23 21:47:49] [INFO] Connection established to message queue
[2026-07-23 21:47:53] [INFO] Connection established to message queue
[2026-07-23 21:47:55] [INFO] Handling user request for /api/v1/data
[2026-07-23 21:47:59] [ERROR] Authentication failed for user guest
[2026-07-23 21:48:00] [DEBUG] Session token refreshed
[2026-07-23 21:48:05] [INFO] User admin logged in from 192.168.1.100
[2026-07-23 21:48:07] [INFO] Successfully processed background job #4912
[2026-07-23 21:48:11] [INFO] User admin logged in from 192.168.1.100
[2026-07-23 21:48:15] [INFO] User admin logged in from 192.168.1.100
[2026-07-23 21:48:19] [INFO] Handling user request for /api/v1/data
[2026-07-23 21:48:22] [INFO] Connection established to message queue
[2026-07-23 21:48:23] [INFO] System started successfully
[2026-07-23 21:48:25] [INFO] User admin logged in from 192.168.1.100
[2026-07-23 21:48:28] [INFO] Connection established to message queue
[2026-07-23 21:48:32] [INFO] Connection established to message queue
[2026-07-23 21:48:34] [INFO] Connection established to message queue
[2026-07-23 21:48:38] [INFO] User admin logged in from 192.168.1.100
[2026-07-23 21:48:40] [WARNING] High memory usage detected (85%)
[2026-07-23 21:48:45] [INFO] Handling user request for /api/v1/data
[2026-07-23 21:48:48] [DEBUG] Fetching row 4021 from database
[2026-07-23 21:48:49] [INFO] User admin logged in from 192.168.1.100
[2026-07-23 21:48:51] [INFO] Handling user request for /api/v1/data
[2026-07-23 21:48:55] [DEBUG] Initializing cache manager
[2026-07-23 21:49:00] [INFO] System started successfully
[2026-07-23 21:49:02] [INFO] System started successfully
[2026-07-23 21:49:07] [INFO] Connection established to message queue
[2026-07-23 21:49:10] [WARNING] Rate limit approaching for IP 10.0.0.55
[2026-07-23 21:49:13] [INFO] Successfully processed background job #4912
[2026-07-23 21:49:18] [DEBUG] Fetching row 4021 from database
[2026-07-23 21:49:20] [INFO] Connection established to message queue
[2026-07-23 21:49:23] [DEBUG] Fetching row 4021 from database
[2026-07-23 21:49:28] [INFO] Cache hit for key user_profile_123
[2026-07-23 21:49:32] [INFO] System started successfully
[2026-07-23 21:49:34] [INFO] User admin logged in from 192.168.1.100
[2026-07-23 21:49:39] [INFO] Successfully processed background job #4912
[2026-07-23 21:49:42] [INFO] Cache hit for key user_profile_123
[2026-07-23 21:49:45] [INFO] Connection established to message queue
[2026-07-23 21:49:47] [INFO] User admin logged in from 192.168.1.100
[2026-07-23 21:49:51] [INFO] System started successfully
[2026-07-23 21:49:54] [INFO] System started successfully
[2026-07-23 21:49:56] [INFO] Successfully processed background job #4912
[2026-07-23 21:50:01] [INFO] User admin logged in from 192.168.1.100
[2026-07-23 21:50:03] [INFO] Cache hit for key user_profile_123
[2026-07-23 21:50:07] [INFO] Handling user request for /api/v1/data
[2026-07-23 21:50:09] [INFO] User admin logged in from 192.168.1.100
[2026-07-23 21:50:11] [INFO] Handling user request for /api/v1/data
[2026-07-23 21:50:16] [INFO] Connection established to message queue
[2026-07-23 21:50:20] [INFO] User admin logged in from 192.168.1.100
[2026-07-23 21:50:21] [DEBUG] Session token refreshed
[2026-07-23 21:50:23] [DEBUG] Fetching row 4021 from database
[2026-07-23 21:50:26] [INFO] User admin logged in from 192.168.1.100
[2026-07-23 21:50:28] [INFO] User admin logged in from 192.168.1.100
[2026-07-23 21:50:28] [INFO] Connection established to message queue
[2026-07-23 21:50:30] [ERROR] Invalid password provided for account admin
[2026-07-23 21:50:35] [INFO] Successfully processed background job #4912
[2026-07-23 21:50:35] [INFO] Successfully processed background job #4912
[2026-07-23 21:50:40] [INFO] Connection established to message queue
[2026-07-23 21:50:41] [CRITICAL] Disk space exhausted on /var/log
[2026-07-23 21:50:43] [INFO] User admin logged in from 192.168.1.100
[2026-07-23 21:50:47] [DEBUG] Fetching row 4021 from database
[2026-07-23 21:50:51] [INFO] System started successfully
[2026-07-23 21:50:53] [ERROR] Invalid password provided for account admin
[2026-07-23 21:50:55] [WARNING] High memory usage detected (85%)
[2026-07-23 21:50:58] [DEBUG] Fetching row 4021 from database
[2026-07-23 21:51:03] [INFO] System started successfully
[2026-07-23 21:51:06] [DEBUG] Fetching row 4021 from database
[2026-07-23 21:51:08] [INFO] Handling user request for /api/v1/data
[2026-07-23 21:51:13] [DEBUG] Fetching row 4021 from database
[2026-07-23 21:51:16] [DEBUG] Fetching row 4021 from database
[2026-07-23 21:51:18] [INFO] Successfully processed background job #4912
[2026-07-23 21:51:19] [DEBUG] Session token refreshed
[2026-07-23 21:51:21] [WARNING] High memory usage detected (85%)
[2026-07-23 21:51:22] [INFO] Connection established to message queue
[2026-07-23 21:51:25] [INFO] User admin logged in from 192.168.1.100
[2026-07-23 21:51:28] [INFO] System started successfully
[2026-07-23 21:51:29] [DEBUG] Parsing JSON payload
[2026-07-23 21:51:30] [INFO] Handling user request for /api/v1/data
[2026-07-23 21:51:32] [DEBUG] Session token refreshed
[2026-07-23 21:51:32] [INFO] Connection established to message queue
[2026-07-23 21:51:33] [INFO] Connection established to message queue
[2026-07-23 21:51:36] [INFO] Cache hit for key user_profile_123
[2026-07-23 21:51:37] [WARNING] Deprecated API usage detected in legacy_module.py
[2026-07-23 21:51:39] [INFO] Cache hit for key user_profile_123
[2026-07-23 21:51:42] [INFO] Handling user request for /api/v1/data
[2026-07-23 21:51:46] [INFO] Handling user request for /api/v1/data
[2026-07-23 21:51:47] [INFO] Connection established to message queue
[2026-07-23 21:51:50] [INFO] User admin logged in from 192.168.1.100
[2026-07-23 21:51:53] [INFO] User admin logged in from 192.168.1.100
[2026-07-23 21:51:56] [INFO] Handling user request for /api/v1/data
[2026-07-23 21:51:57] [DEBUG] Parsing JSON payload
[2026-07-23 21:51:59] [INFO] User admin logged in from 192.168.1.100
[2026-07-23 21:52:03] [INFO] Successfully processed background job #4912
[2026-07-23 21:52:07] [DEBUG] Initializing cache manager
[2026-07-23 21:52:12] [DEBUG] Session token refreshed
[2026-07-23 21:52:12] [INFO] Cache hit for key user_profile_123
[2026-07-23 21:52:14] [INFO] Connection established to message queue
[2026-07-23 21:52:15] [INFO] Connection established to message queue
[2026-07-23 21:52:15] [INFO] Handling user request for /api/v1/data
[2026-07-23 21:52:16] [INFO] User admin logged in from 192.168.1.100
[2026-07-23 21:52:17] [WARNING] Rate limit approaching for IP 10.0.0.55
[2026-07-23 21:52:20] [ERROR] NullPointerException in DataProcessor class
[2026-07-23 21:52:22] [INFO] Successfully processed background job #4912
[2026-07-23 21:52:23] [INFO] User admin logged in from 192.168.1.100
[2026-07-23 21:52:25] [DEBUG] Session token refreshed
[2026-07-23 21:52:27] [INFO] Cache hit for key user_profile_123
[2026-07-23 21:52:31] [INFO] User admin logged in from 192.168.1.100
[2026-07-23 21:52:34] [INFO] Successfully processed background job #4912
[2026-07-23 21:52:38] [WARNING] Rate limit approaching for IP 10.0.0.55
[2026-07-23 21:52:38] [INFO] Connection established to message queue
[2026-07-23 21:52:40] [INFO] Successfully processed background job #4912
[2026-07-23 21:52:42] [INFO] Cache hit for key user_profile_123
[2026-07-23 21:52:42] [INFO] Handling user request for /api/v1/data
[2026-07-23 21:52:44] [ERROR] NullPointerException in DataProcessor class
[2026-07-23 21:52:44] [DEBUG] Parsing JSON payload
[2026-07-23 21:52:48] [INFO] User admin logged in from 192.168.1.100
[2026-07-23 21:52:52] [DEBUG] Fetching row 4021 from database
[2026-07-23 21:52:55] [INFO] System started successfully
[2026-07-23 21:52:58] [ERROR] NullPointerException in DataProcessor class
[2026-07-23 21:53:01] [WARNING] Deprecated API usage detected in legacy_module.py
[2026-07-23 21:53:01] [INFO] Handling user request for /api/v1/data
[2026-07-23 21:53:01] [INFO] Handling user request for /api/v1/data
[2026-07-23 21:53:02] [DEBUG] Initializing cache manager
[2026-07-23 21:53:05] [INFO] Cache hit for key user_profile_123
[2026-07-23 21:53:06] [INFO] Cache hit for key user_profile_123
[2026-07-23 21:53:07] [INFO] Handling user request for /api/v1/data
[2026-07-23 21:53:09] [DEBUG] Parsing JSON payload
[2026-07-23 21:53:09] [INFO] User admin logged in from 192.168.1.100
[2026-07-23 21:53:11] [INFO] Handling user request for /api/v1/data
[2026-07-23 21:53:12] [ERROR] Invalid password provided for account admin
[2026-07-23 21:53:15] [DEBUG] Session token refreshed
[2026-07-23 21:53:17] [DEBUG] Fetching row 4021 from database
[2026-07-23 21:53:20] [INFO] Connection established to message queue
[2026-07-23 21:53:22] [INFO] User admin logged in from 192.168.1.100
[2026-07-23 21:53:26] [ERROR] Authentication failed for user guest
[2026-07-23 21:53:26] [INFO] Handling user request for /api/v1/data
[2026-07-23 21:53:30] [WARNING] Deprecated API usage detected in legacy_module.py
[2026-07-23 21:53:31] [INFO] User admin logged in from 192.168.1.100
[2026-07-23 21:53:35] [INFO] Connection established to message queue
[2026-07-23 21:53:38] [INFO] Connection established to message queue
[2026-07-23 21:53:39] [INFO] User admin logged in from 192.168.1.100
[2026-07-23 21:53:40] [ERROR] Database connection failed: Connection refused
[2026-07-23 21:53:43] [DEBUG] Session token refreshed
[2026-07-23 21:53:44] [INFO] Connection established to message queue
[2026-07-23 21:53:47] [INFO] User admin logged in from 192.168.1.100
[2026-07-23 21:53:51] [INFO] Cache hit for key user_profile_123
[2026-07-23 21:53:52] [INFO] Successfully processed background job #4912
[2026-07-23 21:53:55] [INFO] Successfully processed background job #4912
[2026-07-23 21:53:56] [INFO] Handling user request for /api/v1/data
[2026-07-23 21:53:58] [INFO] Handling user request for /api/v1/data
[2026-07-23 21:54:01] [INFO] Successfully processed background job #4912
[2026-07-23 21:54:05] [INFO] System started successfully
[2026-07-23 21:54:07] [INFO] Successfully processed background job #4912
[2026-07-23 21:54:10] [WARNING] High memory usage detected (85%)
[2026-07-23 21:54:15] [INFO] User admin logged in from 192.168.1.100
[2026-07-23 21:54:15] [INFO] System started successfully
[2026-07-23 21:54:16] [INFO] Successfully processed background job #4912
[2026-07-23 21:54:19] [INFO] User admin logged in from 192.168.1.100
[2026-07-23 21:54:21] [INFO] User admin logged in from 192.168.1.100
[2026-07-23 21:54:24] [INFO] Successfully processed background job #4912
[2026-07-23 21:54:27] [INFO] User admin logged in from 192.168.1.100
[2026-07-23 21:54:30] [WARNING] Deprecated API usage detected in legacy_module.py
[2026-07-23 21:54:35] [INFO] Cache hit for key user_profile_123
[2026-07-23 21:54:39] [INFO] System started successfully
[2026-07-23 21:54:39] [INFO] Successfully processed background job #4912
[2026-07-23 21:54:43] [INFO] System started successfully
[2026-07-23 21:54:45] [DEBUG] Fetching row 4021 from database
[2026-07-23 21:54:49] [WARNING] Deprecated API usage detected in legacy_module.py
[2026-07-23 21:54:53] [WARNING] Deprecated API usage detected in legacy_module.py
[2026-07-23 21:54:53] [INFO] Cache hit for key user_profile_123
[2026-07-23 21:54:56] [INFO] Handling user request for /api/v1/data
[2026-07-23 21:54:58] [INFO] Connection established to message queue
[2026-07-23 21:54:59] [INFO] User admin logged in from 192.168.1.100
[2026-07-23 21:55:04] [INFO] System started successfully
[2026-07-23 21:55:08] [INFO] Cache hit for key user_profile_123
[2026-07-23 21:55:13] [INFO] User admin logged in from 192.168.1.100
[2026-07-23 21:55:16] [DEBUG] Session token refreshed
[2026-07-23 21:55:20] [DEBUG] Session token refreshed
[2026-07-23 21:55:24] [DEBUG] Fetching row 4021 from database
[2026-07-23 21:55:26] [DEBUG] Session token refreshed
[2026-07-23 21:55:29] [INFO] Handling user request for /api/v1/data
[2026-07-23 21:55:33] [INFO] User admin logged in from 192.168.1.100
[2026-07-23 21:55:34] [ERROR] MySQL Error: Deadlock found when trying to get lock
[2026-07-23 21:55:36] [INFO] User admin logged in from 192.168.1.100
[2026-07-23 21:55:41] [INFO] Handling user request for /api/v1/data
[2026-07-23 21:55:41] [WARNING] Rate limit approaching for IP 10.0.0.55
[2026-07-23 21:55:42] [ERROR] MySQL Error: Deadlock found when trying to get lock
[2026-07-23 21:55:43] [INFO] System started successfully
[2026-07-23 21:55:47] [ERROR] MySQL Error: Deadlock found when trying to get lock
[2026-07-23 21:55:49] [INFO] Connection established to message queue
[2026-07-23 21:55:52] [INFO] Successfully processed background job #4912
[2026-07-23 21:55:56] [DEBUG] Fetching row 4021 from database
[2026-07-23 21:55:59] [WARNING] High memory usage detected (85%)
[2026-07-23 21:56:00] [ERROR] NullPointerException in DataProcessor class
[2026-07-23 21:56:02] [INFO] Connection established to message queue
[2026-07-23 21:56:03] [INFO] Successfully processed background job #4912
[2026-07-23 21:56:06] [INFO] Handling user request for /api/v1/data
[2026-07-23 21:56:08] [WARNING] High memory usage detected (85%)
[2026-07-23 21:56:10] [DEBUG] Session token refreshed
[2026-07-23 21:56:12] [INFO] Connection established to message queue
[2026-07-23 21:56:14] [INFO] Handling user request for /api/v1/data
[2026-07-23 21:56:16] [INFO] User admin logged in from 192.168.1.100
[2026-07-23 21:56:19] [INFO] User admin logged in from 192.168.1.100
[2026-07-23 21:56:23] [INFO] Successfully processed background job #4912
[2026-07-23 21:56:25] [WARNING] High memory usage detected (85%)
[2026-07-23 21:56:27] [INFO] System started successfully
[2026-07-23 21:56:29] [INFO] User admin logged in from 192.168.1.100
[2026-07-23 21:56:32] [INFO] Connection established to message queue
[2026-07-23 21:56:36] [INFO] Connection established to message queue
[2026-07-23 21:56:38] [INFO] Successfully processed background job #4912
[2026-07-23 21:56:41] [INFO] Connection established to message queue
[2026-07-23 21:56:44] [DEBUG] Session token refreshed
[2026-07-23 21:56:45] [INFO] Cache hit for key user_profile_123
[2026-07-23 21:56:49] [WARNING] Rate limit approaching for IP 10.0.0.55
[2026-07-23 21:56:51] [INFO] Connection established to message queue
[2026-07-23 21:56:53] [DEBUG] Session token refreshed
[2026-07-23 21:56:54] [DEBUG] Initializing cache manager
[2026-07-23 21:56:56] [WARNING] Rate limit approaching for IP 10.0.0.55
[2026-07-23 21:56:58] [DEBUG] Parsing JSON payload
[2026-07-23 21:57:00] [ERROR] NullPointerException in DataProcessor class
[2026-07-23 21:57:05] [WARNING] Deprecated API usage detected in legacy_module.py
[2026-07-23 21:57:10] [INFO] User admin logged in from 192.168.1.100
[2026-07-23 21:57:13] [INFO] User admin logged in from 192.168.1.100
[2026-07-23 21:57:14] [ERROR] Authentication failed for user guest
[2026-07-23 21:57:18] [WARNING] Rate limit approaching for IP 10.0.0.55
[2026-07-23 21:57:22] [INFO] Cache hit for key user_profile_123
[2026-07-23 21:57:24] [INFO] System started successfully
[2026-07-23 21:57:25] [INFO] Handling user request for /api/v1/data
[2026-07-23 21:57:27] [INFO] Connection established to message queue
[2026-07-23 21:57:27] [INFO] Connection established to message queue
[2026-07-23 21:57:31] [DEBUG] Initializing cache manager
[2026-07-23 21:57:36] [INFO] User admin logged in from 192.168.1.100
[2026-07-23 21:57:38] [INFO] Cache hit for key user_profile_123
[2026-07-23 21:57:43] [DEBUG] Parsing JSON payload
[2026-07-23 21:57:47] [DEBUG] Session token refreshed
[2026-07-23 21:57:49] [WARNING] High memory usage detected (85%)
[2026-07-23 21:57:52] [INFO] Connection established to message queue
[2026-07-23 21:57:56] [DEBUG] Session token refreshed
[2026-07-23 21:57:57] [WARNING] High memory usage detected (85%)
[2026-07-23 21:57:59] [INFO] Successfully processed background job #4912
[2026-07-23 21:58:00] [INFO] System started successfully
[2026-07-23 21:58:03] [INFO] Successfully processed background job #4912
[2026-07-23 21:58:06] [INFO] Handling user request for /api/v1/data
[2026-07-23 21:58:06] [INFO] Cache hit for key user_profile_123
[2026-07-23 21:58:11] [INFO] Cache hit for key user_profile_123
[2026-07-23 21:58:13] [INFO] Cache hit for key user_profile_123
[2026-07-23 21:58:17] [INFO] System started successfully
[2026-07-23 21:58:18] [INFO] Cache hit for key user_profile_123
[2026-07-23 21:58:22] [INFO] Connection established to message queue
[2026-07-23 21:58:25] [INFO] Connection established to message queue
[2026-07-23 21:58:27] [DEBUG] Initializing cache manager
[2026-07-23 21:58:29] [INFO] System started successfully
[2026-07-23 21:58:32] [DEBUG] Initializing cache manager
[2026-07-23 21:58:37] [DEBUG] Session token refreshed
[2026-07-23 21:58:38] [DEBUG] Initializing cache manager
[2026-07-23 21:58:40] [INFO] Cache hit for key user_profile_123
[2026-07-23 21:58:43] [INFO] Connection established to message queue
[2026-07-23 21:58:48] [DEBUG] Initializing cache manager
[2026-07-23 21:58:50] [INFO] User admin logged in from 192.168.1.100
[2026-07-23 21:58:52] [DEBUG] Initializing cache manager
[2026-07-23 21:58:54] [INFO] System started successfully
[2026-07-23 21:58:57] [WARNING] Rate limit approaching for IP 10.0.0.55
[2026-07-23 21:58:58] [DEBUG] Fetching row 4021 from database
[2026-07-23 21:59:00] [CRITICAL] Disk space exhausted on /var/log
[2026-07-23 21:59:04] [INFO] Cache hit for key user_profile_123
[2026-07-23 21:59:06] [INFO] System started successfully
[2026-07-23 21:59:06] [INFO] System started successfully
[2026-07-23 21:59:08] [DEBUG] Parsing JSON payload
[2026-07-23 21:59:13] [INFO] Connection established to message queue
[2026-07-23 21:59:16] [INFO] Cache hit for key user_profile_123
[2026-07-23 21:59:20] [INFO] User admin logged in from 192.168.1.100
[2026-07-23 21:59:21] [DEBUG] Fetching row 4021 from database
[2026-07-23 21:59:25] [INFO] Connection established to message queue
[2026-07-23 21:59:27] [INFO] Handling user request for /api/v1/data
[2026-07-23 21:59:30] [INFO] Connection established to message queue
[2026-07-23 21:59:31] [INFO] Handling user request for /api/v1/data
[2026-07-23 21:59:36] [DEBUG] Initializing cache manager
[2026-07-23 21:59:39] [INFO] System started successfully
[2026-07-23 21:59:43] [INFO] Successfully processed background job #4912
[2026-07-23 21:59:43] [INFO] Connection established to message queue
[2026-07-23 21:59:44] [INFO] Handling user request for /api/v1/data
[2026-07-23 21:59:48] [INFO] Handling user request for /api/v1/data
[2026-07-23 21:59:50] [INFO] System started successfully
[2026-07-23 21:59:52] [DEBUG] Session token refreshed
[2026-07-23 21:59:55] [INFO] Connection established to message queue
[2026-07-23 21:59:59] [WARNING] Deprecated API usage detected in legacy_module.py
[2026-07-23 22:00:00] [DEBUG] Session token refreshed
[2026-07-23 22:00:00] [INFO] User admin logged in from 192.168.1.100
[2026-07-23 22:00:02] [INFO] Connection established to message queue
[2026-07-23 22:00:04] [INFO] Connection established to message queue
[2026-07-23 22:00:08] [DEBUG] Session token refreshed
[2026-07-23 22:00:12] [DEBUG] Fetching row 4021 from database
[2026-07-23 22:00:17] [INFO] Cache hit for key user_profile_123
[2026-07-23 22:00:18] [INFO] Successfully processed background job #4912
[2026-07-23 22:00:20] [INFO] Successfully processed background job #4912
[2026-07-23 22:00:25] [INFO] Connection established to message queue
[2026-07-23 22:00:28] [DEBUG] Session token refreshed
[2026-07-23 22:00:32] [INFO] Cache hit for key user_profile_123
[2026-07-23 22:00:35] [INFO] Connection established to message queue
[2026-07-23 22:00:38] [INFO] User admin logged in from 192.168.1.100
[2026-07-23 22:00:43] [INFO] User admin logged in from 192.168.1.100
[2026-07-23 22:00:46] [INFO] Successfully processed background job #4912
[2026-07-23 22:00:47] [DEBUG] Initializing cache manager
[2026-07-23 22:00:51] [INFO] System started successfully
[2026-07-23 22:00:52] [DEBUG] Initializing cache manager
[2026-07-23 22:00:57] [DEBUG] Fetching row 4021 from database
[2026-07-23 22:01:00] [INFO] Handling user request for /api/v1/data
[2026-07-23 22:01:03] [INFO] User admin logged in from 192.168.1.100
[2026-07-23 22:01:06] [WARNING] High memory usage detected (85%)
[2026-07-23 22:01:10] [INFO] System started successfully
[2026-07-23 22:01:12] [INFO] Successfully processed background job #4912
[2026-07-23 22:01:16] [INFO] Connection established to message queue
[2026-07-23 22:01:20] [ERROR] Authentication failed for user guest
[2026-07-23 22:01:24] [ERROR] MySQL Error: Deadlock found when trying to get lock
[2026-07-23 22:01:27] [INFO] Handling user request for /api/v1/data
[2026-07-23 22:01:30] [INFO] User admin logged in from 192.168.1.100
[2026-07-23 22:01:31] [INFO] User admin logged in from 192.168.1.100
[2026-07-23 22:01:35] [WARNING] Deprecated API usage detected in legacy_module.py
[2026-07-23 22:01:38] [INFO] System started successfully
[2026-07-23 22:01:38] [INFO] Connection established to message queue
[2026-07-23 22:01:41] [DEBUG] Initializing cache manager
[2026-07-23 22:01:42] [WARNING] Deprecated API usage detected in legacy_module.py
[2026-07-23 22:01:45] [ERROR] Database connection failed: Connection refused
[2026-07-23 22:01:45] [INFO] Successfully processed background job #4912
[2026-07-23 22:01:46] [INFO] Cache hit for key user_profile_123
[2026-07-23 22:01:47] [ERROR] Invalid password provided for account admin
[2026-07-23 22:01:51] [INFO] User admin logged in from 192.168.1.100
[2026-07-23 22:01:53] [INFO] Handling user request for /api/v1/data
[2026-07-23 22:01:55] [INFO] System started successfully
[2026-07-23 22:01:57] [INFO] Handling user request for /api/v1/data
[2026-07-23 22:02:00] [INFO] User admin logged in from 192.168.1.100
[2026-07-23 22:02:03] [INFO] Cache hit for key user_profile_123
[2026-07-23 22:02:05] [INFO] Cache hit for key user_profile_123
[2026-07-23 22:02:06] [INFO] Cache hit for key user_profile_123
[2026-07-23 22:02:07] [INFO] Handling user request for /api/v1/data
[2026-07-23 22:02:11] [INFO] User admin logged in from 192.168.1.100
[2026-07-23 22:02:14] [DEBUG] Fetching row 4021 from database
[2026-07-23 22:02:17] [INFO] User admin logged in from 192.168.1.100
[2026-07-23 22:02:20] [INFO] Connection established to message queue
[2026-07-23 22:02:24] [INFO] Connection established to message queue
[2026-07-23 22:02:26] [INFO] User admin logged in from 192.168.1.100
[2026-07-23 22:02:30] [INFO] Handling user request for /api/v1/data
[2026-07-23 22:02:34] [WARNING] Deprecated API usage detected in legacy_module.py
[2026-07-23 22:02:38] [INFO] Handling user request for /api/v1/data
[2026-07-23 22:02:40] [INFO] Cache hit for key user_profile_123
[2026-07-23 22:02:41] [WARNING] Rate limit approaching for IP 10.0.0.55
[2026-07-23 22:02:46] [WARNING] Rate limit approaching for IP 10.0.0.55
[2026-07-23 22:02:50] [INFO] System started successfully
[2026-07-23 22:02:53] [INFO] Handling user request for /api/v1/data
[2026-07-23 22:02:55] [INFO] System started successfully
[2026-07-23 22:02:56] [INFO] System started successfully
[2026-07-23 22:03:00] [INFO] Successfully processed background job #4912
[2026-07-23 22:03:01] [INFO] Cache hit for key user_profile_123
[2026-07-23 22:03:02] [INFO] System started successfully
[2026-07-23 22:03:03] [WARNING] Deprecated API usage detected in legacy_module.py
[2026-07-23 22:03:07] [INFO] Successfully processed background job #4912
[2026-07-23 22:03:08] [INFO] User admin logged in from 192.168.1.100
[2026-07-23 22:03:09] [INFO] Handling user request for /api/v1/data
[2026-07-23 22:03:09] [INFO] System started successfully
[2026-07-23 22:03:11] [INFO] Successfully processed background job #4912
[2026-07-23 22:03:13] [DEBUG] Session token refreshed
[2026-07-23 22:03:14] [WARNING] Rate limit approaching for IP 10.0.0.55
[2026-07-23 22:03:16] [INFO] Cache hit for key user_profile_123
[2026-07-23 22:03:17] [INFO] Successfully processed background job #4912
[2026-07-23 22:03:20] [DEBUG] Parsing JSON payload
[2026-07-23 22:03:20] [INFO] Connection established to message queue
[2026-07-23 22:03:24] [WARNING] Deprecated API usage detected in legacy_module.py
[2026-07-23 22:03:25] [WARNING] Deprecated API usage detected in legacy_module.py
[2026-07-23 22:03:30] [INFO] Successfully processed background job #4912
[2026-07-23 22:03:35] [INFO] User admin logged in from 192.168.1.100
[2026-07-23 22:03:38] [INFO] Cache hit for key user_profile_123
[2026-07-23 22:03:39] [ERROR] MySQL Error: Deadlock found when trying to get lock
[2026-07-23 22:03:39] [INFO] System started successfully
[2026-07-23 22:03:41] [INFO] Successfully processed background job #4912
[2026-07-23 22:03:43] [INFO] Cache hit for key user_profile_123
[2026-07-23 22:03:45] [INFO] Handling user request for /api/v1/data
[2026-07-23 22:03:48] [DEBUG] Initializing cache manager
[2026-07-23 22:03:52] [INFO] Successfully processed background job #4912
[2026-07-23 22:03:56] [INFO] Handling user request for /api/v1/data
[2026-07-23 22:03:58] [INFO] Cache hit for key user_profile_123
[2026-07-23 22:03:58] [WARNING] Rate limit approaching for IP 10.0.0.55
[2026-07-23 22:04:03] [ERROR] Invalid password provided for account admin
[2026-07-23 22:04:06] [ERROR] Invalid password provided for account admin
[2026-07-23 22:04:10] [WARNING] Rate limit approaching for IP 10.0.0.55
[2026-07-23 22:04:12] [INFO] Connection established to message queue
[2026-07-23 22:04:17] [INFO] User admin logged in from 192.168.1.100
[2026-07-23 22:04:22] [INFO] Cache hit for key user_profile_123
[2026-07-23 22:04:25] [INFO] Handling user request for /api/v1/data
[2026-07-23 22:04:26] [INFO] Connection established to message queue
[2026-07-23 22:04:29] [INFO] Connection established to message queue
[2026-07-23 22:04:32] [INFO] Successfully processed background job #4912
[2026-07-23 22:04:34] [DEBUG] Fetching row 4021 from database
[2026-07-23 22:04:36] [INFO] User admin logged in from 192.168.1.100
[2026-07-23 22:04:40] [INFO] System started successfully
[2026-07-23 22:04:44] [INFO] Successfully processed background job #4912
[2026-07-23 22:04:48] [INFO] Handling user request for /api/v1/data
[2026-07-23 22:04:50] [INFO] Connection established to message queue
[2026-07-23 22:04:51] [INFO] Connection established to message queue
[2026-07-23 22:04:54] [INFO] Connection established to message queue
[2026-07-23 22:04:55] [INFO] Connection established to message queue
[2026-07-23 22:04:59] [WARNING] Rate limit approaching for IP 10.0.0.55
[2026-07-23 22:05:00] [INFO] Successfully processed background job #4912
[2026-07-23 22:05:00] [INFO] System started successfully
[2026-07-23 22:05:03] [WARNING] Deprecated API usage detected in legacy_module.py
[2026-07-23 22:05:07] [ERROR] Authentication failed for user guest
[2026-07-23 22:05:09] [INFO] Handling user request for /api/v1/data
[2026-07-23 22:05:11] [DEBUG] Session token refreshed
[2026-07-23 22:05:13] [INFO] Handling user request for /api/v1/data
[2026-07-23 22:05:16] [WARNING] Deprecated API usage detected in legacy_module.py
[2026-07-23 22:05:19] [INFO] Connection established to message queue
[2026-07-23 22:05:22] [INFO] System started successfully
[2026-07-23 22:05:23] [WARNING] High memory usage detected (85%)
[2026-07-23 22:05:27] [INFO] Connection established to message queue
[2026-07-23 22:05:30] [INFO] User admin logged in from 192.168.1.100
[2026-07-23 22:05:35] [INFO] Successfully processed background job #4912
[2026-07-23 22:05:37] [INFO] Successfully processed background job #4912
[2026-07-23 22:05:37] [WARNING] Deprecated API usage detected in legacy_module.py
[2026-07-23 22:05:41] [INFO] System started successfully
[2026-07-23 22:05:43] [INFO] Cache hit for key user_profile_123
[2026-07-23 22:05:45] [INFO] Handling user request for /api/v1/data
[2026-07-23 22:05:48] [INFO] Successfully processed background job #4912
[2026-07-23 22:05:52] [INFO] Cache hit for key user_profile_123
[2026-07-23 22:05:57] [INFO] Handling user request for /api/v1/data
[2026-07-23 22:05:57] [INFO] Successfully processed background job #4912
[2026-07-23 22:06:01] [INFO] Connection established to message queue
[2026-07-23 22:06:02] [INFO] User admin logged in from 192.168.1.100
[2026-07-23 22:06:06] [DEBUG] Parsing JSON payload
[2026-07-23 22:06:06] [CRITICAL] Disk space exhausted on /var/log
[2026-07-23 22:06:09] [INFO] Cache hit for key user_profile_123
[2026-07-23 22:06:11] [INFO] Successfully processed background job #4912
[2026-07-23 22:06:13] [CRITICAL] Timeout while waiting for external service after 30000ms
[2026-07-23 22:06:13] [DEBUG] Parsing JSON payload
[2026-07-23 22:06:16] [INFO] Handling user request for /api/v1/data
[2026-07-23 22:06:16] [INFO] Cache hit for key user_profile_123
[2026-07-23 22:06:17] [INFO] System started successfully
[2026-07-23 22:06:20] [INFO] Connection established to message queue
[2026-07-23 22:06:21] [INFO] Handling user request for /api/v1/data
[2026-07-23 22:06:22] [ERROR] Invalid password provided for account admin
[2026-07-23 22:06:23] [DEBUG] Session token refreshed
[2026-07-23 22:06:23] [DEBUG] Session token refreshed
[2026-07-23 22:06:27] [INFO] System started successfully
[2026-07-23 22:06:32] [INFO] Cache hit for key user_profile_123
[2026-07-23 22:06:36] [DEBUG] Fetching row 4021 from database
[2026-07-23 22:06:41] [INFO] Cache hit for key user_profile_123
[2026-07-23 22:06:45] [INFO] Connection established to message queue
[2026-07-23 22:06:46] [DEBUG] Parsing JSON payload
[2026-07-23 22:06:46] [INFO] Cache hit for key user_profile_123
[2026-07-23 22:06:49] [INFO] System started successfully
[2026-07-23 22:06:51] [INFO] Handling user request for /api/v1/data
[2026-07-23 22:06:52] [INFO] User admin logged in from 192.168.1.100
[2026-07-23 22:06:55] [INFO] Successfully processed background job #4912
[2026-07-23 22:06:56] [INFO] Handling user request for /api/v1/data
[2026-07-23 22:06:56] [INFO] Connection established to message queue
[2026-07-23 22:06:58] [INFO] Connection established to message queue
[2026-07-23 22:07:02] [INFO] Connection established to message queue
[2026-07-23 22:07:04] [ERROR] MySQL Error: Deadlock found when trying to get lock
[2026-07-23 22:07:07] [DEBUG] Parsing JSON payload
[2026-07-23 22:07:10] [INFO] Connection established to message queue
[2026-07-23 22:07:11] [INFO] Handling user request for /api/v1/data
[2026-07-23 22:07:15] [INFO] Handling user request for /api/v1/data
[2026-07-23 22:07:19] [DEBUG] Parsing JSON payload
[2026-07-23 22:07:24] [ERROR] NullPointerException in DataProcessor class
[2026-07-23 22:07:26] [INFO] User admin logged in from 192.168.1.100
[2026-07-23 22:07:29] [DEBUG] Initializing cache manager
[2026-07-23 22:07:33] [WARNING] Rate limit approaching for IP 10.0.0.55
[2026-07-23 22:07:35] [INFO] System started successfully
[2026-07-23 22:07:37] [DEBUG] Initializing cache manager
[2026-07-23 22:07:37] [WARNING] High memory usage detected (85%)
[2026-07-23 22:07:40] [INFO] Cache hit for key user_profile_123
[2026-07-23 22:07:45] [INFO] Cache hit for key user_profile_123
[2026-07-23 22:07:48] [INFO] Cache hit for key user_profile_123
[2026-07-23 22:07:50] [INFO] Cache hit for key user_profile_123
[2026-07-23 22:07:54] [INFO] Successfully processed background job #4912
[2026-07-23 22:07:55] [INFO] Handling user request for /api/v1/data
[2026-07-23 22:07:58] [ERROR] Authentication failed for user guest
[2026-07-23 22:08:01] [DEBUG] Session token refreshed
[2026-07-23 22:08:04] [INFO] User admin logged in from 192.168.1.100
[2026-07-23 22:08:05] [INFO] Successfully processed background job #4912
[2026-07-23 22:08:08] [INFO] Successfully processed background job #4912
[2026-07-23 22:08:13] [ERROR] Database connection failed: Connection refused
[2026-07-23 22:08:13] [INFO] Successfully processed background job #4912
[2026-07-23 22:08:17] [CRITICAL] Service crashed with exit code 137
[2026-07-23 22:08:20] [DEBUG] Session token refreshed
[2026-07-23 22:08:23] [WARNING] High memory usage detected (85%)
[2026-07-23 22:08:27] [DEBUG] Session token refreshed
[2026-07-23 22:08:29] [INFO] Cache hit for key user_profile_123
[2026-07-23 22:08:33] [DEBUG] Initializing cache manager
[2026-07-23 22:08:36] [INFO] System started successfully
[2026-07-23 22:08:41] [INFO] Cache hit for key user_profile_123
[2026-07-23 22:08:44] [INFO] System started successfully
[2026-07-23 22:08:49] [INFO] System started successfully
[2026-07-23 22:08:52] [INFO] Connection established to message queue
[2026-07-23 22:08:52] [DEBUG] Session token refreshed
[2026-07-23 22:08:55] [INFO] System started successfully
[2026-07-23 22:09:00] [INFO] Cache hit for key user_profile_123
[2026-07-23 22:09:03] [DEBUG] Initializing cache manager
[2026-07-23 22:09:05] [INFO] Connection established to message queue
[2026-07-23 22:09:10] [INFO] Connection established to message queue
[2026-07-23 22:09:13] [DEBUG] Parsing JSON payload
[2026-07-23 22:09:16] [INFO] System started successfully
[2026-07-23 22:09:18] [INFO] User admin logged in from 192.168.1.100
[2026-07-23 22:09:22] [INFO] Connection established to message queue
[2026-07-23 22:09:22] [INFO] Successfully processed background job #4912
[2026-07-23 22:09:27] [WARNING] Deprecated API usage detected in legacy_module.py
[2026-07-23 22:09:29] [DEBUG] Parsing JSON payload
[2026-07-23 22:09:32] [INFO] System started successfully
[2026-07-23 22:09:34] [INFO] Handling user request for /api/v1/data
[2026-07-23 22:09:35] [INFO] System started successfully
[2026-07-23 22:09:36] [INFO] User admin logged in from 192.168.1.100
[2026-07-23 22:09:41] [INFO] Connection established to message queue
[2026-07-23 22:09:42] [INFO] Successfully processed background job #4912
[2026-07-23 22:09:45] [INFO] Handling user request for /api/v1/data
[2026-07-23 22:09:47] [WARNING] Rate limit approaching for IP 10.0.0.55
[2026-07-23 22:09:47] [INFO] Handling user request for /api/v1/data
[2026-07-23 22:09:52] [INFO] Successfully processed background job #4912
[2026-07-23 22:09:53] [INFO] Handling user request for /api/v1/data
[2026-07-23 22:09:54] [INFO] System started successfully
[2026-07-23 22:09:56] [INFO] System started successfully
[2026-07-23 22:10:00] [INFO] Successfully processed background job #4912
[2026-07-23 22:10:00] [DEBUG] Initializing cache manager
[2026-07-23 22:10:04] [INFO] System started successfully
[2026-07-23 22:10:08] [INFO] User admin logged in from 192.168.1.100
[2026-07-23 22:10:09] [DEBUG] Fetching row 4021 from database
[2026-07-23 22:10:13] [INFO] User admin logged in from 192.168.1.100
[2026-07-23 22:10:17] [ERROR] Invalid password provided for account admin
[2026-07-23 22:10:17] [ERROR] Authentication failed for user guest
[2026-07-23 22:10:20] [INFO] Successfully processed background job #4912
[2026-07-23 22:10:25] [INFO] System started successfully
[2026-07-23 22:10:27] [INFO] Successfully processed background job #4912
[2026-07-23 22:10:30] [INFO] Successfully processed background job #4912
[2026-07-23 22:10:30] [INFO] Connection established to message queue
[2026-07-23 22:10:35] [INFO] System started successfully
[2026-07-23 22:10:36] [INFO] Successfully processed background job #4912
[2026-07-23 22:10:37] [INFO] User admin logged in from 192.168.1.100
[2026-07-23 22:10:42] [DEBUG] Session token refreshed
[2026-07-23 22:10:42] [DEBUG] Initializing cache manager
[2026-07-23 22:10:45] [ERROR] Database connection failed: Connection refused
[2026-07-23 22:10:46] [INFO] System started successfully
[2026-07-23 22:10:48] [WARNING] Deprecated API usage detected in legacy_module.py
[2026-07-23 22:10:50] [INFO] Successfully processed background job #4912
[2026-07-23 22:10:51] [DEBUG] Parsing JSON payload
[2026-07-23 22:10:53] [INFO] Cache hit for key user_profile_123
[2026-07-23 22:10:56] [INFO] Cache hit for key user_profile_123
[2026-07-23 22:10:58] [INFO] Cache hit for key user_profile_123
[2026-07-23 22:10:59] [INFO] Handling user request for /api/v1/data
[2026-07-23 22:10:59] [INFO] User admin logged in from 192.168.1.100
[2026-07-23 22:11:02] [INFO] Handling user request for /api/v1/data
[2026-07-23 22:11:04] [INFO] Connection established to message queue
[2026-07-23 22:11:09] [WARNING] Deprecated API usage detected in legacy_module.py
[2026-07-23 22:11:12] [WARNING] High memory usage detected (85%)
[2026-07-23 22:11:15] [INFO] Handling user request for /api/v1/data
[2026-07-23 22:11:17] [INFO] Handling user request for /api/v1/data
[2026-07-23 22:11:22] [INFO] Connection established to message queue
[2026-07-23 22:11:24] [INFO] Connection established to message queue
[2026-07-23 22:11:29] [INFO] User admin logged in from 192.168.1.100
[2026-07-23 22:11:30] [DEBUG] Parsing JSON payload
[2026-07-23 22:11:31] [INFO] User admin logged in from 192.168.1.100
[2026-07-23 22:11:32] [DEBUG] Parsing JSON payload
[2026-07-23 22:11:34] [INFO] Successfully processed background job #4912
[2026-07-23 22:11:37] [WARNING] High memory usage detected (85%)
[2026-07-23 22:11:39] [INFO] Successfully processed background job #4912
[2026-07-23 22:11:40] [INFO] Cache hit for key user_profile_123
[2026-07-23 22:11:44] [INFO] Cache hit for key user_profile_123
[2026-07-23 22:11:47] [ERROR] MySQL Error: Deadlock found when trying to get lock
[2026-07-23 22:11:47] [INFO] Handling user request for /api/v1/data
[2026-07-23 22:11:47] [INFO] Connection established to message queue
[2026-07-23 22:11:51] [INFO] Handling user request for /api/v1/data
[2026-07-23 22:11:53] [DEBUG] Parsing JSON payload
[2026-07-23 22:11:57] [INFO] System started successfully
[2026-07-23 22:11:57] [DEBUG] Parsing JSON payload
[2026-07-23 22:12:00] [INFO] Connection established to message queue
[2026-07-23 22:12:02] [INFO] System started successfully
[2026-07-23 22:12:06] [ERROR] Database connection failed: Connection refused
[2026-07-23 22:12:07] [INFO] User admin logged in from 192.168.1.100
[2026-07-23 22:12:09] [ERROR] NullPointerException in DataProcessor class
[2026-07-23 22:12:12] [INFO] Connection established to message queue
[2026-07-23 22:12:16] [INFO] Successfully processed background job #4912
[2026-07-23 22:12:16] [DEBUG] Initializing cache manager
[2026-07-23 22:12:19] [INFO] Handling user request for /api/v1/data
[2026-07-23 22:12:22] [INFO] System started successfully
[2026-07-23 22:12:25] [INFO] Connection established to message queue
[2026-07-23 22:12:28] [INFO] Successfully processed background job #4912
[2026-07-23 22:12:31] [INFO] Successfully processed background job #4912
[2026-07-23 22:12:31] [INFO] Connection established to message queue
[2026-07-23 22:12:33] [INFO] System started successfully
[2026-07-23 22:12:34] [INFO] Successfully processed background job #4912
[2026-07-23 22:12:37] [DEBUG] Initializing cache manager
[2026-07-23 22:12:40] [INFO] System started successfully
[2026-07-23 22:12:40] [INFO] Successfully processed background job #4912
[2026-07-23 22:12:43] [WARNING] Rate limit approaching for IP 10.0.0.55
[2026-07-23 22:12:48] [DEBUG] Initializing cache manager
[2026-07-23 22:12:50] [DEBUG] Session token refreshed
[2026-07-23 22:12:53] [INFO] Successfully processed background job #4912
[2026-07-23 22:12:53] [INFO] User admin logged in from 192.168.1.100
[2026-07-23 22:12:54] [INFO] Cache hit for key user_profile_123
[2026-07-23 22:12:57] [INFO] Cache hit for key user_profile_123
[2026-07-23 22:13:01] [INFO] Cache hit for key user_profile_123
[2026-07-23 22:13:02] [DEBUG] Session token refreshed
[2026-07-23 22:13:06] [DEBUG] Session token refreshed
[2026-07-23 22:13:10] [INFO] Cache hit for key user_profile_123
[2026-07-23 22:13:14] [INFO] Handling user request for /api/v1/data
[2026-07-23 22:13:18] [ERROR] Invalid password provided for account admin
[2026-07-23 22:13:22] [INFO] Cache hit for key user_profile_123
[2026-07-23 22:13:24] [INFO] Connection established to message queue
[2026-07-23 22:13:26] [INFO] Handling user request for /api/v1/data
[2026-07-23 22:13:27] [INFO] Connection established to message queue
[2026-07-23 22:13:31] [ERROR] Invalid password provided for account admin
[2026-07-23 22:13:34] [INFO] Successfully processed background job #4912
[2026-07-23 22:13:39] [INFO] System started successfully
[2026-07-23 22:13:44] [INFO] System started successfully
[2026-07-23 22:13:45] [DEBUG] Fetching row 4021 from database
[2026-07-23 22:13:46] [INFO] System started successfully
[2026-07-23 22:13:48] [INFO] Handling user request for /api/v1/data
[2026-07-23 22:13:52] [INFO] User admin logged in from 192.168.1.100
[2026-07-23 22:13:55] [INFO] Handling user request for /api/v1/data
[2026-07-23 22:13:59] [INFO] Cache hit for key user_profile_123
[2026-07-23 22:14:03] [INFO] Connection established to message queue
[2026-07-23 22:14:05] [INFO] Handling user request for /api/v1/data
[2026-07-23 22:14:09] [INFO] Handling user request for /api/v1/data
[2026-07-23 22:14:12] [WARNING] Deprecated API usage detected in legacy_module.py
[2026-07-23 22:14:16] [WARNING] Rate limit approaching for IP 10.0.0.55
[2026-07-23 22:14:19] [INFO] System started successfully
[2026-07-23 22:14:20] [INFO] User admin logged in from 192.168.1.100
[2026-07-23 22:14:24] [INFO] System started successfully
[2026-07-23 22:14:24] [INFO] Cache hit for key user_profile_123
[2026-07-23 22:14:25] [DEBUG] Fetching row 4021 from database
[2026-07-23 22:14:26] [ERROR] Database connection failed: Connection refused
[2026-07-23 22:14:31] [DEBUG] Session token refreshed
[2026-07-23 22:14:32] [INFO] System started successfully
[2026-07-23 22:14:34] [DEBUG] Parsing JSON payload
[2026-07-23 22:14:37] [INFO] User admin logged in from 192.168.1.100
[2026-07-23 22:14:40] [INFO] System started successfully
[2026-07-23 22:14:41] [INFO] Successfully processed background job #4912
[2026-07-23 22:14:45] [INFO] User admin logged in from 192.168.1.100
[2026-07-23 22:14:48] [INFO] User admin logged in from 192.168.1.100
[2026-07-23 22:14:53] [DEBUG] Initializing cache manager
[2026-07-23 22:14:55] [INFO] Connection established to message queue
[2026-07-23 22:14:58] [DEBUG] Fetching row 4021 from database
[2026-07-23 22:15:02] [WARNING] Rate limit approaching for IP 10.0.0.55
[2026-07-23 22:15:04] [INFO] Handling user request for /api/v1/data
[2026-07-23 22:15:07] [INFO] Successfully processed background job #4912
[2026-07-23 22:15:09] [DEBUG] Parsing JSON payload
[2026-07-23 22:15:13] [INFO] Handling user request for /api/v1/data
[2026-07-23 22:15:14] [INFO] Handling user request for /api/v1/data
[2026-07-23 22:15:15] [INFO] Connection established to message queue
[2026-07-23 22:15:20] [INFO] System started successfully
[2026-07-23 22:15:24] [INFO] Successfully processed background job #4912
[2026-07-23 22:15:27] [INFO] System started successfully
[2026-07-23 22:15:30] [INFO] System started successfully
[2026-07-23 22:15:35] [WARNING] Deprecated API usage detected in legacy_module.py
[2026-07-23 22:15:40] [INFO] Cache hit for key user_profile_123
[2026-07-23 22:15:44] [INFO] Connection established to message queue
[2026-07-23 22:15:49] [INFO] Successfully processed background job #4912
[2026-07-23 22:15:53] [DEBUG] Initializing cache manager
[2026-07-23 22:15:54] [INFO] Connection established to message queue
[2026-07-23 22:15:55] [INFO] User admin logged in from 192.168.1.100
[2026-07-23 22:15:59] [INFO] Handling user request for /api/v1/data
[2026-07-23 22:16:00] [DEBUG] Fetching row 4021 from database
[2026-07-23 22:16:04] [INFO] System started successfully
[2026-07-23 22:16:08] [WARNING] High memory usage detected (85%)
[2026-07-23 22:16:12] [WARNING] Rate limit approaching for IP 10.0.0.55
[2026-07-23 22:16:15] [INFO] Successfully processed background job #4912
[2026-07-23 22:16:18] [INFO] System started successfully
[2026-07-23 22:16:22] [CRITICAL] Disk space exhausted on /var/log
[2026-07-23 22:16:25] [WARNING] High memory usage detected (85%)
[2026-07-23 22:16:28] [DEBUG] Session token refreshed
[2026-07-23 22:16:29] [INFO] User admin logged in from 192.168.1.100
[2026-07-23 22:16:29] [INFO] System started successfully
[2026-07-23 22:16:32] [INFO] Handling user request for /api/v1/data
[2026-07-23 22:16:35] [INFO] Cache hit for key user_profile_123
[2026-07-23 22:16:35] [INFO] User admin logged in from 192.168.1.100
[2026-07-23 22:16:39] [INFO] Successfully processed background job #4912
[2026-07-23 22:16:43] [ERROR] Authentication failed for user guest
[2026-07-23 22:16:46] [WARNING] Rate limit approaching for IP 10.0.0.55
[2026-07-23 22:16:48] [INFO] User admin logged in from 192.168.1.100
[2026-07-23 22:16:51] [INFO] Connection established to message queue
[2026-07-23 22:16:53] [INFO] User admin logged in from 192.168.1.100
[2026-07-23 22:16:55] [ERROR] Database connection failed: Connection refused
[2026-07-23 22:16:58] [ERROR] Authentication failed for user guest
[2026-07-23 22:16:59] [DEBUG] Fetching row 4021 from database
[2026-07-23 22:17:01] [ERROR] MySQL Error: Deadlock found when trying to get lock
[2026-07-23 22:17:06] [DEBUG] Initializing cache manager
[2026-07-23 22:17:11] [DEBUG] Parsing JSON payload
[2026-07-23 22:17:14] [INFO] Handling user request for /api/v1/data
[2026-07-23 22:17:16] [DEBUG] Initializing cache manager
[2026-07-23 22:17:20] [INFO] User admin logged in from 192.168.1.100
[2026-07-23 22:17:21] [INFO] User admin logged in from 192.168.1.100
[2026-07-23 22:17:25] [INFO] User admin logged in from 192.168.1.100
[2026-07-23 22:17:25] [INFO] Cache hit for key user_profile_123
[2026-07-23 22:17:27] [INFO] System started successfully
[2026-07-23 22:17:30] [INFO] Connection established to message queue
[2026-07-23 22:17:33] [INFO] Handling user request for /api/v1/data
[2026-07-23 22:17:37] [WARNING] Rate limit approaching for IP 10.0.0.55
[2026-07-23 22:17:38] [INFO] Cache hit for key user_profile_123
[2026-07-23 22:17:40] [INFO] Handling user request for /api/v1/data
[2026-07-23 22:17:41] [INFO] System started successfully
[2026-07-23 22:17:42] [INFO] Connection established to message queue
[2026-07-23 22:17:46] [INFO] Cache hit for key user_profile_123
[2026-07-23 22:17:50] [INFO] System started successfully
[2026-07-23 22:17:54] [DEBUG] Parsing JSON payload
[2026-07-23 22:17:54] [WARNING] Rate limit approaching for IP 10.0.0.55
[2026-07-23 22:17:55] [INFO] User admin logged in from 192.168.1.100
[2026-07-23 22:17:57] [INFO] Successfully processed background job #4912
[2026-07-23 22:17:59] [INFO] Cache hit for key user_profile_123
[2026-07-23 22:18:03] [INFO] Cache hit for key user_profile_123
[2026-07-23 22:18:04] [WARNING] High memory usage detected (85%)
[2026-07-23 22:18:06] [INFO] Cache hit for key user_profile_123
[2026-07-23 22:18:07] [INFO] Connection established to message queue
[2026-07-23 22:18:08] [INFO] Handling user request for /api/v1/data
[2026-07-23 22:18:12] [INFO] Connection established to message queue
[2026-07-23 22:18:13] [INFO] Successfully processed background job #4912
[2026-07-23 22:18:15] [INFO] User admin logged in from 192.168.1.100
[2026-07-23 22:18:18] [ERROR] Invalid password provided for account admin
[2026-07-23 22:18:21] [INFO] Cache hit for key user_profile_123
[2026-07-23 22:18:25] [INFO] User admin logged in from 192.168.1.100
[2026-07-23 22:18:28] [INFO] Successfully processed background job #4912
[2026-07-23 22:18:29] [INFO] Handling user request for /api/v1/data
[2026-07-23 22:18:31] [INFO] Successfully processed background job #4912
[2026-07-23 22:18:33] [INFO] System started successfully
[2026-07-23 22:18:34] [INFO] Successfully processed background job #4912
[2026-07-23 22:18:35] [DEBUG] Session token refreshed
[2026-07-23 22:18:37] [INFO] Connection established to message queue
[2026-07-23 22:18:39] [ERROR] Invalid password provided for account admin
[2026-07-23 22:18:43] [ERROR] Database connection failed: Connection refused
[2026-07-23 22:18:45] [WARNING] High memory usage detected (85%)
[2026-07-23 22:18:48] [INFO] System started successfully
[2026-07-23 22:18:50] [INFO] Handling user request for /api/v1/data
[2026-07-23 22:18:53] [DEBUG] Initializing cache manager
[2026-07-23 22:18:58] [ERROR] Invalid password provided for account admin
[2026-07-23 22:18:59] [INFO] Handling user request for /api/v1/data
[2026-07-23 22:19:02] [INFO] Connection established to message queue
[2026-07-23 22:19:04] [DEBUG] Initializing cache manager
[2026-07-23 22:19:05] [INFO] Cache hit for key user_profile_123
[2026-07-23 22:19:09] [INFO] Cache hit for key user_profile_123
[2026-07-23 22:19:13] [DEBUG] Fetching row 4021 from database
[2026-07-23 22:19:16] [INFO] Handling user request for /api/v1/data
[2026-07-23 22:19:16] [INFO] Handling user request for /api/v1/data
[2026-07-23 22:19:20] [INFO] Connection established to message queue
[2026-07-23 22:19:25] [DEBUG] Fetching row 4021 from database
[2026-07-23 22:19:28] [INFO] Connection established to message queue
[2026-07-23 22:19:29] [ERROR] MySQL Error: Deadlock found when trying to get lock
[2026-07-23 22:19:32] [INFO] User admin logged in from 192.168.1.100
[2026-07-23 22:19:32] [WARNING] Rate limit approaching for IP 10.0.0.55
[2026-07-23 22:19:34] [INFO] Connection established to message queue
[2026-07-23 22:19:39] [DEBUG] Parsing JSON payload
[2026-07-23 22:19:40] [DEBUG] Session token refreshed
[2026-07-23 22:19:43] [INFO] System started successfully
[2026-07-23 22:19:48] [CRITICAL] Service crashed with exit code 137
[2026-07-23 22:19:52] [INFO] Handling user request for /api/v1/data
[2026-07-23 22:19:52] [INFO] Connection established to message queue
[2026-07-23 22:19:56] [INFO] Handling user request for /api/v1/data
[2026-07-23 22:20:01] [INFO] User admin logged in from 192.168.1.100
[2026-07-23 22:20:06] [DEBUG] Session token refreshed
[2026-07-23 22:20:10] [INFO] Connection established to message queue
[2026-07-23 22:20:13] [INFO] Successfully processed background job #4912
[2026-07-23 22:20:13] [INFO] Connection established to message queue
[2026-07-23 22:20:17] [DEBUG] Fetching row 4021 from database
[2026-07-23 22:20:20] [INFO] Successfully processed background job #4912
[2026-07-23 22:20:22] [INFO] Successfully processed background job #4912
[2026-07-23 22:20:22] [INFO] Cache hit for key user_profile_123
[2026-07-23 22:20:24] [INFO] User admin logged in from 192.168.1.100
[2026-07-23 22:20:27] [INFO] Connection established to message queue
[2026-07-23 22:20:27] [INFO] System started successfully
[2026-07-23 22:20:28] [INFO] System started successfully
[2026-07-23 22:20:30] [INFO] Connection established to message queue
[2026-07-23 22:20:35] [WARNING] Rate limit approaching for IP 10.0.0.55
[2026-07-23 22:20:39] [INFO] User admin logged in from 192.168.1.100
[2026-07-23 22:20:41] [INFO] Handling user request for /api/v1/data
[2026-07-23 22:20:44] [INFO] Connection established to message queue
[2026-07-23 22:20:47] [INFO] Connection established to message queue
[2026-07-23 22:20:48] [INFO] User admin logged in from 192.168.1.100
[2026-07-23 22:20:49] [INFO] Connection established to message queue
[2026-07-23 22:20:49] [INFO] Handling user request for /api/v1/data
[2026-07-23 22:20:54] [INFO] User admin logged in from 192.168.1.100
[2026-07-23 22:20:57] [INFO] Cache hit for key user_profile_123
[2026-07-23 22:21:00] [INFO] System started successfully
[2026-07-23 22:21:00] [INFO] System started successfully
[2026-07-23 22:21:03] [INFO] Successfully processed background job #4912
[2026-07-23 22:21:05] [INFO] Successfully processed background job #4912
[2026-07-23 22:21:10] [DEBUG] Fetching row 4021 from database
[2026-07-23 22:21:11] [DEBUG] Initializing cache manager
[2026-07-23 22:21:13] [INFO] Connection established to message queue
[2026-07-23 22:21:14] [WARNING] Deprecated API usage detected in legacy_module.py
[2026-07-23 22:21:15] [WARNING] Deprecated API usage detected in legacy_module.py
[2026-07-23 22:21:16] [INFO] Handling user request for /api/v1/data
[2026-07-23 22:21:18] [INFO] Cache hit for key user_profile_123
[2026-07-23 22:21:22] [INFO] User admin logged in from 192.168.1.100
[2026-07-23 22:21:27] [INFO] Connection established to message queue
[2026-07-23 22:21:31] [INFO] Successfully processed background job #4912
[2026-07-23 22:21:32] [DEBUG] Fetching row 4021 from database
[2026-07-23 22:21:35] [INFO] System started successfully
[2026-07-23 22:21:36] [INFO] System started successfully
[2026-07-23 22:21:41] [INFO] System started successfully
[2026-07-23 22:21:43] [INFO] Handling user request for /api/v1/data
[2026-07-23 22:21:46] [DEBUG] Parsing JSON payload
[2026-07-23 22:21:49] [INFO] User admin logged in from 192.168.1.100
[2026-07-23 22:21:52] [INFO] Connection established to message queue
[2026-07-23 22:21:56] [INFO] Cache hit for key user_profile_123
[2026-07-23 22:21:57] [DEBUG] Fetching row 4021 from database
[2026-07-23 22:21:58] [INFO] User admin logged in from 192.168.1.100
[2026-07-23 22:22:02] [INFO] Successfully processed background job #4912
[2026-07-23 22:22:04] [INFO] Connection established to message queue
[2026-07-23 22:22:05] [INFO] User admin logged in from 192.168.1.100
[2026-07-23 22:22:07] [INFO] Handling user request for /api/v1/data
[2026-07-23 22:22:09] [DEBUG] Initializing cache manager
[2026-07-23 22:22:13] [ERROR] Invalid password provided for account admin
[2026-07-23 22:22:14] [DEBUG] Initializing cache manager
[2026-07-23 22:22:18] [ERROR] MySQL Error: Deadlock found when trying to get lock
[2026-07-23 22:22:22] [DEBUG] Fetching row 4021 from database
[2026-07-23 22:22:25] [INFO] Cache hit for key user_profile_123
[2026-07-23 22:22:30] [INFO] Cache hit for key user_profile_123
[2026-07-23 22:22:31] [DEBUG] Session token refreshed
[2026-07-23 22:22:35] [WARNING] Rate limit approaching for IP 10.0.0.55
[2026-07-23 22:22:37] [INFO] Cache hit for key user_profile_123
[2026-07-23 22:22:38] [INFO] Cache hit for key user_profile_123
[2026-07-23 22:22:42] [INFO] System started successfully
[2026-07-23 22:22:45] [INFO] Cache hit for key user_profile_123
[2026-07-23 22:22:47] [INFO] User admin logged in from 192.168.1.100
[2026-07-23 22:22:48] [INFO] Cache hit for key user_profile_123
[2026-07-23 22:22:48] [INFO] Handling user request for /api/v1/data
[2026-07-23 22:22:49] [INFO] Handling user request for /api/v1/data
[2026-07-23 22:22:49] [INFO] System started successfully
[2026-07-23 22:22:51] [INFO] Connection established to message queue
[2026-07-23 22:22:52] [ERROR] Invalid password provided for account admin
[2026-07-23 22:22:54] [INFO] Successfully processed background job #4912
[2026-07-23 22:22:56] [INFO] Connection established to message queue
[2026-07-23 22:23:00] [INFO] Connection established to message queue
[2026-07-23 22:23:04] [INFO] Cache hit for key user_profile_123
[2026-07-23 22:23:07] [INFO] Successfully processed background job #4912
[2026-07-23 22:23:10] [INFO] User admin logged in from 192.168.1.100
[2026-07-23 22:23:10] [INFO] Cache hit for key user_profile_123
[2026-07-23 22:23:14] [WARNING] Rate limit approaching for IP 10.0.0.55
[2026-07-23 22:23:15] [INFO] User admin logged in from 192.168.1.100
[2026-07-23 22:23:18] [ERROR] Invalid password provided for account admin
[2026-07-23 22:23:21] [INFO] Connection established to message queue
[2026-07-23 22:23:23] [INFO] User admin logged in from 192.168.1.100
[2026-07-23 22:23:24] [INFO] Connection established to message queue
[2026-07-23 22:23:29] [ERROR] Database connection failed: Connection refused
[2026-07-23 22:23:33] [INFO] Connection established to message queue
[2026-07-23 22:23:37] [DEBUG] Fetching row 4021 from database
[2026-07-23 22:23:38] [INFO] Cache hit for key user_profile_123
[2026-07-23 22:23:41] [INFO] User admin logged in from 192.168.1.100
[2026-07-23 22:23:42] [INFO] System started successfully
[2026-07-23 22:23:45] [INFO] Successfully processed background job #4912
[2026-07-23 22:23:49] [INFO] User admin logged in from 192.168.1.100
[2026-07-23 22:23:52] [INFO] Cache hit for key user_profile_123
[2026-07-23 22:23:56] [INFO] Connection established to message queue
[2026-07-23 22:24:00] [INFO] Connection established to message queue
[2026-07-23 22:24:04] [INFO] Successfully processed background job #4912
[2026-07-23 22:24:05] [WARNING] High memory usage detected (85%)
[2026-07-23 22:24:07] [INFO] Cache hit for key user_profile_123
[2026-07-23 22:24:08] [INFO] System started successfully
[2026-07-23 22:24:09] [WARNING] Rate limit approaching for IP 10.0.0.55
[2026-07-23 22:24:13] [INFO] System started successfully
[2026-07-23 22:24:18] [INFO] Connection established to message queue
[2026-07-23 22:24:22] [INFO] User admin logged in from 192.168.1.100
[2026-07-23 22:24:24] [CRITICAL] Disk space exhausted on /var/log
[2026-07-23 22:24:25] [INFO] Cache hit for key user_profile_123
[2026-07-23 22:24:30] [INFO] Handling user request for /api/v1/data
[2026-07-23 22:24:32] [WARNING] High memory usage detected (85%)
[2026-07-23 22:24:35] [INFO] System started successfully
[2026-07-23 22:24:37] [WARNING] Deprecated API usage detected in legacy_module.py
[2026-07-23 22:24:39] [INFO] Connection established to message queue
[2026-07-23 22:24:41] [INFO] Handling user request for /api/v1/data
[2026-07-23 22:24:43] [INFO] Successfully processed background job #4912
[2026-07-23 22:24:48] [INFO] User admin logged in from 192.168.1.100
[2026-07-23 22:24:51] [INFO] Connection established to message queue
[2026-07-23 22:24:54] [DEBUG] Parsing JSON payload
[2026-07-23 22:24:59] [INFO] Handling user request for /api/v1/data
[2026-07-23 22:25:04] [INFO] Successfully processed background job #4912
[2026-07-23 22:25:09] [DEBUG] Initializing cache manager
[2026-07-23 22:25:14] [DEBUG] Parsing JSON payload
[2026-07-23 22:25:18] [DEBUG] Parsing JSON payload
[2026-07-23 22:25:20] [INFO] Connection established to message queue
[2026-07-23 22:25:25] [INFO] Successfully processed background job #4912
[2026-07-23 22:25:27] [INFO] Handling user request for /api/v1/data
[2026-07-23 22:25:29] [DEBUG] Fetching row 4021 from database
[2026-07-23 22:25:30] [DEBUG] Session token refreshed
[2026-07-23 22:25:35] [INFO] User admin logged in from 192.168.1.100
[2026-07-23 22:25:35] [DEBUG] Parsing JSON payload
[2026-07-23 22:25:38] [INFO] System started successfully
[2026-07-23 22:25:40] [INFO] Successfully processed background job #4912
[2026-07-23 22:25:41] [INFO] Successfully processed background job #4912
[2026-07-23 22:25:41] [INFO] Connection established to message queue
[2026-07-23 22:25:43] [WARNING] High memory usage detected (85%)
[2026-07-23 22:25:47] [INFO] Successfully processed background job #4912
[2026-07-23 22:25:49] [INFO] Connection established to message queue
[2026-07-23 22:25:53] [INFO] User admin logged in from 192.168.1.100
[2026-07-23 22:25:58] [ERROR] NullPointerException in DataProcessor class
[2026-07-23 22:26:02] [INFO] User admin logged in from 192.168.1.100
[2026-07-23 22:26:06] [INFO] Successfully processed background job #4912
[2026-07-23 22:26:11] [INFO] Cache hit for key user_profile_123
[2026-07-23 22:26:14] [INFO] Handling user request for /api/v1/data
[2026-07-23 22:26:16] [DEBUG] Parsing JSON payload
[2026-07-23 22:26:20] [INFO] Handling user request for /api/v1/data
[2026-07-23 22:26:24] [INFO] User admin logged in from 192.168.1.100
[2026-07-23 22:26:28] [INFO] User admin logged in from 192.168.1.100
[2026-07-23 22:26:32] [INFO] Successfully processed background job #4912
[2026-07-23 22:26:35] [INFO] Connection established to message queue
[2026-07-23 22:26:37] [INFO] User admin logged in from 192.168.1.100
[2026-07-23 22:26:42] [INFO] Handling user request for /api/v1/data
[2026-07-23 22:26:46] [INFO] System started successfully
[2026-07-23 22:26:48] [ERROR] MySQL Error: Deadlock found when trying to get lock
[2026-07-23 22:26:53] [INFO] System started successfully
[2026-07-23 22:26:57] [DEBUG] Initializing cache manager
[2026-07-23 22:26:58] [WARNING] Deprecated API usage detected in legacy_module.py
[2026-07-23 22:26:59] [INFO] Cache hit for key user_profile_123
[2026-07-23 22:27:00] [WARNING] Deprecated API usage detected in legacy_module.py
[2026-07-23 22:27:03] [WARNING] High memory usage detected (85%)
[2026-07-23 22:27:08] [INFO] System started successfully
[2026-07-23 22:27:09] [INFO] Cache hit for key user_profile_123
[2026-07-23 22:27:12] [INFO] Handling user request for /api/v1/data
[2026-07-23 22:27:15] [DEBUG] Initializing cache manager
[2026-07-23 22:27:16] [DEBUG] Initializing cache manager
[2026-07-23 22:27:21] [INFO] User admin logged in from 192.168.1.100
[2026-07-23 22:27:25] [INFO] System started successfully
[2026-07-23 22:27:27] [INFO] Connection established to message queue
[2026-07-23 22:27:28] [INFO] Successfully processed background job #4912
[2026-07-23 22:27:28] [INFO] User admin logged in from 192.168.1.100
[2026-07-23 22:27:29] [INFO] User admin logged in from 192.168.1.100
[2026-07-23 22:27:34] [INFO] Handling user request for /api/v1/data
[2026-07-23 22:27:35] [ERROR] Database connection failed: Connection refused
[2026-07-23 22:27:35] [INFO] Cache hit for key user_profile_123
[2026-07-23 22:27:36] [DEBUG] Fetching row 4021 from database
[2026-07-23 22:27:37] [INFO] Connection established to message queue
[2026-07-23 22:27:38] [INFO] Handling user request for /api/v1/data
[2026-07-23 22:27:42] [INFO] User admin logged in from 192.168.1.100
[2026-07-23 22:27:46] [DEBUG] Fetching row 4021 from database
[2026-07-23 22:27:49] [INFO] System started successfully
[2026-07-23 22:27:50] [WARNING] High memory usage detected (85%)
[2026-07-23 22:27:51] [INFO] Successfully processed background job #4912
[2026-07-23 22:27:56] [ERROR] Database connection failed: Connection refused
[2026-07-23 22:27:59] [INFO] User admin logged in from 192.168.1.100
[2026-07-23 22:28:03] [INFO] System started successfully
[2026-07-23 22:28:06] [DEBUG] Parsing JSON payload
[2026-07-23 22:28:07] [INFO] User admin logged in from 192.168.1.100
[2026-07-23 22:28:08] [INFO] System started successfully
[2026-07-23 22:28:11] [WARNING] Deprecated API usage detected in legacy_module.py
[2026-07-23 22:28:15] [DEBUG] Initializing cache manager
[2026-07-23 22:28:16] [INFO] Successfully processed background job #4912
[2026-07-23 22:28:18] [DEBUG] Parsing JSON payload
[2026-07-23 22:28:22] [INFO] Successfully processed background job #4912
[2026-07-23 22:28:25] [INFO] Cache hit for key user_profile_123
[2026-07-23 22:28:30] [INFO] System started successfully
[2026-07-23 22:28:32] [INFO] Cache hit for key user_profile_123
[2026-07-23 22:28:36] [INFO] System started successfully
[2026-07-23 22:28:36] [WARNING] Deprecated API usage detected in legacy_module.py
[2026-07-23 22:28:38] [DEBUG] Fetching row 4021 from database
[2026-07-23 22:28:40] [INFO] System started successfully
[2026-07-23 22:28:43] [INFO] Handling user request for /api/v1/data
[2026-07-23 22:28:47] [DEBUG] Parsing JSON payload
[2026-07-23 22:28:49] [ERROR] Database connection failed: Connection refused
[2026-07-23 22:28:51] [DEBUG] Fetching row 4021 from database
[2026-07-23 22:28:53] [INFO] Handling user request for /api/v1/data
[2026-07-23 22:28:56] [WARNING] High memory usage detected (85%)
[2026-07-23 22:28:57] [INFO] System started successfully
[2026-07-23 22:29:02] [INFO] Successfully processed background job #4912
[2026-07-23 22:29:05] [INFO] Handling user request for /api/v1/data
[2026-07-23 22:29:07] [INFO] Handling user request for /api/v1/data
[2026-07-23 22:29:11] [INFO] User admin logged in from 192.168.1.100
[2026-07-23 22:29:16] [INFO] Cache hit for key user_profile_123
[2026-07-23 22:29:20] [INFO] System started successfully
[2026-07-23 22:29:20] [INFO] User admin logged in from 192.168.1.100
[2026-07-23 22:29:23] [WARNING] Rate limit approaching for IP 10.0.0.55
[2026-07-23 22:29:23] [INFO] System started successfully
[2026-07-23 22:29:28] [INFO] Successfully processed background job #4912
[2026-07-23 22:29:28] [INFO] System started successfully
[2026-07-23 22:29:32] [DEBUG] Fetching row 4021 from database
[2026-07-23 22:29:32] [INFO] Cache hit for key user_profile_123
[2026-07-23 22:29:36] [ERROR] Authentication failed for user guest
[2026-07-23 22:29:40] [INFO] Successfully processed background job #4912
[2026-07-23 22:29:41] [WARNING] Deprecated API usage detected in legacy_module.py
[2026-07-23 22:29:45] [INFO] Cache hit for key user_profile_123
[2026-07-23 22:29:47] [DEBUG] Parsing JSON payload
[2026-07-23 22:29:50] [INFO] Successfully processed background job #4912
[2026-07-23 22:29:52] [DEBUG] Fetching row 4021 from database
[2026-07-23 22:29:54] [DEBUG] Parsing JSON payload
[2026-07-23 22:29:55] [INFO] System started successfully
[2026-07-23 22:29:57] [DEBUG] Initializing cache manager
[2026-07-23 22:29:57] [INFO] Connection established to message queue
[2026-07-23 22:30:02] [INFO] Cache hit for key user_profile_123
[2026-07-23 22:30:04] [WARNING] Deprecated API usage detected in legacy_module.py
[2026-07-23 22:30:05] [INFO] Cache hit for key user_profile_123
[2026-07-23 22:30:08] [WARNING] High memory usage detected (85%)
[2026-07-23 22:30:11] [INFO] Successfully processed background job #4912
[2026-07-23 22:30:13] [INFO] Handling user request for /api/v1/data
[2026-07-23 22:30:14] [INFO] Connection established to message queue
[2026-07-23 22:30:18] [INFO] Connection established to message queue
[2026-07-23 22:30:22] [INFO] User admin logged in from 192.168.1.100
[2026-07-23 22:30:25] [INFO] User admin logged in from 192.168.1.100
[2026-07-23 22:30:29] [INFO] System started successfully
[2026-07-23 22:30:33] [INFO] Successfully processed background job #4912
[2026-07-23 22:30:38] [INFO] Connection established to message queue
[2026-07-23 22:30:39] [INFO] Cache hit for key user_profile_123
[2026-07-23 22:30:43] [INFO] System started successfully
[2026-07-23 22:30:44] [INFO] Connection established to message queue
[2026-07-23 22:30:46] [INFO] Handling user request for /api/v1/data
[2026-07-23 22:30:50] [INFO] Handling user request for /api/v1/data
[2026-07-23 22:30:52] [INFO] System started successfully
[2026-07-23 22:30:56] [INFO] Connection established to message queue
[2026-07-23 22:30:58] [INFO] Connection established to message queue
[2026-07-23 22:31:03] [INFO] User admin logged in from 192.168.1.100
[2026-07-23 22:31:08] [ERROR] Invalid password provided for account admin
[2026-07-23 22:31:11] [INFO] Successfully processed background job #4912
[2026-07-23 22:31:12] [INFO] Cache hit for key user_profile_123
[2026-07-23 22:31:14] [INFO] Connection established to message queue
[2026-07-23 22:31:18] [WARNING] Rate limit approaching for IP 10.0.0.55
[2026-07-23 22:31:22] [ERROR] MySQL Error: Deadlock found when trying to get lock
[2026-07-23 22:31:24] [INFO] User admin logged in from 192.168.1.100
[2026-07-23 22:31:27] [ERROR] NullPointerException in DataProcessor class
[2026-07-23 22:31:30] [INFO] Connection established to message queue
[2026-07-23 22:31:30] [INFO] User admin logged in from 192.168.1.100
[2026-07-23 22:31:31] [DEBUG] Initializing cache manager
[2026-07-23 22:31:33] [INFO] Connection established to message queue
[2026-07-23 22:31:33] [INFO] Connection established to message queue
[2026-07-23 22:31:37] [INFO] Cache hit for key user_profile_123
[2026-07-23 22:31:38] [INFO] Connection established to message queue
[2026-07-23 22:31:43] [INFO] Handling user request for /api/v1/data
[2026-07-23 22:31:47] [INFO] System started successfully
[2026-07-23 22:31:49] [INFO] Connection established to message queue
[2026-07-23 22:31:54] [INFO] Connection established to message queue
[2026-07-23 22:31:55] [INFO] Cache hit for key user_profile_123
[2026-07-23 22:31:57] [DEBUG] Fetching row 4021 from database
[2026-07-23 22:31:58] [INFO] System started successfully
[2026-07-23 22:32:01] [INFO] User admin logged in from 192.168.1.100
[2026-07-23 22:32:03] [INFO] Successfully processed background job #4912
[2026-07-23 22:32:05] [INFO] Connection established to message queue
[2026-07-23 22:32:09] [DEBUG] Initializing cache manager
[2026-07-23 22:32:09] [ERROR] MySQL Error: Deadlock found when trying to get lock
[2026-07-23 22:32:09] [INFO] User admin logged in from 192.168.1.100
[2026-07-23 22:32:10] [INFO] Connection established to message queue
[2026-07-23 22:32:13] [INFO] System started successfully
[2026-07-23 22:32:15] [INFO] Successfully processed background job #4912
[2026-07-23 22:32:15] [INFO] Handling user request for /api/v1/data
[2026-07-23 22:32:17] [INFO] Connection established to message queue
[2026-07-23 22:32:19] [INFO] Successfully processed background job #4912
[2026-07-23 22:32:23] [DEBUG] Parsing JSON payload
[2026-07-23 22:32:25] [DEBUG] Fetching row 4021 from database
[2026-07-23 22:32:26] [ERROR] Database connection failed: Connection refused
[2026-07-23 22:32:28] [INFO] System started successfully
[2026-07-23 22:32:32] [DEBUG] Initializing cache manager
[2026-07-23 22:32:34] [INFO] Handling user request for /api/v1/data
[2026-07-23 22:32:38] [INFO] Cache hit for key user_profile_123
[2026-07-23 22:32:40] [DEBUG] Initializing cache manager
[2026-07-23 22:32:41] [INFO] System started successfully
[2026-07-23 22:32:44] [INFO] User admin logged in from 192.168.1.100
[2026-07-23 22:32:49] [INFO] Handling user request for /api/v1/data
[2026-07-23 22:32:54] [INFO] Successfully processed background job #4912
[2026-07-23 22:32:57] [INFO] Connection established to message queue
[2026-07-23 22:33:01] [INFO] System started successfully
[2026-07-23 22:33:04] [INFO] Handling user request for /api/v1/data
[2026-07-23 22:33:07] [ERROR] Authentication failed for user guest
[2026-07-23 22:33:10] [INFO] Cache hit for key user_profile_123
[2026-07-23 22:33:11] [INFO] System started successfully
[2026-07-23 22:33:12] [INFO] Connection established to message queue
[2026-07-23 22:33:14] [INFO] Handling user request for /api/v1/data
[2026-07-23 22:33:15] [DEBUG] Parsing JSON payload
[2026-07-23 22:33:18] [INFO] Connection established to message queue
[2026-07-23 22:33:22] [INFO] System started successfully
[2026-07-23 22:33:22] [INFO] Handling user request for /api/v1/data
[2026-07-23 22:33:23] [WARNING] High memory usage detected (85%)
[2026-07-23 22:33:25] [INFO] System started successfully
[2026-07-23 22:33:28] [INFO] User admin logged in from 192.168.1.100
[2026-07-23 22:33:29] [INFO] Connection established to message queue
[2026-07-23 22:33:32] [DEBUG] Fetching row 4021 from database
[2026-07-23 22:33:34] [INFO] Connection established to message queue
[2026-07-23 22:33:34] [INFO] Handling user request for /api/v1/data
[2026-07-23 22:33:35] [INFO] Connection established to message queue
[2026-07-23 22:33:39] [INFO] Connection established to message queue
[2026-07-23 22:33:42] [INFO] System started successfully
[2026-07-23 22:33:43] [WARNING] Deprecated API usage detected in legacy_module.py
[2026-07-23 22:33:46] [DEBUG] Parsing JSON payload
[2026-07-23 22:33:50] [INFO] User admin logged in from 192.168.1.100
[2026-07-23 22:33:51] [INFO] Cache hit for key user_profile_123
[2026-07-23 22:33:53] [INFO] Cache hit for key user_profile_123
[2026-07-23 22:33:57] [INFO] Cache hit for key user_profile_123
[2026-07-23 22:33:58] [INFO] System started successfully
[2026-07-23 22:34:02] [INFO] Successfully processed background job #4912
[2026-07-23 22:34:05] [DEBUG] Fetching row 4021 from database
[2026-07-23 22:34:08] [DEBUG] Parsing JSON payload
[2026-07-23 22:34:11] [INFO] User admin logged in from 192.168.1.100
[2026-07-23 22:34:11] [INFO] User admin logged in from 192.168.1.100
[2026-07-23 22:34:15] [WARNING] Deprecated API usage detected in legacy_module.py
[2026-07-23 22:34:20] [INFO] Successfully processed background job #4912
[2026-07-23 22:34:25] [INFO] Successfully processed background job #4912
[2026-07-23 22:34:26] [INFO] Successfully processed background job #4912
[2026-07-23 22:34:31] [DEBUG] Parsing JSON payload
[2026-07-23 22:34:33] [INFO] Cache hit for key user_profile_123
[2026-07-23 22:34:36] [INFO] Successfully processed background job #4912
[2026-07-23 22:34:37] [INFO] Successfully processed background job #4912
[2026-07-23 22:34:40] [DEBUG] Parsing JSON payload
[2026-07-23 22:34:40] [INFO] Cache hit for key user_profile_123
[2026-07-23 22:34:40] [INFO] Cache hit for key user_profile_123
[2026-07-23 22:34:42] [INFO] Successfully processed background job #4912
[2026-07-23 22:34:46] [ERROR] MySQL Error: Deadlock found when trying to get lock
[2026-07-23 22:34:51] [INFO] System started successfully
[2026-07-23 22:34:55] [INFO] Connection established to message queue
[2026-07-23 22:34:57] [INFO] Successfully processed background job #4912
[2026-07-23 22:34:57] [ERROR] NullPointerException in DataProcessor class
[2026-07-23 22:34:58] [INFO] User admin logged in from 192.168.1.100
[2026-07-23 22:35:00] [WARNING] Deprecated API usage detected in legacy_module.py
[2026-07-23 22:35:02] [DEBUG] Session token refreshed
[2026-07-23 22:35:03] [INFO] Cache hit for key user_profile_123
[2026-07-23 22:35:06] [INFO] Handling user request for /api/v1/data
[2026-07-23 22:35:10] [INFO] Handling user request for /api/v1/data
[2026-07-23 22:35:11] [INFO] Cache hit for key user_profile_123
[2026-07-23 22:35:12] [INFO] System started successfully
[2026-07-23 22:35:13] [DEBUG] Session token refreshed
[2026-07-23 22:35:13] [ERROR] Authentication failed for user guest
[2026-07-23 22:35:17] [INFO] Handling user request for /api/v1/data
[2026-07-23 22:35:19] [INFO] Connection established to message queue
[2026-07-23 22:35:20] [INFO] Handling user request for /api/v1/data
[2026-07-23 22:35:22] [INFO] Connection established to message queue
[2026-07-23 22:35:25] [INFO] Handling user request for /api/v1/data
[2026-07-23 22:35:29] [INFO] User admin logged in from 192.168.1.100
[2026-07-23 22:35:29] [INFO] Handling user request for /api/v1/data
[2026-07-23 22:35:30] [INFO] User admin logged in from 192.168.1.100
[2026-07-23 22:35:32] [INFO] System started successfully
[2026-07-23 22:35:34] [INFO] Successfully processed background job #4912
[2026-07-23 22:35:34] [INFO] Cache hit for key user_profile_123
[2026-07-23 22:35:37] [INFO] Handling user request for /api/v1/data
[2026-07-23 22:35:40] [WARNING] Deprecated API usage detected in legacy_module.py
[2026-07-23 22:35:41] [INFO] System started successfully
[2026-07-23 22:35:43] [INFO] Handling user request for /api/v1/data
[2026-07-23 22:35:44] [INFO] Connection established to message queue
[2026-07-23 22:35:48] [INFO] System started successfully
[2026-07-23 22:35:51] [DEBUG] Fetching row 4021 from database
[2026-07-23 22:35:52] [INFO] Successfully processed background job #4912
[2026-07-23 22:35:54] [WARNING] High memory usage detected (85%)
[2026-07-23 22:35:59] [INFO] System started successfully
[2026-07-23 22:36:00] [INFO] Handling user request for /api/v1/data
[2026-07-23 22:36:01] [INFO] Cache hit for key user_profile_123
[2026-07-23 22:36:05] [INFO] Successfully processed background job #4912
[2026-07-23 22:36:05] [ERROR] Database connection failed: Connection refused
[2026-07-23 22:36:06] [INFO] Handling user request for /api/v1/data
[2026-07-23 22:36:09] [INFO] User admin logged in from 192.168.1.100
[2026-07-23 22:36:10] [DEBUG] Session token refreshed
[2026-07-23 22:36:14] [WARNING] Rate limit approaching for IP 10.0.0.55
[2026-07-23 22:36:18] [INFO] Successfully processed background job #4912
[2026-07-23 22:36:19] [INFO] User admin logged in from 192.168.1.100
[2026-07-23 22:36:21] [INFO] Successfully processed background job #4912
[2026-07-23 22:36:23] [INFO] User admin logged in from 192.168.1.100
[2026-07-23 22:36:25] [INFO] Successfully processed background job #4912
[2026-07-23 22:36:29] [INFO] Cache hit for key user_profile_123
[2026-07-23 22:36:32] [INFO] Handling user request for /api/v1/data
[2026-07-23 22:36:33] [INFO] System started successfully
[2026-07-23 22:36:37] [INFO] Cache hit for key user_profile_123
[2026-07-23 22:36:38] [WARNING] High memory usage detected (85%)
[2026-07-23 22:36:42] [INFO] User admin logged in from 192.168.1.100
[2026-07-23 22:36:43] [DEBUG] Session token refreshed
[2026-07-23 22:36:47] [WARNING] High memory usage detected (85%)
[2026-07-23 22:36:51] [WARNING] Rate limit approaching for IP 10.0.0.55
[2026-07-23 22:36:55] [INFO] Successfully processed background job #4912
[2026-07-23 22:36:59] [INFO] Successfully processed background job #4912
[2026-07-23 22:37:01] [DEBUG] Initializing cache manager
[2026-07-23 22:37:01] [INFO] Cache hit for key user_profile_123
[2026-07-23 22:37:05] [INFO] User admin logged in from 192.168.1.100
[2026-07-23 22:37:08] [DEBUG] Parsing JSON payload
[2026-07-23 22:37:10] [INFO] Successfully processed background job #4912
[2026-07-23 22:37:11] [INFO] User admin logged in from 192.168.1.100
[2026-07-23 22:37:16] [DEBUG] Session token refreshed
[2026-07-23 22:37:18] [INFO] System started successfully
[2026-07-23 22:37:20] [DEBUG] Parsing JSON payload
[2026-07-23 22:37:24] [INFO] Handling user request for /api/v1/data
[2026-07-23 22:37:25] [INFO] Handling user request for /api/v1/data
[2026-07-23 22:37:28] [DEBUG] Parsing JSON payload
[2026-07-23 22:37:30] [DEBUG] Parsing JSON payload
[2026-07-23 22:37:32] [INFO] User admin logged in from 192.168.1.100
[2026-07-23 22:37:33] [DEBUG] Session token refreshed
[2026-07-23 22:37:36] [DEBUG] Fetching row 4021 from database
[2026-07-23 22:37:40] [INFO] Connection established to message queue
[2026-07-23 22:37:42] [INFO] Handling user request for /api/v1/data
[2026-07-23 22:37:47] [INFO] Successfully processed background job #4912
[2026-07-23 22:37:49] [INFO] User admin logged in from 192.168.1.100
[2026-07-23 22:37:51] [INFO] Connection established to message queue
[2026-07-23 22:37:54] [INFO] Handling user request for /api/v1/data
[2026-07-23 22:37:58] [INFO] Handling user request for /api/v1/data
[2026-07-23 22:38:02] [INFO] Successfully processed background job #4912
[2026-07-23 22:38:03] [INFO] Cache hit for key user_profile_123
[2026-07-23 22:38:06] [INFO] Cache hit for key user_profile_123
[2026-07-23 22:38:08] [DEBUG] Parsing JSON payload
[2026-07-23 22:38:08] [INFO] Connection established to message queue
[2026-07-23 22:38:09] [INFO] Cache hit for key user_profile_123
[2026-07-23 22:38:10] [INFO] Handling user request for /api/v1/data
[2026-07-23 22:38:13] [INFO] Connection established to message queue
[2026-07-23 22:38:15] [INFO] Handling user request for /api/v1/data
[2026-07-23 22:38:17] [INFO] Successfully processed background job #4912
[2026-07-23 22:38:21] [INFO] Successfully processed background job #4912
[2026-07-23 22:38:23] [DEBUG] Fetching row 4021 from database
[2026-07-23 22:38:25] [INFO] Cache hit for key user_profile_123
[2026-07-23 22:38:26] [INFO] System started successfully
[2026-07-23 22:38:28] [WARNING] High memory usage detected (85%)
[2026-07-23 22:38:29] [INFO] Connection established to message queue
[2026-07-23 22:38:33] [WARNING] Rate limit approaching for IP 10.0.0.55
[2026-07-23 22:38:37] [WARNING] High memory usage detected (85%)
[2026-07-23 22:38:40] [INFO] Connection established to message queue
[2026-07-23 22:38:43] [INFO] Handling user request for /api/v1/data
[2026-07-23 22:38:46] [INFO] Cache hit for key user_profile_123
[2026-07-23 22:38:46] [WARNING] Deprecated API usage detected in legacy_module.py
[2026-07-23 22:38:47] [INFO] Connection established to message queue
[2026-07-23 22:38:52] [ERROR] Invalid password provided for account admin
[2026-07-23 22:38:56] [INFO] Handling user request for /api/v1/data
[2026-07-23 22:38:58] [INFO] Cache hit for key user_profile_123
[2026-07-23 22:39:01] [WARNING] High memory usage detected (85%)
[2026-07-23 22:39:06] [INFO] Handling user request for /api/v1/data
[2026-07-23 22:39:06] [DEBUG] Initializing cache manager
[2026-07-23 22:39:08] [INFO] User admin logged in from 192.168.1.100
[2026-07-23 22:39:12] [INFO] Connection established to message queue
[2026-07-23 22:39:12] [INFO] User admin logged in from 192.168.1.100
[2026-07-23 22:39:13] [INFO] User admin logged in from 192.168.1.100
[2026-07-23 22:39:14] [INFO] Cache hit for key user_profile_123
[2026-07-23 22:39:19] [INFO] Handling user request for /api/v1/data
[2026-07-23 22:39:20] [INFO] System started successfully
[2026-07-23 22:39:23] [DEBUG] Fetching row 4021 from database
[2026-07-23 22:39:27] [INFO] Handling user request for /api/v1/data
[2026-07-23 22:39:32] [INFO] User admin logged in from 192.168.1.100
[2026-07-23 22:39:33] [DEBUG] Fetching row 4021 from database
[2026-07-23 22:39:37] [DEBUG] Parsing JSON payload
[2026-07-23 22:39:42] [INFO] Connection established to message queue
[2026-07-23 22:39:47] [INFO] System started successfully
[2026-07-23 22:39:48] [INFO] Cache hit for key user_profile_123
[2026-07-23 22:39:50] [INFO] Handling user request for /api/v1/data
[2026-07-23 22:39:51] [INFO] User admin logged in from 192.168.1.100
[2026-07-23 22:39:52] [INFO] Cache hit for key user_profile_123
[2026-07-23 22:39:54] [INFO] Connection established to message queue
[2026-07-23 22:39:55] [INFO] Connection established to message queue
[2026-07-23 22:39:58] [INFO] System started successfully
[2026-07-23 22:40:02] [DEBUG] Initializing cache manager
[2026-07-23 22:40:05] [INFO] Successfully processed background job #4912
[2026-07-23 22:40:06] [INFO] System started successfully
[2026-07-23 22:40:10] [INFO] Handling user request for /api/v1/data
[2026-07-23 22:40:11] [INFO] Successfully processed background job #4912
[2026-07-23 22:40:16] [INFO] User admin logged in from 192.168.1.100
[2026-07-23 22:40:16] [INFO] Successfully processed background job #4912
[2026-07-23 22:40:21] [INFO] Successfully processed background job #4912
[2026-07-23 22:40:22] [INFO] Handling user request for /api/v1/data
[2026-07-23 22:40:24] [INFO] Successfully processed background job #4912
[2026-07-23 22:40:25] [DEBUG] Session token refreshed
[2026-07-23 22:40:29] [WARNING] High memory usage detected (85%)
[2026-07-23 22:40:34] [INFO] Handling user request for /api/v1/data
[2026-07-23 22:40:36] [WARNING] Rate limit approaching for IP 10.0.0.55
[2026-07-23 22:40:41] [INFO] Cache hit for key user_profile_123
[2026-07-23 22:40:45] [DEBUG] Parsing JSON payload
[2026-07-23 22:40:45] [INFO] Handling user request for /api/v1/data
[2026-07-23 22:40:48] [INFO] Handling user request for /api/v1/data
[2026-07-23 22:40:51] [ERROR] NullPointerException in DataProcessor class
[2026-07-23 22:40:56] [INFO] Successfully processed background job #4912
[2026-07-23 22:40:57] [INFO] System started successfully
[2026-07-23 22:41:01] [INFO] User admin logged in from 192.168.1.100
[2026-07-23 22:41:03] [INFO] Successfully processed background job #4912
[2026-07-23 22:41:06] [DEBUG] Fetching row 4021 from database
[2026-07-23 22:41:08] [INFO] Handling user request for /api/v1/data
[2026-07-23 22:41:11] [INFO] Connection established to message queue
[2026-07-23 22:41:15] [WARNING] Deprecated API usage detected in legacy_module.py
[2026-07-23 22:41:16] [INFO] Cache hit for key user_profile_123
[2026-07-23 22:41:18] [ERROR] Invalid password provided for account admin
[2026-07-23 22:41:20] [INFO] System started successfully
[2026-07-23 22:41:20] [INFO] Successfully processed background job #4912
[2026-07-23 22:41:22] [INFO] Successfully processed background job #4912
[2026-07-23 22:41:25] [INFO] Cache hit for key user_profile_123
[2026-07-23 22:41:27] [DEBUG] Parsing JSON payload
[2026-07-23 22:41:31] [INFO] Handling user request for /api/v1/data
[2026-07-23 22:41:35] [DEBUG] Parsing JSON payload
[2026-07-23 22:41:38] [INFO] Handling user request for /api/v1/data
[2026-07-23 22:41:38] [INFO] Cache hit for key user_profile_123
[2026-07-23 22:41:41] [ERROR] Invalid password provided for account admin
[2026-07-23 22:41:45] [INFO] Handling user request for /api/v1/data
[2026-07-23 22:41:45] [INFO] System started successfully
[2026-07-23 22:41:48] [WARNING] Deprecated API usage detected in legacy_module.py
[2026-07-23 22:41:49] [DEBUG] Parsing JSON payload
[2026-07-23 22:41:53] [DEBUG] Fetching row 4021 from database
[2026-07-23 22:41:55] [INFO] User admin logged in from 192.168.1.100
[2026-07-23 22:42:00] [INFO] System started successfully
[2026-07-23 22:42:03] [INFO] Successfully processed background job #4912
[2026-07-23 22:42:08] [INFO] Handling user request for /api/v1/data
[2026-07-23 22:42:10] [DEBUG] Session token refreshed
[2026-07-23 22:42:14] [INFO] System started successfully
[2026-07-23 22:42:18] [INFO] User admin logged in from 192.168.1.100
[2026-07-23 22:42:22] [INFO] User admin logged in from 192.168.1.100
[2026-07-23 22:42:26] [INFO] User admin logged in from 192.168.1.100
[2026-07-23 22:42:28] [INFO] Connection established to message queue
[2026-07-23 22:42:28] [CRITICAL] Disk space exhausted on /var/log
[2026-07-23 22:42:29] [INFO] User admin logged in from 192.168.1.100
[2026-07-23 22:42:33] [INFO] Cache hit for key user_profile_123
[2026-07-23 22:42:35] [INFO] Cache hit for key user_profile_123
[2026-07-23 22:42:38] [INFO] Connection established to message queue
[2026-07-23 22:42:39] [ERROR] Database connection failed: Connection refused
[2026-07-23 22:42:41] [ERROR] NullPointerException in DataProcessor class
[2026-07-23 22:42:43] [INFO] User admin logged in from 192.168.1.100
[2026-07-23 22:42:47] [INFO] Connection established to message queue
[2026-07-23 22:42:47] [INFO] Successfully processed background job #4912
[2026-07-23 22:42:50] [INFO] Successfully processed background job #4912
[2026-07-23 22:42:53] [INFO] User admin logged in from 192.168.1.100
[2026-07-23 22:42:58] [INFO] Cache hit for key user_profile_123
[2026-07-23 22:42:58] [INFO] Connection established to message queue
[2026-07-23 22:43:00] [INFO] Connection established to message queue
[2026-07-23 22:43:03] [WARNING] Rate limit approaching for IP 10.0.0.55
[2026-07-23 22:43:03] [INFO] User admin logged in from 192.168.1.100
[2026-07-23 22:43:07] [INFO] User admin logged in from 192.168.1.100
[2026-07-23 22:43:10] [ERROR] NullPointerException in DataProcessor class
[2026-07-23 22:43:14] [INFO] Cache hit for key user_profile_123
[2026-07-23 22:43:15] [INFO] Successfully processed background job #4912
[2026-07-23 22:43:19] [DEBUG] Session token refreshed
[2026-07-23 22:43:24] [WARNING] Rate limit approaching for IP 10.0.0.55
[2026-07-23 22:43:25] [INFO] Connection established to message queue
[2026-07-23 22:43:29] [INFO] Cache hit for key user_profile_123
[2026-07-23 22:43:33] [INFO] System started successfully
[2026-07-23 22:43:35] [INFO] Cache hit for key user_profile_123
[2026-07-23 22:43:40] [INFO] Cache hit for key user_profile_123
[2026-07-23 22:43:41] [INFO] Handling user request for /api/v1/data
[2026-07-23 22:43:42] [INFO] Connection established to message queue
[2026-07-23 22:43:45] [INFO] User admin logged in from 192.168.1.100
[2026-07-23 22:43:46] [INFO] Cache hit for key user_profile_123
[2026-07-23 22:43:47] [INFO] Successfully processed background job #4912
[2026-07-23 22:43:52] [DEBUG] Initializing cache manager
[2026-07-23 22:43:54] [INFO] Successfully processed background job #4912
[2026-07-23 22:43:57] [INFO] Successfully processed background job #4912
[2026-07-23 22:43:59] [INFO] User admin logged in from 192.168.1.100
[2026-07-23 22:44:00] [INFO] Handling user request for /api/v1/data
[2026-07-23 22:44:05] [INFO] Connection established to message queue
[2026-07-23 22:44:09] [WARNING] Deprecated API usage detected in legacy_module.py
[2026-07-23 22:44:10] [INFO] Successfully processed background job #4912
[2026-07-23 22:44:11] [DEBUG] Initializing cache manager
[2026-07-23 22:44:15] [INFO] System started successfully
[2026-07-23 22:44:19] [INFO] User admin logged in from 192.168.1.100
[2026-07-23 22:44:23] [DEBUG] Fetching row 4021 from database
[2026-07-23 22:44:25] [INFO] System started successfully
[2026-07-23 22:44:30] [DEBUG] Parsing JSON payload
[2026-07-23 22:44:32] [INFO] Connection established to message queue
[2026-07-23 22:44:36] [INFO] Handling user request for /api/v1/data
[2026-07-23 22:44:39] [DEBUG] Parsing JSON payload
[2026-07-23 22:44:42] [INFO] Cache hit for key user_profile_123
[2026-07-23 22:44:44] [ERROR] Invalid password provided for account admin
[2026-07-23 22:44:48] [INFO] Connection established to message queue
[2026-07-23 22:44:50] [INFO] System started successfully
[2026-07-23 22:44:52] [INFO] Connection established to message queue
[2026-07-23 22:44:53] [DEBUG] Parsing JSON payload
[2026-07-23 22:44:54] [INFO] Handling user request for /api/v1/data
[2026-07-23 22:44:56] [INFO] Handling user request for /api/v1/data
[2026-07-23 22:45:01] [INFO] User admin logged in from 192.168.1.100
[2026-07-23 22:45:06] [INFO] User admin logged in from 192.168.1.100
[2026-07-23 22:45:10] [INFO] Cache hit for key user_profile_123
[2026-07-23 22:45:10] [DEBUG] Parsing JSON payload
[2026-07-23 22:45:12] [INFO] System started successfully
[2026-07-23 22:45:15] [INFO] Cache hit for key user_profile_123
[2026-07-23 22:45:17] [INFO] User admin logged in from 192.168.1.100
[2026-07-23 22:45:19] [INFO] Handling user request for /api/v1/data
[2026-07-23 22:45:20] [WARNING] Rate limit approaching for IP 10.0.0.55
[2026-07-23 22:45:21] [INFO] Connection established to message queue
[2026-07-23 22:45:24] [INFO] Handling user request for /api/v1/data
[2026-07-23 22:45:27] [WARNING] Rate limit approaching for IP 10.0.0.55
[2026-07-23 22:45:30] [INFO] User admin logged in from 192.168.1.100
[2026-07-23 22:45:34] [INFO] User admin logged in from 192.168.1.100
[2026-07-23 22:45:38] [INFO] Connection established to message queue
[2026-07-23 22:45:38] [INFO] Successfully processed background job #4912
[2026-07-23 22:45:43] [INFO] Handling user request for /api/v1/data
[2026-07-23 22:45:47] [INFO] System started successfully
[2026-07-23 22:45:52] [INFO] Cache hit for key user_profile_123
[2026-07-23 22:45:56] [INFO] Cache hit for key user_profile_123
[2026-07-23 22:45:57] [INFO] Successfully processed background job #4912
[2026-07-23 22:45:57] [INFO] Connection established to message queue
[2026-07-23 22:46:01] [DEBUG] Session token refreshed
[2026-07-23 22:46:05] [INFO] Successfully processed background job #4912
[2026-07-23 22:46:10] [INFO] Handling user request for /api/v1/data
[2026-07-23 22:46:12] [DEBUG] Parsing JSON payload
[2026-07-23 22:46:14] [INFO] User admin logged in from 192.168.1.100
[2026-07-23 22:46:15] [INFO] Cache hit for key user_profile_123
[2026-07-23 22:46:18] [INFO] User admin logged in from 192.168.1.100
[2026-07-23 22:46:19] [INFO] Successfully processed background job #4912
[2026-07-23 22:46:21] [INFO] Handling user request for /api/v1/data
[2026-07-23 22:46:21] [INFO] System started successfully
[2026-07-23 22:46:26] [DEBUG] Parsing JSON payload
[2026-07-23 22:46:29] [INFO] Connection established to message queue
[2026-07-23 22:46:33] [DEBUG] Initializing cache manager
[2026-07-23 22:46:33] [INFO] System started successfully
[2026-07-23 22:46:35] [DEBUG] Initializing cache manager
[2026-07-23 22:46:37] [INFO] Handling user request for /api/v1/data
[2026-07-23 22:46:37] [INFO] User admin logged in from 192.168.1.100
[2026-07-23 22:46:40] [DEBUG] Initializing cache manager
[2026-07-23 22:46:40] [CRITICAL] Disk space exhausted on /var/log
[2026-07-23 22:46:45] [INFO] Connection established to message queue
[2026-07-23 22:46:47] [WARNING] Deprecated API usage detected in legacy_module.py
[2026-07-23 22:46:50] [DEBUG] Fetching row 4021 from database
[2026-07-23 22:46:54] [INFO] Cache hit for key user_profile_123
[2026-07-23 22:46:58] [INFO] Successfully processed background job #4912
[2026-07-23 22:47:02] [INFO] User admin logged in from 192.168.1.100
[2026-07-23 22:47:06] [INFO] System started successfully
[2026-07-23 22:47:06] [DEBUG] Session token refreshed
[2026-07-23 22:47:08] [INFO] Cache hit for key user_profile_123
[2026-07-23 22:47:12] [DEBUG] Session token refreshed
[2026-07-23 22:47:16] [DEBUG] Fetching row 4021 from database
[2026-07-23 22:47:20] [DEBUG] Initializing cache manager
[2026-07-23 22:47:22] [INFO] System started successfully
[2026-07-23 22:47:24] [INFO] Connection established to message queue
[2026-07-23 22:47:27] [DEBUG] Session token refreshed
[2026-07-23 22:47:31] [INFO] Cache hit for key user_profile_123
[2026-07-23 22:47:35] [DEBUG] Session token refreshed
[2026-07-23 22:47:36] [INFO] User admin logged in from 192.168.1.100
[2026-07-23 22:47:37] [WARNING] High memory usage detected (85%)
[2026-07-23 22:47:37] [INFO] Handling user request for /api/v1/data
[2026-07-23 22:47:39] [INFO] Handling user request for /api/v1/data
[2026-07-23 22:47:44] [DEBUG] Parsing JSON payload
[2026-07-23 22:47:44] [ERROR] NullPointerException in DataProcessor class
[2026-07-23 22:47:46] [WARNING] High memory usage detected (85%)
[2026-07-23 22:47:48] [INFO] Successfully processed background job #4912
[2026-07-23 22:47:52] [INFO] Successfully processed background job #4912
[2026-07-23 22:47:52] [INFO] Handling user request for /api/v1/data
[2026-07-23 22:47:54] [INFO] Cache hit for key user_profile_123
[2026-07-23 22:47:59] [INFO] Cache hit for key user_profile_123
[2026-07-23 22:48:01] [INFO] Successfully processed background job #4912
[2026-07-23 22:48:06] [INFO] User admin logged in from 192.168.1.100
[2026-07-23 22:48:07] [INFO] System started successfully
[2026-07-23 22:48:07] [INFO] User admin logged in from 192.168.1.100
[2026-07-23 22:48:08] [ERROR] MySQL Error: Deadlock found when trying to get lock
[2026-07-23 22:48:12] [ERROR] NullPointerException in DataProcessor class
[2026-07-23 22:48:16] [DEBUG] Initializing cache manager
[2026-07-23 22:48:19] [INFO] System started successfully
[2026-07-23 22:48:21] [INFO] Connection established to message queue
[2026-07-23 22:48:25] [INFO] Handling user request for /api/v1/data
[2026-07-23 22:48:28] [INFO] Cache hit for key user_profile_123
[2026-07-23 22:48:31] [WARNING] High memory usage detected (85%)
[2026-07-23 22:48:35] [INFO] Successfully processed background job #4912
[2026-07-23 22:48:39] [INFO] User admin logged in from 192.168.1.100
[2026-07-23 22:48:42] [DEBUG] Initializing cache manager
[2026-07-23 22:48:45] [INFO] Connection established to message queue
[2026-07-23 22:48:49] [INFO] Cache hit for key user_profile_123
[2026-07-23 22:48:49] [INFO] Connection established to message queue
[2026-07-23 22:48:53] [DEBUG] Session token refreshed
[2026-07-23 22:48:57] [INFO] Successfully processed background job #4912
[2026-07-23 22:49:01] [INFO] Cache hit for key user_profile_123
[2026-07-23 22:49:01] [INFO] User admin logged in from 192.168.1.100
[2026-07-23 22:49:02] [INFO] User admin logged in from 192.168.1.100
[2026-07-23 22:49:05] [INFO] Successfully processed background job #4912
[2026-07-23 22:49:09] [INFO] Cache hit for key user_profile_123
[2026-07-23 22:49:09] [INFO] Handling user request for /api/v1/data
[2026-07-23 22:49:10] [DEBUG] Initializing cache manager
[2026-07-23 22:49:11] [DEBUG] Parsing JSON payload
[2026-07-23 22:49:12] [DEBUG] Parsing JSON payload
[2026-07-23 22:49:17] [INFO] System started successfully
[2026-07-23 22:49:19] [INFO] Handling user request for /api/v1/data
[2026-07-23 22:49:23] [DEBUG] Fetching row 4021 from database
[2026-07-23 22:49:23] [DEBUG] Session token refreshed
[2026-07-23 22:49:27] [INFO] System started successfully
[2026-07-23 22:49:32] [WARNING] Rate limit approaching for IP 10.0.0.55
[2026-07-23 22:49:34] [CRITICAL] Service crashed with exit code 137
[2026-07-23 22:49:37] [INFO] System started successfully
[2026-07-23 22:49:42] [WARNING] Rate limit approaching for IP 10.0.0.55
[2026-07-23 22:49:45] [INFO] Handling user request for /api/v1/data
[2026-07-23 22:49:45] [INFO] Connection established to message queue
[2026-07-23 22:49:46] [INFO] Cache hit for key user_profile_123
[2026-07-23 22:49:50] [INFO] User admin logged in from 192.168.1.100
[2026-07-23 22:49:53] [WARNING] Deprecated API usage detected in legacy_module.py
[2026-07-23 22:49:53] [INFO] Connection established to message queue
[2026-07-23 22:49:57] [DEBUG] Parsing JSON payload
[2026-07-23 22:49:58] [INFO] Connection established to message queue
[2026-07-23 22:50:00] [INFO] Successfully processed background job #4912
[2026-07-23 22:50:01] [INFO] Cache hit for key user_profile_123
[2026-07-23 22:50:06] [DEBUG] Session token refreshed
[2026-07-23 22:50:11] [INFO] System started successfully
[2026-07-23 22:50:15] [INFO] Cache hit for key user_profile_123
[2026-07-23 22:50:17] [INFO] Handling user request for /api/v1/data
[2026-07-23 22:50:20] [ERROR] Invalid password provided for account admin
[2026-07-23 22:50:23] [DEBUG] Session token refreshed
[2026-07-23 22:50:27] [INFO] User admin logged in from 192.168.1.100
[2026-07-23 22:50:30] [INFO] Successfully processed background job #4912
[2026-07-23 22:50:33] [INFO] Successfully processed background job #4912
[2026-07-23 22:50:36] [INFO] Cache hit for key user_profile_123
[2026-07-23 22:50:38] [WARNING] High memory usage detected (85%)
[2026-07-23 22:50:41] [INFO] Successfully processed background job #4912
[2026-07-23 22:50:45] [INFO] System started successfully
[2026-07-23 22:50:48] [INFO] Connection established to message queue
[2026-07-23 22:50:51] [INFO] Cache hit for key user_profile_123
[2026-07-23 22:50:56] [INFO] Handling user request for /api/v1/data
[2026-07-23 22:50:59] [INFO] Cache hit for key user_profile_123
[2026-07-23 22:51:03] [WARNING] High memory usage detected (85%)
[2026-07-23 22:51:05] [DEBUG] Initializing cache manager
[2026-07-23 22:51:06] [INFO] User admin logged in from 192.168.1.100
[2026-07-23 22:51:07] [DEBUG] Session token refreshed
[2026-07-23 22:51:08] [INFO] Successfully processed background job #4912
[2026-07-23 22:51:09] [DEBUG] Initializing cache manager
[2026-07-23 22:51:14] [INFO] Cache hit for key user_profile_123
[2026-07-23 22:51:18] [DEBUG] Parsing JSON payload
[2026-07-23 22:51:23] [INFO] Cache hit for key user_profile_123
[2026-07-23 22:51:26] [INFO] Successfully processed background job #4912
[2026-07-23 22:51:27] [DEBUG] Initializing cache manager
[2026-07-23 22:51:28] [INFO] Handling user request for /api/v1/data
[2026-07-23 22:51:29] [WARNING] High memory usage detected (85%)
[2026-07-23 22:51:32] [WARNING] High memory usage detected (85%)
[2026-07-23 22:51:35] [INFO] Connection established to message queue
[2026-07-23 22:51:39] [INFO] User admin logged in from 192.168.1.100
[2026-07-23 22:51:43] [INFO] Handling user request for /api/v1/data
[2026-07-23 22:51:43] [INFO] Cache hit for key user_profile_123
[2026-07-23 22:51:44] [INFO] Handling user request for /api/v1/data
[2026-07-23 22:51:45] [INFO] Cache hit for key user_profile_123
[2026-07-23 22:51:46] [INFO] Handling user request for /api/v1/data
[2026-07-23 22:51:49] [WARNING] High memory usage detected (85%)
[2026-07-23 22:51:52] [DEBUG] Fetching row 4021 from database
[2026-07-23 22:51:53] [ERROR] NullPointerException in DataProcessor class
[2026-07-23 22:51:55] [INFO] User admin logged in from 192.168.1.100
[2026-07-23 22:51:57] [INFO] Successfully processed background job #4912
[2026-07-23 22:52:01] [INFO] Connection established to message queue
[2026-07-23 22:52:05] [INFO] Connection established to message queue
[2026-07-23 22:52:09] [INFO] Cache hit for key user_profile_123
[2026-07-23 22:52:09] [WARNING] Rate limit approaching for IP 10.0.0.55
[2026-07-23 22:52:11] [DEBUG] Parsing JSON payload
[2026-07-23 22:52:12] [INFO] Handling user request for /api/v1/data
[2026-07-23 22:52:13] [INFO] Connection established to message queue
[2026-07-23 22:52:14] [WARNING] Deprecated API usage detected in legacy_module.py
[2026-07-23 22:52:17] [ERROR] Authentication failed for user guest
[2026-07-23 22:52:17] [INFO] User admin logged in from 192.168.1.100
[2026-07-23 22:52:20] [INFO] Connection established to message queue
[2026-07-23 22:52:22] [INFO] Successfully processed background job #4912
[2026-07-23 22:52:22] [INFO] Connection established to message queue
[2026-07-23 22:52:23] [DEBUG] Initializing cache manager
[2026-07-23 22:52:26] [INFO] Handling user request for /api/v1/data
[2026-07-23 22:52:26] [ERROR] Database connection failed: Connection refused
[2026-07-23 22:52:29] [WARNING] High memory usage detected (85%)
[2026-07-23 22:52:31] [INFO] System started successfully
[2026-07-23 22:52:33] [INFO] Handling user request for /api/v1/data
[2026-07-23 22:52:35] [INFO] User admin logged in from 192.168.1.100
[2026-07-23 22:52:38] [DEBUG] Fetching row 4021 from database
[2026-07-23 22:52:43] [INFO] Cache hit for key user_profile_123
[2026-07-23 22:52:47] [INFO] Successfully processed background job #4912
[2026-07-23 22:52:49] [INFO] Connection established to message queue
[2026-07-23 22:52:50] [INFO] User admin logged in from 192.168.1.100
[2026-07-23 22:52:55] [INFO] System started successfully
[2026-07-23 22:52:59] [INFO] Connection established to message queue
[2026-07-23 22:53:01] [INFO] Cache hit for key user_profile_123
[2026-07-23 22:53:04] [INFO] Successfully processed background job #4912
[2026-07-23 22:53:08] [INFO] System started successfully
[2026-07-23 22:53:11] [ERROR] NullPointerException in DataProcessor class
[2026-07-23 22:53:15] [ERROR] NullPointerException in DataProcessor class
[2026-07-23 22:53:16] [INFO] Handling user request for /api/v1/data
[2026-07-23 22:53:17] [ERROR] MySQL Error: Deadlock found when trying to get lock
[2026-07-23 22:53:22] [WARNING] High memory usage detected (85%)
[2026-07-23 22:53:26] [INFO] System started successfully
[2026-07-23 22:53:30] [INFO] Successfully processed background job #4912
[2026-07-23 22:53:33] [INFO] System started successfully
[2026-07-23 22:53:34] [DEBUG] Fetching row 4021 from database
[2026-07-23 22:53:36] [INFO] Successfully processed background job #4912
[2026-07-23 22:53:41] [INFO] Cache hit for key user_profile_123
[2026-07-23 22:53:41] [DEBUG] Initializing cache manager
[2026-07-23 22:53:42] [INFO] System started successfully
[2026-07-23 22:53:42] [WARNING] Rate limit approaching for IP 10.0.0.55
[2026-07-23 22:53:45] [INFO] Handling user request for /api/v1/data
[2026-07-23 22:53:46] [INFO] Connection established to message queue
[2026-07-23 22:53:46] [INFO] System started successfully
[2026-07-23 22:53:48] [INFO] Handling user request for /api/v1/data
[2026-07-23 22:53:50] [WARNING] Rate limit approaching for IP 10.0.0.55
[2026-07-23 22:53:51] [INFO] Cache hit for key user_profile_123
[2026-07-23 22:53:56] [CRITICAL] Timeout while waiting for external service after 30000ms
[2026-07-23 22:54:00] [INFO] Successfully processed background job #4912
[2026-07-23 22:54:03] [WARNING] Deprecated API usage detected in legacy_module.py
[2026-07-23 22:54:06] [ERROR] Authentication failed for user guest
[2026-07-23 22:54:09] [INFO] Cache hit for key user_profile_123
[2026-07-23 22:54:13] [ERROR] Authentication failed for user guest
[2026-07-23 22:54:14] [INFO] Cache hit for key user_profile_123
[2026-07-23 22:54:19] [INFO] Handling user request for /api/v1/data
[2026-07-23 22:54:20] [INFO] Cache hit for key user_profile_123
[2026-07-23 22:54:25] [INFO] Connection established to message queue
[2026-07-23 22:54:27] [INFO] Handling user request for /api/v1/data
[2026-07-23 22:54:29] [INFO] Cache hit for key user_profile_123
[2026-07-23 22:54:30] [INFO] User admin logged in from 192.168.1.100
[2026-07-23 22:54:34] [INFO] Handling user request for /api/v1/data
[2026-07-23 22:54:38] [INFO] System started successfully
[2026-07-23 22:54:43] [DEBUG] Session token refreshed
[2026-07-23 22:54:44] [INFO] Handling user request for /api/v1/data
[2026-07-23 22:54:45] [WARNING] Deprecated API usage detected in legacy_module.py
[2026-07-23 22:54:47] [WARNING] Rate limit approaching for IP 10.0.0.55
[2026-07-23 22:54:49] [INFO] Cache hit for key user_profile_123
[2026-07-23 22:54:52] [INFO] Successfully processed background job #4912
[2026-07-23 22:54:56] [INFO] Handling user request for /api/v1/data
[2026-07-23 22:54:57] [INFO] User admin logged in from 192.168.1.100
[2026-07-23 22:55:02] [INFO] User admin logged in from 192.168.1.100
[2026-07-23 22:55:05] [INFO] User admin logged in from 192.168.1.100
[2026-07-23 22:55:08] [INFO] Handling user request for /api/v1/data
[2026-07-23 22:55:12] [ERROR] MySQL Error: Deadlock found when trying to get lock
[2026-07-23 22:55:14] [INFO] Successfully processed background job #4912
[2026-07-23 22:55:15] [INFO] Handling user request for /api/v1/data
[2026-07-23 22:55:17] [INFO] Connection established to message queue
[2026-07-23 22:55:21] [WARNING] Deprecated API usage detected in legacy_module.py
[2026-07-23 22:55:26] [WARNING] Deprecated API usage detected in legacy_module.py
[2026-07-23 22:55:27] [INFO] Connection established to message queue
[2026-07-23 22:55:31] [INFO] User admin logged in from 192.168.1.100
[2026-07-23 22:55:31] [INFO] Cache hit for key user_profile_123
[2026-07-23 22:55:32] [INFO] System started successfully
[2026-07-23 22:55:33] [INFO] Connection established to message queue
[2026-07-23 22:55:33] [INFO] Handling user request for /api/v1/data
[2026-07-23 22:55:35] [INFO] Handling user request for /api/v1/data
[2026-07-23 22:55:38] [DEBUG] Initializing cache manager
[2026-07-23 22:55:39] [WARNING] Rate limit approaching for IP 10.0.0.55
[2026-07-23 22:55:41] [INFO] Cache hit for key user_profile_123
[2026-07-23 22:55:41] [INFO] User admin logged in from 192.168.1.100
[2026-07-23 22:55:41] [DEBUG] Session token refreshed
[2026-07-23 22:55:44] [INFO] Connection established to message queue
[2026-07-23 22:55:48] [INFO] User admin logged in from 192.168.1.100
[2026-07-23 22:55:50] [INFO] User admin logged in from 192.168.1.100
[2026-07-23 22:55:53] [INFO] Connection established to message queue
[2026-07-23 22:55:55] [INFO] Connection established to message queue
[2026-07-23 22:56:00] [INFO] Cache hit for key user_profile_123
[2026-07-23 22:56:00] [DEBUG] Session token refreshed
[2026-07-23 22:56:03] [INFO] Connection established to message queue
[2026-07-23 22:56:05] [INFO] Successfully processed background job #4912
[2026-07-23 22:56:05] [INFO] Cache hit for key user_profile_123
[2026-07-23 22:56:10] [INFO] Successfully processed background job #4912
[2026-07-23 22:56:13] [INFO] Successfully processed background job #4912
[2026-07-23 22:56:16] [INFO] Connection established to message queue
[2026-07-23 22:56:16] [INFO] System started successfully
[2026-07-23 22:56:18] [INFO] Connection established to message queue
[2026-07-23 22:56:23] [INFO] Connection established to message queue
[2026-07-23 22:56:27] [INFO] User admin logged in from 192.168.1.100
[2026-07-23 22:56:31] [INFO] Handling user request for /api/v1/data
[2026-07-23 22:56:32] [DEBUG] Parsing JSON payload
[2026-07-23 22:56:33] [INFO] Cache hit for key user_profile_123
[2026-07-23 22:56:37] [INFO] System started successfully
[2026-07-23 22:56:39] [WARNING] Rate limit approaching for IP 10.0.0.55
[2026-07-23 22:56:40] [INFO] System started successfully
[2026-07-23 22:56:43] [DEBUG] Parsing JSON payload
[2026-07-23 22:56:43] [INFO] Cache hit for key user_profile_123
[2026-07-23 22:56:48] [WARNING] Rate limit approaching for IP 10.0.0.55
[2026-07-23 22:56:51] [INFO] Connection established to message queue
[2026-07-23 22:56:55] [INFO] Connection established to message queue
[2026-07-23 22:56:58] [DEBUG] Session token refreshed
[2026-07-23 22:57:03] [INFO] Successfully processed background job #4912
[2026-07-23 22:57:05] [INFO] Successfully processed background job #4912
[2026-07-23 22:57:06] [WARNING] High memory usage detected (85%)
[2026-07-23 22:57:11] [DEBUG] Session token refreshed
[2026-07-23 22:57:13] [INFO] System started successfully
[2026-07-23 22:57:18] [DEBUG] Initializing cache manager
[2026-07-23 22:57:22] [INFO] Handling user request for /api/v1/data
[2026-07-23 22:57:26] [DEBUG] Session token refreshed
[2026-07-23 22:57:30] [INFO] Handling user request for /api/v1/data
[2026-07-23 22:57:34] [INFO] User admin logged in from 192.168.1.100
[2026-07-23 22:57:35] [INFO] Connection established to message queue
[2026-07-23 22:57:36] [INFO] Successfully processed background job #4912
[2026-07-23 22:57:36] [INFO] Handling user request for /api/v1/data
[2026-07-23 22:57:39] [INFO] Cache hit for key user_profile_123
[2026-07-23 22:57:41] [INFO] Handling user request for /api/v1/data
[2026-07-23 22:57:45] [WARNING] Deprecated API usage detected in legacy_module.py
[2026-07-23 22:57:49] [INFO] System started successfully
[2026-07-23 22:57:53] [INFO] Connection established to message queue
[2026-07-23 22:57:54] [INFO] Successfully processed background job #4912
[2026-07-23 22:57:56] [INFO] Successfully processed background job #4912
[2026-07-23 22:57:59] [INFO] User admin logged in from 192.168.1.100
[2026-07-23 22:57:59] [INFO] Connection established to message queue
[2026-07-23 22:58:04] [INFO] Handling user request for /api/v1/data
[2026-07-23 22:58:07] [INFO] Cache hit for key user_profile_123
[2026-07-23 22:58:11] [INFO] Cache hit for key user_profile_123
[2026-07-23 22:58:14] [DEBUG] Fetching row 4021 from database
[2026-07-23 22:58:15] [INFO] Connection established to message queue
[2026-07-23 22:58:16] [INFO] Cache hit for key user_profile_123
[2026-07-23 22:58:21] [INFO] System started successfully
[2026-07-23 22:58:21] [INFO] Handling user request for /api/v1/data
[2026-07-23 22:58:26] [ERROR] Authentication failed for user guest
[2026-07-23 22:58:30] [INFO] Handling user request for /api/v1/data
[2026-07-23 22:58:30] [INFO] Cache hit for key user_profile_123
[2026-07-23 22:58:34] [INFO] Successfully processed background job #4912
[2026-07-23 22:58:37] [DEBUG] Session token refreshed
[2026-07-23 22:58:38] [INFO] Connection established to message queue
[2026-07-23 22:58:43] [INFO] Connection established to message queue
[2026-07-23 22:58:47] [DEBUG] Initializing cache manager
[2026-07-23 22:58:47] [WARNING] High memory usage detected (85%)
[2026-07-23 22:58:51] [INFO] Handling user request for /api/v1/data
[2026-07-23 22:58:55] [INFO] User admin logged in from 192.168.1.100
[2026-07-23 22:58:55] [INFO] Cache hit for key user_profile_123
[2026-07-23 22:58:57] [INFO] Successfully processed background job #4912
[2026-07-23 22:59:01] [DEBUG] Parsing JSON payload
[2026-07-23 22:59:03] [INFO] Successfully processed background job #4912
[2026-07-23 22:59:06] [INFO] Cache hit for key user_profile_123
[2026-07-23 22:59:10] [INFO] Handling user request for /api/v1/data
[2026-07-23 22:59:12] [INFO] Handling user request for /api/v1/data
[2026-07-23 22:59:15] [ERROR] Database connection failed: Connection refused
[2026-07-23 22:59:19] [INFO] Cache hit for key user_profile_123
[2026-07-23 22:59:19] [INFO] Connection established to message queue
[2026-07-23 22:59:20] [INFO] Connection established to message queue
[2026-07-23 22:59:25] [INFO] System started successfully
[2026-07-23 22:59:27] [DEBUG] Session token refreshed
[2026-07-23 22:59:29] [INFO] Cache hit for key user_profile_123
[2026-07-23 22:59:32] [INFO] Handling user request for /api/v1/data
[2026-07-23 22:59:34] [DEBUG] Fetching row 4021 from database
[2026-07-23 22:59:38] [INFO] User admin logged in from 192.168.1.100
[2026-07-23 22:59:40] [INFO] Cache hit for key user_profile_123
[2026-07-23 22:59:43] [WARNING] High memory usage detected (85%)
[2026-07-23 22:59:46] [INFO] System started successfully
[2026-07-23 22:59:47] [INFO] Connection established to message queue
[2026-07-23 22:59:47] [INFO] User admin logged in from 192.168.1.100
[2026-07-23 22:59:49] [INFO] Connection established to message queue
[2026-07-23 22:59:50] [ERROR] Invalid password provided for account admin
[2026-07-23 22:59:51] [INFO] User admin logged in from 192.168.1.100
[2026-07-23 22:59:55] [INFO] Successfully processed background job #4912
[2026-07-23 23:00:00] [DEBUG] Fetching row 4021 from database
[2026-07-23 23:00:04] [INFO] Successfully processed background job #4912
[2026-07-23 23:00:09] [INFO] System started successfully
[2026-07-23 23:00:13] [DEBUG] Fetching row 4021 from database
[2026-07-23 23:00:16] [INFO] System started successfully
[2026-07-23 23:00:19] [INFO] User admin logged in from 192.168.1.100
[2026-07-23 23:00:20] [INFO] Handling user request for /api/v1/data
[2026-07-23 23:00:21] [DEBUG] Fetching row 4021 from database
[2026-07-23 23:00:24] [INFO] Cache hit for key user_profile_123
[2026-07-23 23:00:25] [INFO] System started successfully
[2026-07-23 23:00:27] [INFO] User admin logged in from 192.168.1.100
[2026-07-23 23:00:32] [WARNING] Deprecated API usage detected in legacy_module.py
[2026-07-23 23:00:34] [INFO] Cache hit for key user_profile_123
[2026-07-23 23:00:34] [INFO] User admin logged in from 192.168.1.100
[2026-07-23 23:00:37] [INFO] User admin logged in from 192.168.1.100
[2026-07-23 23:00:42] [INFO] User admin logged in from 192.168.1.100
[2026-07-23 23:00:44] [INFO] System started successfully
[2026-07-23 23:00:47] [DEBUG] Parsing JSON payload
[2026-07-23 23:00:52] [ERROR] Database connection failed: Connection refused
[2026-07-23 23:00:56] [INFO] System started successfully
[2026-07-23 23:00:58] [INFO] User admin logged in from 192.168.1.100
[2026-07-23 23:01:00] [INFO] Cache hit for key user_profile_123
[2026-07-23 23:01:03] [INFO] Handling user request for /api/v1/data
[2026-07-23 23:01:05] [INFO] System started successfully
[2026-07-23 23:01:10] [DEBUG] Fetching row 4021 from database
[2026-07-23 23:01:11] [WARNING] Deprecated API usage detected in legacy_module.py
[2026-07-23 23:01:15] [INFO] System started successfully
[2026-07-23 23:01:18] [WARNING] Rate limit approaching for IP 10.0.0.55
[2026-07-23 23:01:19] [INFO] Handling user request for /api/v1/data
[2026-07-23 23:01:23] [DEBUG] Initializing cache manager
[2026-07-23 23:01:25] [INFO] Successfully processed background job #4912
[2026-07-23 23:01:26] [INFO] Successfully processed background job #4912
[2026-07-23 23:01:27] [INFO] Cache hit for key user_profile_123
[2026-07-23 23:01:29] [WARNING] Rate limit approaching for IP 10.0.0.55
[2026-07-23 23:01:30] [INFO] System started successfully
[2026-07-23 23:01:34] [ERROR] Database connection failed: Connection refused
[2026-07-23 23:01:36] [INFO] System started successfully
[2026-07-23 23:01:41] [INFO] Cache hit for key user_profile_123
[2026-07-23 23:01:41] [INFO] Cache hit for key user_profile_123
[2026-07-23 23:01:43] [ERROR] Authentication failed for user guest
[2026-07-23 23:01:45] [WARNING] High memory usage detected (85%)
[2026-07-23 23:01:46] [INFO] Cache hit for key user_profile_123
[2026-07-23 23:01:48] [INFO] Successfully processed background job #4912
[2026-07-23 23:01:49] [INFO] System started successfully
[2026-07-23 23:01:54] [INFO] Successfully processed background job #4912
[2026-07-23 23:01:58] [INFO] User admin logged in from 192.168.1.100
[2026-07-23 23:02:01] [INFO] Cache hit for key user_profile_123
[2026-07-23 23:02:02] [INFO] User admin logged in from 192.168.1.100
[2026-07-23 23:02:03] [INFO] Cache hit for key user_profile_123
[2026-07-23 23:02:05] [DEBUG] Session token refreshed
[2026-07-23 23:02:08] [INFO] Successfully processed background job #4912
[2026-07-23 23:02:11] [DEBUG] Initializing cache manager
[2026-07-23 23:02:16] [INFO] Cache hit for key user_profile_123
[2026-07-23 23:02:17] [WARNING] High memory usage detected (85%)
[2026-07-23 23:02:20] [INFO] Connection established to message queue
[2026-07-23 23:02:20] [INFO] System started successfully
[2026-07-23 23:02:24] [INFO] System started successfully
[2026-07-23 23:02:26] [INFO] Handling user request for /api/v1/data
[2026-07-23 23:02:26] [DEBUG] Fetching row 4021 from database
[2026-07-23 23:02:31] [INFO] Connection established to message queue
[2026-07-23 23:02:33] [INFO] System started successfully
[2026-07-23 23:02:35] [INFO] System started successfully
[2026-07-23 23:02:40] [INFO] Successfully processed background job #4912
[2026-07-23 23:02:42] [INFO] Cache hit for key user_profile_123
[2026-07-23 23:02:44] [INFO] User admin logged in from 192.168.1.100
[2026-07-23 23:02:48] [INFO] Successfully processed background job #4912
[2026-07-23 23:02:50] [INFO] User admin logged in from 192.168.1.100
[2026-07-23 23:02:54] [DEBUG] Fetching row 4021 from database
[2026-07-23 23:02:58] [ERROR] MySQL Error: Deadlock found when trying to get lock
[2026-07-23 23:03:02] [INFO] Handling user request for /api/v1/data
[2026-07-23 23:03:04] [DEBUG] Parsing JSON payload
[2026-07-23 23:03:08] [INFO] Handling user request for /api/v1/data
[2026-07-23 23:03:12] [WARNING] High memory usage detected (85%)
[2026-07-23 23:03:13] [INFO] Connection established to message queue
[2026-07-23 23:03:14] [INFO] System started successfully
[2026-07-23 23:03:18] [INFO] User admin logged in from 192.168.1.100
[2026-07-23 23:03:20] [DEBUG] Session token refreshed
[2026-07-23 23:03:23] [DEBUG] Parsing JSON payload
[2026-07-23 23:03:27] [DEBUG] Fetching row 4021 from database
[2026-07-23 23:03:31] [INFO] Cache hit for key user_profile_123
[2026-07-23 23:03:31] [ERROR] Authentication failed for user guest
[2026-07-23 23:03:36] [INFO] Handling user request for /api/v1/data
[2026-07-23 23:03:40] [DEBUG] Parsing JSON payload
[2026-07-23 23:03:45] [INFO] Connection established to message queue
[2026-07-23 23:03:50] [INFO] Cache hit for key user_profile_123
[2026-07-23 23:03:54] [INFO] System started successfully
[2026-07-23 23:03:56] [INFO] User admin logged in from 192.168.1.100
[2026-07-23 23:03:57] [DEBUG] Session token refreshed
[2026-07-23 23:03:58] [DEBUG] Fetching row 4021 from database
[2026-07-23 23:04:02] [INFO] Handling user request for /api/v1/data
[2026-07-23 23:04:06] [DEBUG] Session token refreshed
[2026-07-23 23:04:10] [DEBUG] Parsing JSON payload
[2026-07-23 23:04:12] [INFO] Handling user request for /api/v1/data
[2026-07-23 23:04:15] [INFO] Cache hit for key user_profile_123
[2026-07-23 23:04:16] [DEBUG] Parsing JSON payload
[2026-07-23 23:04:17] [DEBUG] Parsing JSON payload
[2026-07-23 23:04:20] [INFO] User admin logged in from 192.168.1.100
[2026-07-23 23:04:22] [DEBUG] Session token refreshed
[2026-07-23 23:04:25] [DEBUG] Parsing JSON payload
[2026-07-23 23:04:26] [DEBUG] Fetching row 4021 from database
[2026-07-23 23:04:28] [DEBUG] Parsing JSON payload
[2026-07-23 23:04:29] [DEBUG] Initializing cache manager
[2026-07-23 23:04:29] [INFO] System started successfully
[2026-07-23 23:04:34] [INFO] System started successfully
[2026-07-23 23:04:36] [WARNING] Deprecated API usage detected in legacy_module.py
[2026-07-23 23:04:39] [INFO] Successfully processed background job #4912
[2026-07-23 23:04:43] [INFO] Handling user request for /api/v1/data
[2026-07-23 23:04:47] [INFO] Successfully processed background job #4912
[2026-07-23 23:04:51] [INFO] Handling user request for /api/v1/data
[2026-07-23 23:04:56] [INFO] Connection established to message queue
[2026-07-23 23:04:59] [INFO] System started successfully
[2026-07-23 23:05:04] [INFO] User admin logged in from 192.168.1.100
[2026-07-23 23:05:05] [INFO] Connection established to message queue
[2026-07-23 23:05:06] [INFO] Cache hit for key user_profile_123
[2026-07-23 23:05:09] [INFO] Cache hit for key user_profile_123
[2026-07-23 23:05:13] [INFO] Successfully processed background job #4912
[2026-07-23 23:05:15] [INFO] Cache hit for key user_profile_123
[2026-07-23 23:05:19] [WARNING] Deprecated API usage detected in legacy_module.py
[2026-07-23 23:05:20] [WARNING] Deprecated API usage detected in legacy_module.py
[2026-07-23 23:05:20] [DEBUG] Initializing cache manager
[2026-07-23 23:05:24] [DEBUG] Session token refreshed
[2026-07-23 23:05:28] [INFO] User admin logged in from 192.168.1.100
[2026-07-23 23:05:33] [INFO] Cache hit for key user_profile_123
[2026-07-23 23:05:35] [INFO] Handling user request for /api/v1/data
[2026-07-23 23:05:39] [INFO] Handling user request for /api/v1/data
[2026-07-23 23:05:43] [INFO] System started successfully
[2026-07-23 23:05:45] [INFO] Successfully processed background job #4912
[2026-07-23 23:05:47] [INFO] Cache hit for key user_profile_123
[2026-07-23 23:05:49] [INFO] Handling user request for /api/v1/data
[2026-07-23 23:05:52] [INFO] Cache hit for key user_profile_123
[2026-07-23 23:05:57] [INFO] Connection established to message queue
[2026-07-23 23:06:00] [INFO] User admin logged in from 192.168.1.100
[2026-07-23 23:06:04] [INFO] Cache hit for key user_profile_123
[2026-07-23 23:06:06] [INFO] Connection established to message queue
[2026-07-23 23:06:08] [INFO] Successfully processed background job #4912
[2026-07-23 23:06:09] [ERROR] NullPointerException in DataProcessor class
[2026-07-23 23:06:10] [WARNING] Rate limit approaching for IP 10.0.0.55
[2026-07-23 23:06:11] [DEBUG] Session token refreshed
[2026-07-23 23:06:16] [WARNING] High memory usage detected (85%)
[2026-07-23 23:06:18] [INFO] System started successfully
[2026-07-23 23:06:18] [INFO] Connection established to message queue
[2026-07-23 23:06:20] [INFO] Connection established to message queue
[2026-07-23 23:06:21] [INFO] Cache hit for key user_profile_123
[2026-07-23 23:06:22] [INFO] Cache hit for key user_profile_123
[2026-07-23 23:06:26] [INFO] Cache hit for key user_profile_123
[2026-07-23 23:06:30] [INFO] Handling user request for /api/v1/data
[2026-07-23 23:06:34] [DEBUG] Session token refreshed
[2026-07-23 23:06:38] [INFO] Successfully processed background job #4912
[2026-07-23 23:06:39] [INFO] Connection established to message queue
[2026-07-23 23:06:44] [DEBUG] Session token refreshed
[2026-07-23 23:06:48] [INFO] System started successfully
[2026-07-23 23:06:48] [INFO] Connection established to message queue
[2026-07-23 23:06:50] [DEBUG] Parsing JSON payload
[2026-07-23 23:06:51] [INFO] Cache hit for key user_profile_123
[2026-07-23 23:06:53] [INFO] Connection established to message queue
[2026-07-23 23:06:55] [INFO] System started successfully
[2026-07-23 23:06:59] [WARNING] Rate limit approaching for IP 10.0.0.55
[2026-07-23 23:07:02] [INFO] System started successfully
[2026-07-23 23:07:06] [INFO] Cache hit for key user_profile_123
[2026-07-23 23:07:09] [DEBUG] Initializing cache manager
[2026-07-23 23:07:10] [DEBUG] Session token refreshed
[2026-07-23 23:07:13] [INFO] System started successfully
[2026-07-23 23:07:14] [ERROR] Database connection failed: Connection refused
[2026-07-23 23:07:16] [INFO] Cache hit for key user_profile_123
[2026-07-23 23:07:21] [INFO] Cache hit for key user_profile_123
[2026-07-23 23:07:21] [INFO] System started successfully
[2026-07-23 23:07:25] [INFO] System started successfully
[2026-07-23 23:07:27] [INFO] Successfully processed background job #4912
[2026-07-23 23:07:28] [INFO] Connection established to message queue
[2026-07-23 23:07:31] [INFO] Successfully processed background job #4912
[2026-07-23 23:07:32] [WARNING] Deprecated API usage detected in legacy_module.py
[2026-07-23 23:07:36] [INFO] Cache hit for key user_profile_123
[2026-07-23 23:07:38] [INFO] User admin logged in from 192.168.1.100
[2026-07-23 23:07:43] [INFO] Handling user request for /api/v1/data
[2026-07-23 23:07:44] [DEBUG] Parsing JSON payload
[2026-07-23 23:07:49] [INFO] User admin logged in from 192.168.1.100
[2026-07-23 23:07:51] [INFO] Connection established to message queue
[2026-07-23 23:07:54] [INFO] User admin logged in from 192.168.1.100
[2026-07-23 23:07:58] [INFO] Cache hit for key user_profile_123
[2026-07-23 23:08:01] [DEBUG] Parsing JSON payload
[2026-07-23 23:08:03] [INFO] Cache hit for key user_profile_123
[2026-07-23 23:08:06] [WARNING] Deprecated API usage detected in legacy_module.py
[2026-07-23 23:08:08] [INFO] User admin logged in from 192.168.1.100
[2026-07-23 23:08:09] [DEBUG] Parsing JSON payload
[2026-07-23 23:08:13] [WARNING] High memory usage detected (85%)
[2026-07-23 23:08:16] [INFO] Successfully processed background job #4912
[2026-07-23 23:08:16] [INFO] Cache hit for key user_profile_123
[2026-07-23 23:08:21] [INFO] User admin logged in from 192.168.1.100
[2026-07-23 23:08:25] [INFO] User admin logged in from 192.168.1.100
[2026-07-23 23:08:25] [INFO] User admin logged in from 192.168.1.100
[2026-07-23 23:08:28] [DEBUG] Session token refreshed
[2026-07-23 23:08:33] [INFO] Cache hit for key user_profile_123
[2026-07-23 23:08:35] [CRITICAL] Service crashed with exit code 137
[2026-07-23 23:08:36] [WARNING] Rate limit approaching for IP 10.0.0.55
[2026-07-23 23:08:38] [INFO] System started successfully
[2026-07-23 23:08:38] [INFO] User admin logged in from 192.168.1.100
[2026-07-23 23:08:41] [INFO] Handling user request for /api/v1/data
[2026-07-23 23:08:42] [DEBUG] Initializing cache manager
[2026-07-23 23:08:47] [INFO] Successfully processed background job #4912
[2026-07-23 23:08:48] [DEBUG] Parsing JSON payload
[2026-07-23 23:08:51] [INFO] Handling user request for /api/v1/data
[2026-07-23 23:08:54] [INFO] System started successfully
[2026-07-23 23:08:56] [INFO] Successfully processed background job #4912
[2026-07-23 23:09:01] [ERROR] Database connection failed: Connection refused
[2026-07-23 23:09:02] [ERROR] Database connection failed: Connection refused
[2026-07-23 23:09:06] [INFO] Handling user request for /api/v1/data
[2026-07-23 23:09:11] [INFO] User admin logged in from 192.168.1.100
[2026-07-23 23:09:13] [INFO] Connection established to message queue
[2026-07-23 23:09:15] [DEBUG] Fetching row 4021 from database
[2026-07-23 23:09:19] [DEBUG] Session token refreshed
[2026-07-23 23:09:20] [WARNING] Deprecated API usage detected in legacy_module.py
[2026-07-23 23:09:23] [INFO] Connection established to message queue
[2026-07-23 23:09:23] [INFO] User admin logged in from 192.168.1.100
[2026-07-23 23:09:25] [INFO] Handling user request for /api/v1/data
[2026-07-23 23:09:27] [INFO] Successfully processed background job #4912
[2026-07-23 23:09:31] [DEBUG] Session token refreshed
[2026-07-23 23:09:32] [INFO] Cache hit for key user_profile_123
[2026-07-23 23:09:33] [ERROR] Invalid password provided for account admin
[2026-07-23 23:09:38] [INFO] Handling user request for /api/v1/data
[2026-07-23 23:09:41] [INFO] Cache hit for key user_profile_123
[2026-07-23 23:09:44] [INFO] Cache hit for key user_profile_123
[2026-07-23 23:09:45] [INFO] Cache hit for key user_profile_123
[2026-07-23 23:09:50] [DEBUG] Initializing cache manager
[2026-07-23 23:09:54] [WARNING] High memory usage detected (85%)
[2026-07-23 23:09:59] [INFO] System started successfully
[2026-07-23 23:10:00] [INFO] System started successfully
[2026-07-23 23:10:05] [INFO] Handling user request for /api/v1/data
[2026-07-23 23:10:09] [DEBUG] Fetching row 4021 from database
[2026-07-23 23:10:13] [INFO] Handling user request for /api/v1/data
[2026-07-23 23:10:15] [WARNING] Rate limit approaching for IP 10.0.0.55
[2026-07-23 23:10:15] [WARNING] High memory usage detected (85%)
[2026-07-23 23:10:18] [INFO] User admin logged in from 192.168.1.100
[2026-07-23 23:10:22] [INFO] User admin logged in from 192.168.1.100
[2026-07-23 23:10:23] [INFO] User admin logged in from 192.168.1.100
[2026-07-23 23:10:23] [WARNING] Deprecated API usage detected in legacy_module.py
[2026-07-23 23:10:24] [ERROR] MySQL Error: Deadlock found when trying to get lock
[2026-07-23 23:10:28] [INFO] System started successfully
[2026-07-23 23:10:31] [INFO] User admin logged in from 192.168.1.100
[2026-07-23 23:10:33] [INFO] Successfully processed background job #4912
[2026-07-23 23:10:34] [INFO] User admin logged in from 192.168.1.100
[2026-07-23 23:10:37] [ERROR] NullPointerException in DataProcessor class
[2026-07-23 23:10:40] [INFO] Connection established to message queue
[2026-07-23 23:10:41] [WARNING] High memory usage detected (85%)
[2026-07-23 23:10:42] [INFO] Connection established to message queue
[2026-07-23 23:10:44] [INFO] User admin logged in from 192.168.1.100
[2026-07-23 23:10:47] [DEBUG] Parsing JSON payload
[2026-07-23 23:10:48] [INFO] System started successfully
[2026-07-23 23:10:53] [INFO] Successfully processed background job #4912
[2026-07-23 23:10:55] [INFO] User admin logged in from 192.168.1.100
[2026-07-23 23:10:59] [WARNING] Rate limit approaching for IP 10.0.0.55
[2026-07-23 23:11:03] [ERROR] Authentication failed for user guest
[2026-07-23 23:11:07] [DEBUG] Session token refreshed
[2026-07-23 23:11:12] [INFO] Connection established to message queue
[2026-07-23 23:11:12] [INFO] User admin logged in from 192.168.1.100
[2026-07-23 23:11:17] [INFO] Successfully processed background job #4912
[2026-07-23 23:11:21] [INFO] Cache hit for key user_profile_123
[2026-07-23 23:11:25] [INFO] System started successfully
[2026-07-23 23:11:27] [WARNING] Deprecated API usage detected in legacy_module.py
[2026-07-23 23:11:31] [DEBUG] Initializing cache manager
[2026-07-23 23:11:35] [INFO] Handling user request for /api/v1/data
[2026-07-23 23:11:38] [ERROR] NullPointerException in DataProcessor class
[2026-07-23 23:11:41] [INFO] Cache hit for key user_profile_123
[2026-07-23 23:11:43] [ERROR] Invalid password provided for account admin
[2026-07-23 23:11:46] [INFO] Cache hit for key user_profile_123
[2026-07-23 23:11:48] [INFO] User admin logged in from 192.168.1.100
[2026-07-23 23:11:49] [INFO] System started successfully
[2026-07-23 23:11:52] [INFO] Successfully processed background job #4912
[2026-07-23 23:11:56] [DEBUG] Parsing JSON payload
[2026-07-23 23:11:57] [INFO] Connection established to message queue
[2026-07-23 23:11:59] [INFO] Connection established to message queue
[2026-07-23 23:12:02] [INFO] Handling user request for /api/v1/data
[2026-07-23 23:12:06] [INFO] User admin logged in from 192.168.1.100
[2026-07-23 23:12:07] [INFO] User admin logged in from 192.168.1.100
[2026-07-23 23:12:07] [ERROR] MySQL Error: Deadlock found when trying to get lock
[2026-07-23 23:12:10] [INFO] Connection established to message queue
[2026-07-23 23:12:12] [DEBUG] Session token refreshed
[2026-07-23 23:12:16] [INFO] User admin logged in from 192.168.1.100
[2026-07-23 23:12:18] [INFO] User admin logged in from 192.168.1.100
[2026-07-23 23:12:20] [INFO] Cache hit for key user_profile_123
[2026-07-23 23:12:24] [INFO] Successfully processed background job #4912
[2026-07-23 23:12:26] [INFO] Handling user request for /api/v1/data
[2026-07-23 23:12:26] [INFO] Successfully processed background job #4912
[2026-07-23 23:12:30] [INFO] Handling user request for /api/v1/data
[2026-07-23 23:12:32] [DEBUG] Parsing JSON payload
[2026-07-23 23:12:36] [INFO] Cache hit for key user_profile_123
[2026-07-23 23:12:40] [INFO] System started successfully
[2026-07-23 23:12:40] [DEBUG] Session token refreshed
[2026-07-23 23:12:45] [INFO] Cache hit for key user_profile_123
[2026-07-23 23:12:47] [DEBUG] Session token refreshed
[2026-07-23 23:12:51] [INFO] User admin logged in from 192.168.1.100
[2026-07-23 23:12:53] [INFO] Handling user request for /api/v1/data
[2026-07-23 23:12:56] [INFO] System started successfully
[2026-07-23 23:12:57] [INFO] User admin logged in from 192.168.1.100
[2026-07-23 23:12:58] [INFO] Cache hit for key user_profile_123
[2026-07-23 23:12:59] [DEBUG] Session token refreshed
[2026-07-23 23:13:02] [INFO] Cache hit for key user_profile_123
[2026-07-23 23:13:05] [WARNING] Deprecated API usage detected in legacy_module.py
[2026-07-23 23:13:09] [INFO] Handling user request for /api/v1/data
[2026-07-23 23:13:10] [INFO] System started successfully
[2026-07-23 23:13:11] [WARNING] High memory usage detected (85%)
[2026-07-23 23:13:14] [CRITICAL] Disk space exhausted on /var/log
[2026-07-23 23:13:16] [INFO] Cache hit for key user_profile_123
[2026-07-23 23:13:19] [INFO] Successfully processed background job #4912
[2026-07-23 23:13:20] [WARNING] High memory usage detected (85%)
[2026-07-23 23:13:23] [INFO] Connection established to message queue
[2026-07-23 23:13:24] [DEBUG] Initializing cache manager
[2026-07-23 23:13:29] [INFO] Successfully processed background job #4912
[2026-07-23 23:13:34] [DEBUG] Parsing JSON payload
[2026-07-23 23:13:37] [INFO] Cache hit for key user_profile_123
[2026-07-23 23:13:40] [DEBUG] Initializing cache manager
[2026-07-23 23:13:43] [INFO] Cache hit for key user_profile_123
[2026-07-23 23:13:44] [INFO] Successfully processed background job #4912
[2026-07-23 23:13:44] [INFO] User admin logged in from 192.168.1.100
[2026-07-23 23:13:48] [INFO] System started successfully
[2026-07-23 23:13:49] [INFO] Successfully processed background job #4912
[2026-07-23 23:13:53] [INFO] System started successfully
[2026-07-23 23:13:54] [WARNING] High memory usage detected (85%)
[2026-07-23 23:13:58] [CRITICAL] Service crashed with exit code 137
[2026-07-23 23:14:01] [INFO] Handling user request for /api/v1/data
[2026-07-23 23:14:01] [WARNING] Rate limit approaching for IP 10.0.0.55
[2026-07-23 23:14:06] [INFO] Cache hit for key user_profile_123
[2026-07-23 23:14:07] [INFO] Successfully processed background job #4912
[2026-07-23 23:14:07] [INFO] Cache hit for key user_profile_123
[2026-07-23 23:14:09] [INFO] Handling user request for /api/v1/data
[2026-07-23 23:14:11] [INFO] Connection established to message queue
[2026-07-23 23:14:14] [DEBUG] Initializing cache manager
[2026-07-23 23:14:18] [ERROR] MySQL Error: Deadlock found when trying to get lock
[2026-07-23 23:14:22] [ERROR] MySQL Error: Deadlock found when trying to get lock
[2026-07-23 23:14:25] [WARNING] High memory usage detected (85%)
[2026-07-23 23:14:26] [DEBUG] Initializing cache manager
[2026-07-23 23:14:28] [INFO] User admin logged in from 192.168.1.100
[2026-07-23 23:14:30] [INFO] Cache hit for key user_profile_123
[2026-07-23 23:14:35] [INFO] Handling user request for /api/v1/data
[2026-07-23 23:14:35] [INFO] Cache hit for key user_profile_123
[2026-07-23 23:14:39] [INFO] Handling user request for /api/v1/data
[2026-07-23 23:14:40] [INFO] Cache hit for key user_profile_123
[2026-07-23 23:14:44] [INFO] Successfully processed background job #4912
[2026-07-23 23:14:49] [INFO] System started successfully
[2026-07-23 23:14:52] [DEBUG] Session token refreshed
[2026-07-23 23:14:56] [INFO] Cache hit for key user_profile_123
[2026-07-23 23:14:58] [INFO] Cache hit for key user_profile_123
[2026-07-23 23:14:59] [INFO] Handling user request for /api/v1/data
[2026-07-23 23:15:03] [DEBUG] Session token refreshed
[2026-07-23 23:15:04] [DEBUG] Session token refreshed
[2026-07-23 23:15:07] [INFO] User admin logged in from 192.168.1.100
[2026-07-23 23:15:09] [DEBUG] Initializing cache manager
[2026-07-23 23:15:12] [INFO] System started successfully
[2026-07-23 23:15:16] [INFO] Handling user request for /api/v1/data
[2026-07-23 23:15:19] [INFO] User admin logged in from 192.168.1.100
[2026-07-23 23:15:21] [DEBUG] Session token refreshed
[2026-07-23 23:15:24] [DEBUG] Session token refreshed
[2026-07-23 23:15:26] [DEBUG] Parsing JSON payload
[2026-07-23 23:15:29] [INFO] System started successfully
[2026-07-23 23:15:32] [INFO] User admin logged in from 192.168.1.100
[2026-07-23 23:15:36] [INFO] Handling user request for /api/v1/data
[2026-07-23 23:15:40] [INFO] Connection established to message queue
[2026-07-23 23:15:43] [DEBUG] Initializing cache manager
[2026-07-23 23:15:44] [INFO] User admin logged in from 192.168.1.100
[2026-07-23 23:15:45] [INFO] System started successfully
[2026-07-23 23:15:49] [INFO] Cache hit for key user_profile_123
[2026-07-23 23:15:50] [ERROR] Invalid password provided for account admin
[2026-07-23 23:15:53] [INFO] Cache hit for key user_profile_123
[2026-07-23 23:15:58] [INFO] System started successfully
[2026-07-23 23:16:02] [INFO] System started successfully
[2026-07-23 23:16:03] [INFO] Handling user request for /api/v1/data
[2026-07-23 23:16:06] [DEBUG] Initializing cache manager
[2026-07-23 23:16:09] [INFO] Handling user request for /api/v1/data
[2026-07-23 23:16:13] [DEBUG] Fetching row 4021 from database
[2026-07-23 23:16:17] [INFO] Connection established to message queue
[2026-07-23 23:16:19] [DEBUG] Session token refreshed
[2026-07-23 23:16:23] [DEBUG] Session token refreshed
[2026-07-23 23:16:28] [INFO] Successfully processed background job #4912
[2026-07-23 23:16:29] [INFO] Connection established to message queue
[2026-07-23 23:16:29] [INFO] Successfully processed background job #4912
[2026-07-23 23:16:30] [INFO] Connection established to message queue
[2026-07-23 23:16:30] [DEBUG] Parsing JSON payload
[2026-07-23 23:16:32] [INFO] System started successfully
[2026-07-23 23:16:35] [INFO] Successfully processed background job #4912
[2026-07-23 23:16:40] [INFO] System started successfully
[2026-07-23 23:16:45] [WARNING] Rate limit approaching for IP 10.0.0.55
[2026-07-23 23:16:47] [WARNING] High memory usage detected (85%)
[2026-07-23 23:16:50] [WARNING] Deprecated API usage detected in legacy_module.py
[2026-07-23 23:16:52] [ERROR] Invalid password provided for account admin
[2026-07-23 23:16:57] [INFO] Handling user request for /api/v1/data
[2026-07-23 23:16:59] [INFO] Successfully processed background job #4912
[2026-07-23 23:17:01] [DEBUG] Session token refreshed
[2026-07-23 23:17:03] [INFO] Handling user request for /api/v1/data
[2026-07-23 23:17:05] [INFO] System started successfully
[2026-07-23 23:17:09] [INFO] Cache hit for key user_profile_123
[2026-07-23 23:17:11] [INFO] Cache hit for key user_profile_123
[2026-07-23 23:17:15] [DEBUG] Parsing JSON payload
[2026-07-23 23:17:16] [INFO] Handling user request for /api/v1/data
[2026-07-23 23:17:17] [INFO] User admin logged in from 192.168.1.100
[2026-07-23 23:17:22] [INFO] Connection established to message queue
[2026-07-23 23:17:24] [INFO] Successfully processed background job #4912
[2026-07-23 23:17:26] [DEBUG] Parsing JSON payload
[2026-07-23 23:17:30] [WARNING] Deprecated API usage detected in legacy_module.py
[2026-07-23 23:17:31] [INFO] Cache hit for key user_profile_123
[2026-07-23 23:17:33] [INFO] User admin logged in from 192.168.1.100
[2026-07-23 23:17:34] [INFO] Handling user request for /api/v1/data
[2026-07-23 23:17:38] [ERROR] Database connection failed: Connection refused
[2026-07-23 23:17:39] [INFO] Connection established to message queue
[2026-07-23 23:17:41] [DEBUG] Fetching row 4021 from database
[2026-07-23 23:17:43] [INFO] Cache hit for key user_profile_123
[2026-07-23 23:17:46] [DEBUG] Fetching row 4021 from database
[2026-07-23 23:17:46] [INFO] User admin logged in from 192.168.1.100
[2026-07-23 23:17:50] [INFO] Connection established to message queue
[2026-07-23 23:17:53] [INFO] Connection established to message queue
[2026-07-23 23:17:56] [INFO] Cache hit for key user_profile_123
[2026-07-23 23:17:57] [DEBUG] Initializing cache manager
[2026-07-23 23:18:00] [INFO] Handling user request for /api/v1/data
[2026-07-23 23:18:02] [DEBUG] Session token refreshed
[2026-07-23 23:18:06] [INFO] Handling user request for /api/v1/data
[2026-07-23 23:18:10] [INFO] System started successfully
[2026-07-23 23:18:12] [INFO] Successfully processed background job #4912
[2026-07-23 23:18:13] [INFO] Cache hit for key user_profile_123
[2026-07-23 23:18:17] [INFO] Cache hit for key user_profile_123
[2026-07-23 23:18:18] [ERROR] Invalid password provided for account admin
[2026-07-23 23:18:21] [ERROR] Invalid password provided for account admin
[2026-07-23 23:18:23] [INFO] Successfully processed background job #4912
[2026-07-23 23:18:27] [INFO] System started successfully
[2026-07-23 23:18:30] [INFO] Successfully processed background job #4912
[2026-07-23 23:18:30] [INFO] Cache hit for key user_profile_123
[2026-07-23 23:18:34] [INFO] User admin logged in from 192.168.1.100
[2026-07-23 23:18:36] [INFO] Successfully processed background job #4912
[2026-07-23 23:18:37] [INFO] Cache hit for key user_profile_123
[2026-07-23 23:18:38] [INFO] User admin logged in from 192.168.1.100
[2026-07-23 23:18:38] [INFO] Cache hit for key user_profile_123
[2026-07-23 23:18:41] [CRITICAL] Service crashed with exit code 137
[2026-07-23 23:18:45] [INFO] Successfully processed background job #4912
[2026-07-23 23:18:48] [INFO] Cache hit for key user_profile_123
[2026-07-23 23:18:53] [INFO] Successfully processed background job #4912
[2026-07-23 23:18:53] [DEBUG] Session token refreshed
[2026-07-23 23:18:56] [INFO] Cache hit for key user_profile_123
[2026-07-23 23:18:58] [INFO] Cache hit for key user_profile_123
[2026-07-23 23:19:02] [INFO] System started successfully
[2026-07-23 23:19:06] [INFO] Handling user request for /api/v1/data
[2026-07-23 23:19:07] [INFO] Connection established to message queue
[2026-07-23 23:19:12] [INFO] Handling user request for /api/v1/data
[2026-07-23 23:19:16] [WARNING] Deprecated API usage detected in legacy_module.py
[2026-07-23 23:19:17] [DEBUG] Fetching row 4021 from database
[2026-07-23 23:19:20] [INFO] System started successfully
[2026-07-23 23:19:23] [INFO] Cache hit for key user_profile_123
[2026-07-23 23:19:25] [INFO] System started successfully
[2026-07-23 23:19:29] [INFO] Connection established to message queue
[2026-07-23 23:19:30] [INFO] Successfully processed background job #4912
[2026-07-23 23:19:31] [INFO] Connection established to message queue
[2026-07-23 23:19:31] [INFO] System started successfully
[2026-07-23 23:19:35] [INFO] User admin logged in from 192.168.1.100
[2026-07-23 23:19:39] [DEBUG] Session token refreshed
[2026-07-23 23:19:39] [INFO] Connection established to message queue
[2026-07-23 23:19:42] [DEBUG] Initializing cache manager
[2026-07-23 23:19:44] [INFO] User admin logged in from 192.168.1.100
[2026-07-23 23:19:47] [DEBUG] Initializing cache manager
[2026-07-23 23:19:49] [INFO] Connection established to message queue
[2026-07-23 23:19:52] [INFO] System started successfully
[2026-07-23 23:19:53] [DEBUG] Parsing JSON payload
[2026-07-23 23:19:55] [INFO] System started successfully
[2026-07-23 23:19:56] [DEBUG] Session token refreshed
[2026-07-23 23:19:57] [DEBUG] Fetching row 4021 from database
[2026-07-23 23:20:01] [INFO] Successfully processed background job #4912
[2026-07-23 23:20:04] [DEBUG] Initializing cache manager
[2026-07-23 23:20:06] [INFO] Cache hit for key user_profile_123
[2026-07-23 23:20:08] [DEBUG] Initializing cache manager
[2026-07-23 23:20:12] [INFO] Successfully processed background job #4912
[2026-07-23 23:20:13] [INFO] System started successfully
[2026-07-23 23:20:18] [INFO] Successfully processed background job #4912
[2026-07-23 23:20:21] [INFO] Cache hit for key user_profile_123
[2026-07-23 23:20:21] [DEBUG] Fetching row 4021 from database
[2026-07-23 23:20:24] [INFO] Successfully processed background job #4912
[2026-07-23 23:20:27] [INFO] Connection established to message queue
[2026-07-23 23:20:28] [ERROR] NullPointerException in DataProcessor class
[2026-07-23 23:20:32] [INFO] User admin logged in from 192.168.1.100
[2026-07-23 23:20:35] [INFO] System started successfully
[2026-07-23 23:20:40] [CRITICAL] Disk space exhausted on /var/log
[2026-07-23 23:20:44] [WARNING] Rate limit approaching for IP 10.0.0.55
[2026-07-23 23:20:47] [INFO] Handling user request for /api/v1/data
[2026-07-23 23:20:51] [INFO] Handling user request for /api/v1/data
[2026-07-23 23:20:56] [INFO] Cache hit for key user_profile_123
[2026-07-23 23:21:00] [INFO] Successfully processed background job #4912
[2026-07-23 23:21:04] [INFO] User admin logged in from 192.168.1.100
[2026-07-23 23:21:05] [INFO] Handling user request for /api/v1/data
[2026-07-23 23:21:09] [INFO] User admin logged in from 192.168.1.100
[2026-07-23 23:21:12] [INFO] Handling user request for /api/v1/data
[2026-07-23 23:21:16] [INFO] Successfully processed background job #4912
[2026-07-23 23:21:19] [INFO] Connection established to message queue
[2026-07-23 23:21:20] [INFO] Handling user request for /api/v1/data
[2026-07-23 23:21:21] [INFO] Successfully processed background job #4912
[2026-07-23 23:21:21] [ERROR] Authentication failed for user guest
[2026-07-23 23:21:23] [DEBUG] Parsing JSON payload
[2026-07-23 23:21:24] [INFO] Cache hit for key user_profile_123
[2026-07-23 23:21:24] [ERROR] Invalid password provided for account admin
[2026-07-23 23:21:27] [INFO] Successfully processed background job #4912
[2026-07-23 23:21:31] [INFO] Successfully processed background job #4912
[2026-07-23 23:21:32] [INFO] Connection established to message queue
[2026-07-23 23:21:32] [INFO] Connection established to message queue
[2026-07-23 23:21:37] [CRITICAL] Disk space exhausted on /var/log
[2026-07-23 23:21:42] [INFO] System started successfully
[2026-07-23 23:21:44] [INFO] Handling user request for /api/v1/data
[2026-07-23 23:21:46] [WARNING] Deprecated API usage detected in legacy_module.py
[2026-07-23 23:21:50] [DEBUG] Fetching row 4021 from database
[2026-07-23 23:21:54] [INFO] User admin logged in from 192.168.1.100
[2026-07-23 23:21:55] [INFO] Cache hit for key user_profile_123
[2026-07-23 23:21:57] [INFO] Connection established to message queue
[2026-07-23 23:21:58] [INFO] User admin logged in from 192.168.1.100
[2026-07-23 23:22:02] [INFO] Successfully processed background job #4912
[2026-07-23 23:22:03] [INFO] Successfully processed background job #4912
[2026-07-23 23:22:05] [INFO] Handling user request for /api/v1/data
[2026-07-23 23:22:10] [INFO] Cache hit for key user_profile_123
[2026-07-23 23:22:10] [WARNING] Deprecated API usage detected in legacy_module.py
[2026-07-23 23:22:14] [INFO] Successfully processed background job #4912
[2026-07-23 23:22:16] [INFO] Connection established to message queue
[2026-07-23 23:22:17] [WARNING] High memory usage detected (85%)
[2026-07-23 23:22:21] [INFO] Successfully processed background job #4912
[2026-07-23 23:22:25] [INFO] System started successfully
[2026-07-23 23:22:27] [INFO] Connection established to message queue
[2026-07-23 23:22:32] [INFO] Handling user request for /api/v1/data
[2026-07-23 23:22:35] [INFO] Handling user request for /api/v1/data
[2026-07-23 23:22:35] [INFO] System started successfully
[2026-07-23 23:22:37] [INFO] Successfully processed background job #4912
[2026-07-23 23:22:40] [CRITICAL] Service crashed with exit code 137
[2026-07-23 23:22:43] [INFO] System started successfully
[2026-07-23 23:22:47] [INFO] System started successfully
[2026-07-23 23:22:48] [DEBUG] Session token refreshed
[2026-07-23 23:22:51] [INFO] Connection established to message queue
[2026-07-23 23:22:51] [WARNING] Deprecated API usage detected in legacy_module.py
[2026-07-23 23:22:54] [INFO] Successfully processed background job #4912
[2026-07-23 23:22:55] [INFO] User admin logged in from 192.168.1.100
[2026-07-23 23:22:57] [CRITICAL] Service crashed with exit code 137
[2026-07-23 23:22:57] [INFO] System started successfully
[2026-07-23 23:22:59] [INFO] Cache hit for key user_profile_123
[2026-07-23 23:23:03] [INFO] Connection established to message queue
[2026-07-23 23:23:07] [INFO] Handling user request for /api/v1/data
[2026-07-23 23:23:12] [DEBUG] Initializing cache manager
[2026-07-23 23:23:15] [INFO] Handling user request for /api/v1/data
[2026-07-23 23:23:17] [WARNING] Rate limit approaching for IP 10.0.0.55
[2026-07-23 23:23:22] [INFO] Successfully processed background job #4912
[2026-07-23 23:23:26] [INFO] System started successfully
[2026-07-23 23:23:26] [INFO] Connection established to message queue
[2026-07-23 23:23:30] [INFO] Connection established to message queue
[2026-07-23 23:23:31] [INFO] Successfully processed background job #4912
[2026-07-23 23:23:35] [DEBUG] Parsing JSON payload
[2026-07-23 23:23:39] [DEBUG] Initializing cache manager
[2026-07-23 23:23:39] [INFO] Handling user request for /api/v1/data
[2026-07-23 23:23:40] [INFO] Successfully processed background job #4912
[2026-07-23 23:23:43] [INFO] Cache hit for key user_profile_123
[2026-07-23 23:23:47] [INFO] Connection established to message queue
[2026-07-23 23:23:47] [ERROR] NullPointerException in DataProcessor class
[2026-07-23 23:23:48] [INFO] Successfully processed background job #4912
[2026-07-23 23:23:51] [INFO] Successfully processed background job #4912
[2026-07-23 23:23:56] [INFO] User admin logged in from 192.168.1.100
[2026-07-23 23:23:56] [INFO] Successfully processed background job #4912
[2026-07-23 23:23:58] [INFO] User admin logged in from 192.168.1.100
[2026-07-23 23:23:59] [INFO] User admin logged in from 192.168.1.100
[2026-07-23 23:24:04] [INFO] User admin logged in from 192.168.1.100
[2026-07-23 23:24:05] [INFO] Handling user request for /api/v1/data
[2026-07-23 23:24:06] [INFO] Connection established to message queue
[2026-07-23 23:24:11] [INFO] User admin logged in from 192.168.1.100
[2026-07-23 23:24:14] [INFO] Connection established to message queue
[2026-07-23 23:24:16] [INFO] Successfully processed background job #4912
[2026-07-23 23:24:19] [INFO] Handling user request for /api/v1/data
[2026-07-23 23:24:22] [ERROR] Invalid password provided for account admin
[2026-07-23 23:24:24] [INFO] System started successfully
[2026-07-23 23:24:27] [ERROR] NullPointerException in DataProcessor class
[2026-07-23 23:24:32] [INFO] Connection established to message queue
[2026-07-23 23:24:35] [INFO] System started successfully
[2026-07-23 23:24:39] [INFO] Handling user request for /api/v1/data
[2026-07-23 23:24:41] [ERROR] Invalid password provided for account admin
[2026-07-23 23:24:43] [INFO] Connection established to message queue
[2026-07-23 23:24:47] [ERROR] MySQL Error: Deadlock found when trying to get lock
[2026-07-23 23:24:49] [INFO] Handling user request for /api/v1/data
[2026-07-23 23:24:51] [ERROR] Invalid password provided for account admin
[2026-07-23 23:24:53] [INFO] Handling user request for /api/v1/data
[2026-07-23 23:24:54] [INFO] System started successfully
[2026-07-23 23:24:56] [INFO] Connection established to message queue
[2026-07-23 23:24:59] [INFO] Cache hit for key user_profile_123
[2026-07-23 23:24:59] [INFO] System started successfully
[2026-07-23 23:25:03] [INFO] System started successfully
[2026-07-23 23:25:04] [DEBUG] Fetching row 4021 from database
[2026-07-23 23:25:07] [INFO] Cache hit for key user_profile_123
[2026-07-23 23:25:08] [INFO] System started successfully
[2026-07-23 23:25:13] [INFO] Connection established to message queue
[2026-07-23 23:25:17] [WARNING] Rate limit approaching for IP 10.0.0.55
[2026-07-23 23:25:18] [WARNING] High memory usage detected (85%)
[2026-07-23 23:25:19] [DEBUG] Initializing cache manager
[2026-07-23 23:25:23] [DEBUG] Initializing cache manager
[2026-07-23 23:25:24] [INFO] Cache hit for key user_profile_123
[2026-07-23 23:25:26] [INFO] Connection established to message queue
[2026-07-23 23:25:31] [DEBUG] Session token refreshed
[2026-07-23 23:25:34] [INFO] Handling user request for /api/v1/data
[2026-07-23 23:25:37] [INFO] Handling user request for /api/v1/data
[2026-07-23 23:25:38] [INFO] Successfully processed background job #4912
[2026-07-23 23:25:39] [INFO] System started successfully
[2026-07-23 23:25:41] [INFO] Successfully processed background job #4912
[2026-07-23 23:25:41] [INFO] System started successfully
[2026-07-23 23:25:46] [WARNING] Rate limit approaching for IP 10.0.0.55
[2026-07-23 23:25:48] [INFO] Successfully processed background job #4912
[2026-07-23 23:25:51] [INFO] Successfully processed background job #4912
[2026-07-23 23:25:54] [DEBUG] Fetching row 4021 from database
[2026-07-23 23:25:56] [INFO] User admin logged in from 192.168.1.100
[2026-07-23 23:26:00] [INFO] Handling user request for /api/v1/data
[2026-07-23 23:26:02] [INFO] User admin logged in from 192.168.1.100
[2026-07-23 23:26:02] [INFO] User admin logged in from 192.168.1.100
[2026-07-23 23:26:06] [ERROR] NullPointerException in DataProcessor class
[2026-07-23 23:26:10] [INFO] Cache hit for key user_profile_123
[2026-07-23 23:26:11] [INFO] System started successfully
[2026-07-23 23:26:12] [DEBUG] Fetching row 4021 from database
[2026-07-23 23:26:15] [INFO] User admin logged in from 192.168.1.100
[2026-07-23 23:26:19] [DEBUG] Initializing cache manager
[2026-07-23 23:26:24] [INFO] Successfully processed background job #4912
[2026-07-23 23:26:25] [INFO] Connection established to message queue
[2026-07-23 23:26:29] [DEBUG] Initializing cache manager
[2026-07-23 23:26:33] [DEBUG] Initializing cache manager
[2026-07-23 23:26:34] [WARNING] Deprecated API usage detected in legacy_module.py
[2026-07-23 23:26:38] [INFO] Connection established to message queue
[2026-07-23 23:26:41] [INFO] Successfully processed background job #4912
[2026-07-23 23:26:42] [INFO] System started successfully
[2026-07-23 23:26:45] [INFO] User admin logged in from 192.168.1.100
[2026-07-23 23:26:47] [INFO] Handling user request for /api/v1/data
[2026-07-23 23:26:50] [INFO] Cache hit for key user_profile_123
[2026-07-23 23:26:54] [INFO] Handling user request for /api/v1/data
[2026-07-23 23:26:58] [ERROR] Authentication failed for user guest
[2026-07-23 23:27:00] [INFO] Cache hit for key user_profile_123
[2026-07-23 23:27:04] [INFO] Successfully processed background job #4912
[2026-07-23 23:27:07] [WARNING] Rate limit approaching for IP 10.0.0.55
[2026-07-23 23:27:10] [INFO] Handling user request for /api/v1/data
[2026-07-23 23:27:13] [WARNING] Deprecated API usage detected in legacy_module.py
[2026-07-23 23:27:15] [INFO] User admin logged in from 192.168.1.100
[2026-07-23 23:27:18] [INFO] Connection established to message queue
[2026-07-23 23:27:22] [DEBUG] Parsing JSON payload
[2026-07-23 23:27:24] [INFO] Successfully processed background job #4912
[2026-07-23 23:27:28] [INFO] User admin logged in from 192.168.1.100
[2026-07-23 23:27:32] [ERROR] Database connection failed: Connection refused
[2026-07-23 23:27:34] [DEBUG] Session token refreshed
[2026-07-23 23:27:35] [INFO] System started successfully
[2026-07-23 23:27:40] [INFO] System started successfully
[2026-07-23 23:27:40] [WARNING] Deprecated API usage detected in legacy_module.py
[2026-07-23 23:27:42] [ERROR] NullPointerException in DataProcessor class
[2026-07-23 23:27:42] [INFO] System started successfully
[2026-07-23 23:27:46] [INFO] User admin logged in from 192.168.1.100
[2026-07-23 23:27:51] [INFO] Connection established to message queue
[2026-07-23 23:27:56] [CRITICAL] Timeout while waiting for external service after 30000ms
[2026-07-23 23:27:58] [ERROR] Database connection failed: Connection refused
[2026-07-23 23:28:01] [DEBUG] Parsing JSON payload
[2026-07-23 23:28:02] [INFO] User admin logged in from 192.168.1.100
[2026-07-23 23:28:03] [INFO] Cache hit for key user_profile_123
[2026-07-23 23:28:05] [WARNING] High memory usage detected (85%)
[2026-07-23 23:28:08] [DEBUG] Fetching row 4021 from database
[2026-07-23 23:28:09] [INFO] Handling user request for /api/v1/data
[2026-07-23 23:28:14] [DEBUG] Initializing cache manager
[2026-07-23 23:28:17] [DEBUG] Session token refreshed
[2026-07-23 23:28:19] [WARNING] Rate limit approaching for IP 10.0.0.55
[2026-07-23 23:28:23] [INFO] User admin logged in from 192.168.1.100
[2026-07-23 23:28:24] [DEBUG] Fetching row 4021 from database
[2026-07-23 23:28:26] [INFO] System started successfully
[2026-07-23 23:28:26] [INFO] Cache hit for key user_profile_123
[2026-07-23 23:28:29] [INFO] User admin logged in from 192.168.1.100
[2026-07-23 23:28:33] [INFO] Cache hit for key user_profile_123
[2026-07-23 23:28:36] [INFO] Successfully processed background job #4912
[2026-07-23 23:28:38] [INFO] Successfully processed background job #4912
[2026-07-23 23:28:38] [INFO] Cache hit for key user_profile_123
[2026-07-23 23:28:40] [INFO] Cache hit for key user_profile_123
[2026-07-23 23:28:41] [INFO] Successfully processed background job #4912
[2026-07-23 23:28:42] [INFO] System started successfully
[2026-07-23 23:28:42] [DEBUG] Initializing cache manager
[2026-07-23 23:28:46] [INFO] Cache hit for key user_profile_123
[2026-07-23 23:28:46] [INFO] Successfully processed background job #4912
[2026-07-23 23:28:48] [DEBUG] Session token refreshed
[2026-07-23 23:28:51] [DEBUG] Initializing cache manager
[2026-07-23 23:28:54] [INFO] User admin logged in from 192.168.1.100
[2026-07-23 23:28:55] [ERROR] NullPointerException in DataProcessor class
[2026-07-23 23:28:58] [ERROR] Invalid password provided for account admin
[2026-07-23 23:28:59] [INFO] Cache hit for key user_profile_123
[2026-07-23 23:29:04] [INFO] Connection established to message queue
[2026-07-23 23:29:08] [DEBUG] Fetching row 4021 from database
[2026-07-23 23:29:12] [INFO] Handling user request for /api/v1/data
[2026-07-23 23:29:14] [INFO] System started successfully
[2026-07-23 23:29:14] [WARNING] Deprecated API usage detected in legacy_module.py
[2026-07-23 23:29:17] [WARNING] Rate limit approaching for IP 10.0.0.55
[2026-07-23 23:29:19] [DEBUG] Parsing JSON payload
[2026-07-23 23:29:23] [INFO] Successfully processed background job #4912
[2026-07-23 23:29:25] [INFO] Successfully processed background job #4912
[2026-07-23 23:29:26] [INFO] Successfully processed background job #4912
[2026-07-23 23:29:30] [INFO] Connection established to message queue
[2026-07-23 23:29:32] [DEBUG] Parsing JSON payload
[2026-07-23 23:29:35] [CRITICAL] Disk space exhausted on /var/log
[2026-07-23 23:29:37] [INFO] Cache hit for key user_profile_123
[2026-07-23 23:29:39] [DEBUG] Fetching row 4021 from database
[2026-07-23 23:29:39] [DEBUG] Initializing cache manager
[2026-07-23 23:29:44] [INFO] Connection established to message queue
[2026-07-23 23:29:47] [INFO] System started successfully
[2026-07-23 23:29:49] [INFO] Cache hit for key user_profile_123
[2026-07-23 23:29:51] [INFO] User admin logged in from 192.168.1.100
[2026-07-23 23:29:56] [DEBUG] Initializing cache manager
[2026-07-23 23:29:58] [INFO] Connection established to message queue
[2026-07-23 23:29:58] [INFO] Connection established to message queue
[2026-07-23 23:30:03] [INFO] Cache hit for key user_profile_123
[2026-07-23 23:30:04] [ERROR] MySQL Error: Deadlock found when trying to get lock
[2026-07-23 23:30:06] [INFO] User admin logged in from 192.168.1.100
[2026-07-23 23:30:07] [INFO] User admin logged in from 192.168.1.100
[2026-07-23 23:30:08] [INFO] System started successfully
[2026-07-23 23:30:12] [INFO] Cache hit for key user_profile_123
[2026-07-23 23:30:14] [INFO] Successfully processed background job #4912
[2026-07-23 23:30:19] [INFO] Connection established to message queue
[2026-07-23 23:30:19] [INFO] Connection established to message queue
[2026-07-23 23:30:21] [INFO] Cache hit for key user_profile_123
[2026-07-23 23:30:24] [DEBUG] Initializing cache manager
[2026-07-23 23:30:24] [DEBUG] Parsing JSON payload
[2026-07-23 23:30:25] [INFO] Connection established to message queue
[2026-07-23 23:30:27] [INFO] User admin logged in from 192.168.1.100
[2026-07-23 23:30:28] [INFO] Handling user request for /api/v1/data
[2026-07-23 23:30:30] [INFO] Cache hit for key user_profile_123
[2026-07-23 23:30:31] [WARNING] Rate limit approaching for IP 10.0.0.55
[2026-07-23 23:30:35] [INFO] Successfully processed background job #4912
[2026-07-23 23:30:40] [INFO] Cache hit for key user_profile_123
[2026-07-23 23:30:41] [INFO] System started successfully
[2026-07-23 23:30:44] [INFO] System started successfully
[2026-07-23 23:30:47] [WARNING] Rate limit approaching for IP 10.0.0.55
[2026-07-23 23:30:50] [INFO] Cache hit for key user_profile_123
[2026-07-23 23:30:53] [ERROR] Invalid password provided for account admin
[2026-07-23 23:30:55] [INFO] User admin logged in from 192.168.1.100
[2026-07-23 23:30:58] [INFO] User admin logged in from 192.168.1.100
[2026-07-23 23:31:02] [DEBUG] Parsing JSON payload
[2026-07-23 23:31:06] [DEBUG] Session token refreshed
[2026-07-23 23:31:06] [INFO] Successfully processed background job #4912
[2026-07-23 23:31:08] [INFO] Cache hit for key user_profile_123
[2026-07-23 23:31:10] [INFO] System started successfully
[2026-07-23 23:31:11] [INFO] Connection established to message queue
[2026-07-23 23:31:14] [INFO] Connection established to message queue
[2026-07-23 23:31:16] [INFO] User admin logged in from 192.168.1.100
[2026-07-23 23:31:19] [DEBUG] Session token refreshed
[2026-07-23 23:31:22] [DEBUG] Parsing JSON payload
[2026-07-23 23:31:23] [INFO] Connection established to message queue
[2026-07-23 23:31:25] [INFO] System started successfully
[2026-07-23 23:31:27] [INFO] Cache hit for key user_profile_123
[2026-07-23 23:31:30] [INFO] Successfully processed background job #4912
[2026-07-23 23:31:33] [DEBUG] Session token refreshed
[2026-07-23 23:31:35] [INFO] Connection established to message queue
[2026-07-23 23:31:36] [WARNING] Deprecated API usage detected in legacy_module.py
[2026-07-23 23:31:37] [INFO] System started successfully
[2026-07-23 23:31:41] [INFO] Cache hit for key user_profile_123
[2026-07-23 23:31:45] [DEBUG] Session token refreshed
[2026-07-23 23:31:50] [DEBUG] Session token refreshed
[2026-07-23 23:31:54] [DEBUG] Initializing cache manager
[2026-07-23 23:31:59] [DEBUG] Parsing JSON payload
[2026-07-23 23:31:59] [DEBUG] Parsing JSON payload
[2026-07-23 23:32:01] [INFO] System started successfully
[2026-07-23 23:32:02] [INFO] Connection established to message queue
[2026-07-23 23:32:02] [INFO] Successfully processed background job #4912
[2026-07-23 23:32:07] [WARNING] High memory usage detected (85%)
[2026-07-23 23:32:07] [INFO] Successfully processed background job #4912
[2026-07-23 23:32:08] [INFO] Successfully processed background job #4912
[2026-07-23 23:32:11] [INFO] System started successfully
[2026-07-23 23:32:14] [INFO] Successfully processed background job #4912
[2026-07-23 23:32:17] [INFO] Cache hit for key user_profile_123
[2026-07-23 23:32:20] [INFO] Connection established to message queue
[2026-07-23 23:32:25] [INFO] System started successfully
[2026-07-23 23:32:28] [INFO] Handling user request for /api/v1/data
[2026-07-23 23:32:30] [CRITICAL] Timeout while waiting for external service after 30000ms
[2026-07-23 23:32:33] [WARNING] Deprecated API usage detected in legacy_module.py
[2026-07-23 23:32:33] [INFO] System started successfully
[2026-07-23 23:32:34] [INFO] System started successfully
[2026-07-23 23:32:34] [WARNING] High memory usage detected (85%)
[2026-07-23 23:32:36] [INFO] Handling user request for /api/v1/data
[2026-07-23 23:32:36] [INFO] Successfully processed background job #4912
[2026-07-23 23:32:38] [DEBUG] Parsing JSON payload
[2026-07-23 23:32:39] [DEBUG] Parsing JSON payload
[2026-07-23 23:32:42] [INFO] System started successfully
[2026-07-23 23:32:46] [DEBUG] Session token refreshed
[2026-07-23 23:32:49] [ERROR] Authentication failed for user guest
[2026-07-23 23:32:49] [INFO] Connection established to message queue
[2026-07-23 23:32:54] [INFO] Successfully processed background job #4912
[2026-07-23 23:32:57] [DEBUG] Session token refreshed
[2026-07-23 23:33:01] [INFO] System started successfully
[2026-07-23 23:33:04] [INFO] Cache hit for key user_profile_123
[2026-07-23 23:33:06] [INFO] User admin logged in from 192.168.1.100
[2026-07-23 23:33:09] [INFO] Cache hit for key user_profile_123
[2026-07-23 23:33:11] [INFO] Cache hit for key user_profile_123
[2026-07-23 23:33:13] [INFO] Connection established to message queue
[2026-07-23 23:33:17] [INFO] User admin logged in from 192.168.1.100
[2026-07-23 23:33:20] [INFO] Connection established to message queue
[2026-07-23 23:33:22] [DEBUG] Session token refreshed
[2026-07-23 23:33:25] [INFO] User admin logged in from 192.168.1.100
[2026-07-23 23:33:28] [WARNING] Rate limit approaching for IP 10.0.0.55
[2026-07-23 23:33:33] [DEBUG] Fetching row 4021 from database
[2026-07-23 23:33:33] [DEBUG] Initializing cache manager
[2026-07-23 23:33:37] [INFO] Handling user request for /api/v1/data
[2026-07-23 23:33:39] [INFO] Successfully processed background job #4912
[2026-07-23 23:33:41] [INFO] Successfully processed background job #4912
[2026-07-23 23:33:44] [INFO] System started successfully
[2026-07-23 23:33:45] [DEBUG] Fetching row 4021 from database
[2026-07-23 23:33:46] [INFO] Successfully processed background job #4912
[2026-07-23 23:33:50] [INFO] Handling user request for /api/v1/data
[2026-07-23 23:33:51] [INFO] Connection established to message queue
[2026-07-23 23:33:53] [WARNING] Deprecated API usage detected in legacy_module.py
[2026-07-23 23:33:55] [ERROR] Authentication failed for user guest
[2026-07-23 23:34:00] [WARNING] Deprecated API usage detected in legacy_module.py
[2026-07-23 23:34:03] [CRITICAL] Disk space exhausted on /var/log
[2026-07-23 23:34:07] [INFO] Connection established to message queue
[2026-07-23 23:34:08] [INFO] Handling user request for /api/v1/data
[2026-07-23 23:34:13] [INFO] Connection established to message queue
[2026-07-23 23:34:17] [INFO] System started successfully
[2026-07-23 23:34:22] [CRITICAL] Timeout while waiting for external service after 30000ms
[2026-07-23 23:34:23] [INFO] Connection established to message queue
[2026-07-23 23:34:26] [INFO] System started successfully
[2026-07-23 23:34:28] [INFO] Cache hit for key user_profile_123
[2026-07-23 23:34:28] [INFO] Successfully processed background job #4912
[2026-07-23 23:34:32] [INFO] User admin logged in from 192.168.1.100
[2026-07-23 23:34:36] [INFO] User admin logged in from 192.168.1.100
[2026-07-23 23:34:37] [INFO] Handling user request for /api/v1/data
[2026-07-23 23:34:41] [DEBUG] Parsing JSON payload
[2026-07-23 23:34:44] [INFO] Connection established to message queue
[2026-07-23 23:34:46] [DEBUG] Fetching row 4021 from database
[2026-07-23 23:34:48] [INFO] Successfully processed background job #4912
[2026-07-23 23:34:51] [INFO] Cache hit for key user_profile_123
[2026-07-23 23:34:55] [INFO] Connection established to message queue
[2026-07-23 23:34:57] [INFO] Cache hit for key user_profile_123
[2026-07-23 23:34:58] [WARNING] Rate limit approaching for IP 10.0.0.55
[2026-07-23 23:35:02] [INFO] Connection established to message queue
[2026-07-23 23:35:05] [INFO] Connection established to message queue
[2026-07-23 23:35:05] [INFO] Handling user request for /api/v1/data
[2026-07-23 23:35:07] [DEBUG] Fetching row 4021 from database
[2026-07-23 23:35:08] [INFO] Cache hit for key user_profile_123
[2026-07-23 23:35:09] [DEBUG] Parsing JSON payload
[2026-07-23 23:35:13] [DEBUG] Initializing cache manager
[2026-07-23 23:35:15] [INFO] Cache hit for key user_profile_123
[2026-07-23 23:35:17] [INFO] Handling user request for /api/v1/data
[2026-07-23 23:35:17] [WARNING] Deprecated API usage detected in legacy_module.py
[2026-07-23 23:35:21] [INFO] Handling user request for /api/v1/data
[2026-07-23 23:35:22] [INFO] Successfully processed background job #4912
[2026-07-23 23:35:27] [ERROR] Database connection failed: Connection refused
[2026-07-23 23:35:30] [DEBUG] Session token refreshed
[2026-07-23 23:35:33] [INFO] Successfully processed background job #4912
[2026-07-23 23:35:34] [INFO] User admin logged in from 192.168.1.100
[2026-07-23 23:35:34] [INFO] Successfully processed background job #4912
[2026-07-23 23:35:38] [ERROR] Database connection failed: Connection refused
[2026-07-23 23:35:40] [INFO] System started successfully
[2026-07-23 23:35:44] [INFO] Successfully processed background job #4912
[2026-07-23 23:35:45] [INFO] Cache hit for key user_profile_123
[2026-07-23 23:35:49] [WARNING] High memory usage detected (85%)
[2026-07-23 23:35:50] [WARNING] High memory usage detected (85%)
[2026-07-23 23:35:51] [WARNING] Deprecated API usage detected in legacy_module.py
[2026-07-23 23:35:52] [INFO] Handling user request for /api/v1/data
[2026-07-23 23:35:54] [DEBUG] Parsing JSON payload
[2026-07-23 23:35:55] [INFO] Successfully processed background job #4912
[2026-07-23 23:35:58] [INFO] Handling user request for /api/v1/data
[2026-07-23 23:36:02] [DEBUG] Fetching row 4021 from database
[2026-07-23 23:36:04] [DEBUG] Initializing cache manager
[2026-07-23 23:36:05] [INFO] Successfully processed background job #4912
[2026-07-23 23:36:08] [INFO] Connection established to message queue
[2026-07-23 23:36:12] [INFO] Cache hit for key user_profile_123
[2026-07-23 23:36:17] [INFO] System started successfully
[2026-07-23 23:36:17] [INFO] User admin logged in from 192.168.1.100
[2026-07-23 23:36:18] [DEBUG] Initializing cache manager
[2026-07-23 23:36:18] [INFO] User admin logged in from 192.168.1.100
[2026-07-23 23:36:20] [ERROR] Authentication failed for user guest
[2026-07-23 23:36:21] [DEBUG] Parsing JSON payload
[2026-07-23 23:36:22] [INFO] Cache hit for key user_profile_123
[2026-07-23 23:36:24] [DEBUG] Initializing cache manager
[2026-07-23 23:36:26] [INFO] Cache hit for key user_profile_123
[2026-07-23 23:36:31] [DEBUG] Initializing cache manager
[2026-07-23 23:36:36] [INFO] User admin logged in from 192.168.1.100
[2026-07-23 23:36:40] [INFO] Successfully processed background job #4912
[2026-07-23 23:36:43] [INFO] Connection established to message queue
[2026-07-23 23:36:46] [WARNING] High memory usage detected (85%)
[2026-07-23 23:36:51] [INFO] Handling user request for /api/v1/data
[2026-07-23 23:36:53] [INFO] Successfully processed background job #4912
[2026-07-23 23:36:53] [CRITICAL] Timeout while waiting for external service after 30000ms
[2026-07-23 23:36:53] [INFO] User admin logged in from 192.168.1.100
[2026-07-23 23:36:56] [WARNING] Rate limit approaching for IP 10.0.0.55
[2026-07-23 23:36:57] [INFO] Cache hit for key user_profile_123
[2026-07-23 23:37:00] [DEBUG] Fetching row 4021 from database
[2026-07-23 23:37:04] [INFO] System started successfully
[2026-07-23 23:37:07] [INFO] Connection established to message queue
[2026-07-23 23:37:10] [INFO] System started successfully
[2026-07-23 23:37:13] [INFO] System started successfully
[2026-07-23 23:37:17] [DEBUG] Session token refreshed
[2026-07-23 23:37:20] [INFO] System started successfully
[2026-07-23 23:37:23] [INFO] Handling user request for /api/v1/data
[2026-07-23 23:37:27] [INFO] System started successfully
[2026-07-23 23:37:28] [DEBUG] Parsing JSON payload
[2026-07-23 23:37:30] [INFO] Connection established to message queue
[2026-07-23 23:37:31] [DEBUG] Initializing cache manager
[2026-07-23 23:37:36] [WARNING] Deprecated API usage detected in legacy_module.py
[2026-07-23 23:37:40] [INFO] Successfully processed background job #4912
[2026-07-23 23:37:41] [INFO] User admin logged in from 192.168.1.100
[2026-07-23 23:37:44] [INFO] Connection established to message queue
[2026-07-23 23:37:47] [INFO] Cache hit for key user_profile_123
[2026-07-23 23:37:50] [INFO] Cache hit for key user_profile_123
[2026-07-23 23:37:52] [INFO] System started successfully
[2026-07-23 23:37:53] [INFO] User admin logged in from 192.168.1.100
[2026-07-23 23:37:54] [INFO] Handling user request for /api/v1/data
[2026-07-23 23:37:59] [ERROR] Database connection failed: Connection refused
[2026-07-23 23:38:03] [INFO] Handling user request for /api/v1/data
[2026-07-23 23:38:05] [INFO] Connection established to message queue
[2026-07-23 23:38:08] [CRITICAL] Timeout while waiting for external service after 30000ms
[2026-07-23 23:38:11] [INFO] Handling user request for /api/v1/data
[2026-07-23 23:38:13] [INFO] System started successfully
[2026-07-23 23:38:15] [INFO] System started successfully
[2026-07-23 23:38:18] [INFO] User admin logged in from 192.168.1.100
[2026-07-23 23:38:22] [WARNING] Rate limit approaching for IP 10.0.0.55
[2026-07-23 23:38:25] [INFO] User admin logged in from 192.168.1.100
[2026-07-23 23:38:30] [INFO] Connection established to message queue
[2026-07-23 23:38:31] [INFO] Successfully processed background job #4912
[2026-07-23 23:38:34] [ERROR] NullPointerException in DataProcessor class
[2026-07-23 23:38:34] [DEBUG] Fetching row 4021 from database
[2026-07-23 23:38:37] [INFO] Handling user request for /api/v1/data
[2026-07-23 23:38:41] [INFO] Handling user request for /api/v1/data
[2026-07-23 23:38:45] [INFO] Handling user request for /api/v1/data
[2026-07-23 23:38:49] [INFO] Handling user request for /api/v1/data
[2026-07-23 23:38:52] [INFO] Successfully processed background job #4912
[2026-07-23 23:38:56] [ERROR] MySQL Error: Deadlock found when trying to get lock
[2026-07-23 23:38:58] [INFO] Handling user request for /api/v1/data
[2026-07-23 23:38:59] [ERROR] Database connection failed: Connection refused
[2026-07-23 23:39:01] [WARNING] High memory usage detected (85%)
[2026-07-23 23:39:06] [DEBUG] Parsing JSON payload
[2026-07-23 23:39:06] [ERROR] MySQL Error: Deadlock found when trying to get lock
[2026-07-23 23:39:10] [DEBUG] Initializing cache manager
[2026-07-23 23:39:12] [DEBUG] Fetching row 4021 from database
[2026-07-23 23:39:14] [DEBUG] Parsing JSON payload
[2026-07-23 23:39:15] [INFO] System started successfully
[2026-07-23 23:39:16] [INFO] User admin logged in from 192.168.1.100
[2026-07-23 23:39:20] [DEBUG] Session token refreshed
[2026-07-23 23:39:21] [INFO] User admin logged in from 192.168.1.100
[2026-07-23 23:39:22] [INFO] Successfully processed background job #4912
[2026-07-23 23:39:26] [INFO] Successfully processed background job #4912
[2026-07-23 23:39:28] [INFO] User admin logged in from 192.168.1.100
[2026-07-23 23:39:32] [INFO] Successfully processed background job #4912
[2026-07-23 23:39:34] [INFO] Connection established to message queue
[2026-07-23 23:39:35] [INFO] System started successfully
[2026-07-23 23:39:39] [DEBUG] Initializing cache manager
[2026-07-23 23:39:43] [INFO] Connection established to message queue
[2026-07-23 23:39:47] [DEBUG] Fetching row 4021 from database
[2026-07-23 23:39:51] [DEBUG] Session token refreshed
[2026-07-23 23:39:54] [INFO] Successfully processed background job #4912
[2026-07-23 23:39:55] [INFO] Connection established to message queue
[2026-07-23 23:39:59] [INFO] System started successfully
[2026-07-23 23:40:01] [DEBUG] Initializing cache manager
[2026-07-23 23:40:05] [INFO] System started successfully
[2026-07-23 23:40:07] [INFO] Connection established to message queue
[2026-07-23 23:40:10] [INFO] System started successfully
[2026-07-23 23:40:12] [INFO] Cache hit for key user_profile_123
[2026-07-23 23:40:15] [INFO] Connection established to message queue
[2026-07-23 23:40:18] [INFO] System started successfully
[2026-07-23 23:40:19] [INFO] User admin logged in from 192.168.1.100
[2026-07-23 23:40:23] [INFO] Handling user request for /api/v1/data
[2026-07-23 23:40:26] [INFO] System started successfully
[2026-07-23 23:40:31] [INFO] Connection established to message queue
[2026-07-23 23:40:34] [CRITICAL] Timeout while waiting for external service after 30000ms
[2026-07-23 23:40:38] [INFO] Handling user request for /api/v1/data
[2026-07-23 23:40:43] [INFO] Successfully processed background job #4912
[2026-07-23 23:40:47] [INFO] Handling user request for /api/v1/data
[2026-07-23 23:40:49] [ERROR] NullPointerException in DataProcessor class
[2026-07-23 23:40:54] [DEBUG] Fetching row 4021 from database
[2026-07-23 23:40:54] [INFO] Cache hit for key user_profile_123
[2026-07-23 23:40:54] [INFO] Handling user request for /api/v1/data
[2026-07-23 23:40:56] [INFO] Successfully processed background job #4912
[2026-07-23 23:40:58] [INFO] User admin logged in from 192.168.1.100
[2026-07-23 23:41:02] [DEBUG] Fetching row 4021 from database
[2026-07-23 23:41:03] [DEBUG] Initializing cache manager
[2026-07-23 23:41:06] [ERROR] Authentication failed for user guest
[2026-07-23 23:41:10] [DEBUG] Session token refreshed
[2026-07-23 23:41:13] [ERROR] Invalid password provided for account admin
[2026-07-23 23:41:16] [CRITICAL] Service crashed with exit code 137
[2026-07-23 23:41:18] [INFO] User admin logged in from 192.168.1.100
[2026-07-23 23:41:22] [WARNING] High memory usage detected (85%)
[2026-07-23 23:41:26] [DEBUG] Session token refreshed
[2026-07-23 23:41:30] [ERROR] Authentication failed for user guest
[2026-07-23 23:41:30] [INFO] Cache hit for key user_profile_123
[2026-07-23 23:41:31] [INFO] User admin logged in from 192.168.1.100
[2026-07-23 23:41:35] [INFO] System started successfully
[2026-07-23 23:41:38] [INFO] Cache hit for key user_profile_123
[2026-07-23 23:41:42] [ERROR] Invalid password provided for account admin
[2026-07-23 23:41:42] [INFO] Cache hit for key user_profile_123
[2026-07-23 23:41:46] [INFO] System started successfully
[2026-07-23 23:41:48] [DEBUG] Parsing JSON payload
[2026-07-23 23:41:51] [INFO] Connection established to message queue
[2026-07-23 23:41:52] [INFO] Connection established to message queue
[2026-07-23 23:41:55] [INFO] System started successfully
[2026-07-23 23:42:00] [INFO] Handling user request for /api/v1/data
[2026-07-23 23:42:00] [INFO] System started successfully
[2026-07-23 23:42:02] [INFO] Connection established to message queue
[2026-07-23 23:42:06] [INFO] Connection established to message queue
[2026-07-23 23:42:07] [INFO] Connection established to message queue
[2026-07-23 23:42:08] [INFO] Cache hit for key user_profile_123
[2026-07-23 23:42:09] [INFO] User admin logged in from 192.168.1.100
[2026-07-23 23:42:13] [ERROR] Invalid password provided for account admin
[2026-07-23 23:42:17] [DEBUG] Session token refreshed
[2026-07-23 23:42:18] [INFO] User admin logged in from 192.168.1.100
[2026-07-23 23:42:21] [INFO] User admin logged in from 192.168.1.100
[2026-07-23 23:42:25] [INFO] Successfully processed background job #4912
[2026-07-23 23:42:25] [INFO] System started successfully
[2026-07-23 23:42:29] [WARNING] Deprecated API usage detected in legacy_module.py
[2026-07-23 23:42:30] [INFO] Cache hit for key user_profile_123
[2026-07-23 23:42:31] [INFO] Handling user request for /api/v1/data
[2026-07-23 23:42:32] [INFO] System started successfully
[2026-07-23 23:42:35] [INFO] Successfully processed background job #4912
[2026-07-23 23:42:36] [INFO] Cache hit for key user_profile_123
[2026-07-23 23:42:38] [INFO] Connection established to message queue
[2026-07-23 23:42:39] [INFO] Cache hit for key user_profile_123
[2026-07-23 23:42:42] [DEBUG] Fetching row 4021 from database
[2026-07-23 23:42:44] [INFO] Cache hit for key user_profile_123
[2026-07-23 23:42:48] [INFO] Connection established to message queue
[2026-07-23 23:42:53] [DEBUG] Fetching row 4021 from database
[2026-07-23 23:42:56] [CRITICAL] Disk space exhausted on /var/log
[2026-07-23 23:43:00] [INFO] User admin logged in from 192.168.1.100
[2026-07-23 23:43:03] [DEBUG] Fetching row 4021 from database
[2026-07-23 23:43:06] [INFO] Handling user request for /api/v1/data
[2026-07-23 23:43:06] [INFO] Cache hit for key user_profile_123
[2026-07-23 23:43:06] [INFO] Handling user request for /api/v1/data
[2026-07-23 23:43:09] [INFO] Handling user request for /api/v1/data
[2026-07-23 23:43:12] [INFO] Successfully processed background job #4912
[2026-07-23 23:43:14] [INFO] Connection established to message queue
[2026-07-23 23:43:17] [INFO] Cache hit for key user_profile_123
[2026-07-23 23:43:20] [DEBUG] Session token refreshed
[2026-07-23 23:43:21] [INFO] Cache hit for key user_profile_123
[2026-07-23 23:43:23] [INFO] Connection established to message queue
[2026-07-23 23:43:26] [DEBUG] Initializing cache manager
[2026-07-23 23:43:31] [INFO] Handling user request for /api/v1/data
[2026-07-23 23:43:34] [ERROR] NullPointerException in DataProcessor class
[2026-07-23 23:43:37] [INFO] Successfully processed background job #4912
[2026-07-23 23:43:39] [DEBUG] Parsing JSON payload
[2026-07-23 23:43:41] [DEBUG] Parsing JSON payload
[2026-07-23 23:43:43] [WARNING] Rate limit approaching for IP 10.0.0.55
[2026-07-23 23:43:45] [INFO] System started successfully
[2026-07-23 23:43:48] [DEBUG] Fetching row 4021 from database
[2026-07-23 23:43:50] [INFO] Connection established to message queue
[2026-07-23 23:43:53] [DEBUG] Fetching row 4021 from database
[2026-07-23 23:43:56] [INFO] System started successfully
[2026-07-23 23:43:58] [DEBUG] Parsing JSON payload
[2026-07-23 23:44:03] [DEBUG] Initializing cache manager
[2026-07-23 23:44:03] [INFO] User admin logged in from 192.168.1.100
[2026-07-23 23:44:06] [INFO] Cache hit for key user_profile_123
[2026-07-23 23:44:07] [INFO] Cache hit for key user_profile_123
[2026-07-23 23:44:09] [INFO] System started successfully
[2026-07-23 23:44:11] [INFO] Connection established to message queue
[2026-07-23 23:44:15] [INFO] Connection established to message queue
[2026-07-23 23:44:17] [ERROR] NullPointerException in DataProcessor class
[2026-07-23 23:44:20] [INFO] System started successfully
[2026-07-23 23:44:23] [INFO] User admin logged in from 192.168.1.100
[2026-07-23 23:44:25] [ERROR] MySQL Error: Deadlock found when trying to get lock
[2026-07-23 23:44:26] [INFO] Successfully processed background job #4912
[2026-07-23 23:44:29] [ERROR] NullPointerException in DataProcessor class
[2026-07-23 23:44:33] [INFO] Successfully processed background job #4912
[2026-07-23 23:44:35] [INFO] Connection established to message queue
[2026-07-23 23:44:39] [INFO] Successfully processed background job #4912
[2026-07-23 23:44:40] [INFO] Handling user request for /api/v1/data
[2026-07-23 23:44:45] [INFO] User admin logged in from 192.168.1.100
[2026-07-23 23:44:47] [INFO] Connection established to message queue
[2026-07-23 23:44:51] [INFO] User admin logged in from 192.168.1.100
[2026-07-23 23:44:52] [INFO] Successfully processed background job #4912
[2026-07-23 23:44:53] [WARNING] Rate limit approaching for IP 10.0.0.55
[2026-07-23 23:44:57] [INFO] Connection established to message queue
[2026-07-23 23:44:59] [ERROR] Invalid password provided for account admin
[2026-07-23 23:45:00] [INFO] Cache hit for key user_profile_123
[2026-07-23 23:45:01] [INFO] Connection established to message queue
[2026-07-23 23:45:05] [INFO] Cache hit for key user_profile_123
[2026-07-23 23:45:05] [INFO] Cache hit for key user_profile_123
[2026-07-23 23:45:10] [DEBUG] Session token refreshed
[2026-07-23 23:45:15] [INFO] Successfully processed background job #4912
[2026-07-23 23:45:19] [INFO] Cache hit for key user_profile_123
[2026-07-23 23:45:22] [INFO] User admin logged in from 192.168.1.100
[2026-07-23 23:45:24] [INFO] Connection established to message queue
[2026-07-23 23:45:26] [INFO] Handling user request for /api/v1/data
[2026-07-23 23:45:27] [ERROR] Invalid password provided for account admin
[2026-07-23 23:45:27] [INFO] System started successfully
[2026-07-23 23:45:28] [DEBUG] Initializing cache manager
[2026-07-23 23:45:29] [INFO] System started successfully
[2026-07-23 23:45:31] [INFO] System started successfully
[2026-07-23 23:45:33] [WARNING] Deprecated API usage detected in legacy_module.py
[2026-07-23 23:45:38] [INFO] Connection established to message queue
[2026-07-23 23:45:38] [ERROR] Database connection failed: Connection refused
[2026-07-23 23:45:39] [INFO] Successfully processed background job #4912
[2026-07-23 23:45:40] [DEBUG] Parsing JSON payload
[2026-07-23 23:45:43] [INFO] System started successfully
[2026-07-23 23:45:45] [INFO] Handling user request for /api/v1/data
[2026-07-23 23:45:46] [INFO] User admin logged in from 192.168.1.100
[2026-07-23 23:45:51] [INFO] Connection established to message queue
[2026-07-23 23:45:52] [INFO] Connection established to message queue
[2026-07-23 23:45:56] [DEBUG] Fetching row 4021 from database
[2026-07-23 23:46:00] [DEBUG] Session token refreshed
[2026-07-23 23:46:02] [INFO] Cache hit for key user_profile_123
[2026-07-23 23:46:05] [INFO] Successfully processed background job #4912
[2026-07-23 23:46:07] [INFO] Cache hit for key user_profile_123
[2026-07-23 23:46:09] [INFO] User admin logged in from 192.168.1.100
[2026-07-23 23:46:12] [INFO] System started successfully
[2026-07-23 23:46:13] [INFO] Connection established to message queue
[2026-07-23 23:46:16] [DEBUG] Initializing cache manager
[2026-07-23 23:46:20] [WARNING] Rate limit approaching for IP 10.0.0.55
[2026-07-23 23:46:20] [CRITICAL] Service crashed with exit code 137
[2026-07-23 23:46:23] [INFO] User admin logged in from 192.168.1.100
[2026-07-23 23:46:25] [INFO] Connection established to message queue
[2026-07-23 23:46:27] [INFO] System started successfully
[2026-07-23 23:46:31] [INFO] User admin logged in from 192.168.1.100
[2026-07-23 23:46:32] [INFO] Handling user request for /api/v1/data
[2026-07-23 23:46:32] [INFO] Handling user request for /api/v1/data
[2026-07-23 23:46:36] [DEBUG] Fetching row 4021 from database
[2026-07-23 23:46:40] [INFO] User admin logged in from 192.168.1.100
[2026-07-23 23:46:43] [INFO] Successfully processed background job #4912
[2026-07-23 23:46:48] [INFO] Connection established to message queue
[2026-07-23 23:46:48] [ERROR] NullPointerException in DataProcessor class
[2026-07-23 23:46:53] [DEBUG] Session token refreshed
[2026-07-23 23:46:56] [INFO] System started successfully
[2026-07-23 23:47:00] [INFO] Handling user request for /api/v1/data
[2026-07-23 23:47:03] [INFO] User admin logged in from 192.168.1.100
[2026-07-23 23:47:04] [INFO] Successfully processed background job #4912
[2026-07-23 23:47:06] [INFO] Cache hit for key user_profile_123
[2026-07-23 23:47:07] [INFO] Cache hit for key user_profile_123
[2026-07-23 23:47:10] [INFO] Cache hit for key user_profile_123
[2026-07-23 23:47:12] [INFO] Handling user request for /api/v1/data
[2026-07-23 23:47:15] [INFO] User admin logged in from 192.168.1.100
[2026-07-23 23:47:16] [INFO] Cache hit for key user_profile_123
[2026-07-23 23:47:20] [INFO] Handling user request for /api/v1/data
[2026-07-23 23:47:25] [INFO] User admin logged in from 192.168.1.100
[2026-07-23 23:47:26] [INFO] Cache hit for key user_profile_123
[2026-07-23 23:47:27] [DEBUG] Initializing cache manager
[2026-07-23 23:47:28] [INFO] Connection established to message queue
[2026-07-23 23:47:32] [INFO] User admin logged in from 192.168.1.100
[2026-07-23 23:47:33] [INFO] User admin logged in from 192.168.1.100
[2026-07-23 23:47:37] [DEBUG] Parsing JSON payload
[2026-07-23 23:47:42] [INFO] Handling user request for /api/v1/data
[2026-07-23 23:47:44] [DEBUG] Parsing JSON payload
[2026-07-23 23:47:45] [INFO] Cache hit for key user_profile_123
[2026-07-23 23:47:48] [INFO] Cache hit for key user_profile_123
[2026-07-23 23:47:53] [INFO] Successfully processed background job #4912
[2026-07-23 23:47:56] [INFO] Handling user request for /api/v1/data
[2026-07-23 23:47:58] [DEBUG] Fetching row 4021 from database
[2026-07-23 23:48:00] [INFO] Handling user request for /api/v1/data
[2026-07-23 23:48:03] [INFO] Cache hit for key user_profile_123
[2026-07-23 23:48:05] [WARNING] Deprecated API usage detected in legacy_module.py
[2026-07-23 23:48:07] [INFO] User admin logged in from 192.168.1.100
[2026-07-23 23:48:09] [INFO] System started successfully
[2026-07-23 23:48:13] [DEBUG] Fetching row 4021 from database
[2026-07-23 23:48:16] [INFO] Cache hit for key user_profile_123
[2026-07-23 23:48:19] [INFO] Handling user request for /api/v1/data
[2026-07-23 23:48:23] [INFO] Cache hit for key user_profile_123
[2026-07-23 23:48:26] [INFO] Cache hit for key user_profile_123
[2026-07-23 23:48:29] [INFO] System started successfully
[2026-07-23 23:48:32] [DEBUG] Parsing JSON payload
[2026-07-23 23:48:33] [INFO] Cache hit for key user_profile_123
[2026-07-23 23:48:33] [INFO] Successfully processed background job #4912
[2026-07-23 23:48:38] [WARNING] Rate limit approaching for IP 10.0.0.55
[2026-07-23 23:48:40] [ERROR] NullPointerException in DataProcessor class
[2026-07-23 23:48:44] [INFO] System started successfully
[2026-07-23 23:48:45] [INFO] Handling user request for /api/v1/data
[2026-07-23 23:48:45] [WARNING] High memory usage detected (85%)
[2026-07-23 23:48:46] [INFO] User admin logged in from 192.168.1.100
[2026-07-23 23:48:49] [INFO] Cache hit for key user_profile_123
[2026-07-23 23:48:53] [INFO] System started successfully
[2026-07-23 23:48:57] [DEBUG] Parsing JSON payload
[2026-07-23 23:49:01] [INFO] Connection established to message queue
[2026-07-23 23:49:02] [ERROR] NullPointerException in DataProcessor class
[2026-07-23 23:49:06] [INFO] Connection established to message queue
[2026-07-23 23:49:10] [DEBUG] Initializing cache manager
[2026-07-23 23:49:12] [INFO] Handling user request for /api/v1/data
[2026-07-23 23:49:13] [WARNING] Rate limit approaching for IP 10.0.0.55
[2026-07-23 23:49:17] [INFO] Connection established to message queue
[2026-07-23 23:49:18] [INFO] Cache hit for key user_profile_123
[2026-07-23 23:49:19] [INFO] Handling user request for /api/v1/data
[2026-07-23 23:49:23] [DEBUG] Initializing cache manager
[2026-07-23 23:49:26] [INFO] Successfully processed background job #4912
[2026-07-23 23:49:28] [INFO] Connection established to message queue
[2026-07-23 23:49:31] [DEBUG] Session token refreshed
[2026-07-23 23:49:35] [DEBUG] Parsing JSON payload
[2026-07-23 23:49:37] [INFO] System started successfully
[2026-07-23 23:49:41] [INFO] Cache hit for key user_profile_123
[2026-07-23 23:49:45] [DEBUG] Session token refreshed
[2026-07-23 23:49:47] [INFO] Connection established to message queue
[2026-07-23 23:49:50] [INFO] Cache hit for key user_profile_123
[2026-07-23 23:49:51] [DEBUG] Session token refreshed
[2026-07-23 23:49:56] [INFO] Successfully processed background job #4912
[2026-07-23 23:49:58] [INFO] Cache hit for key user_profile_123
[2026-07-23 23:50:00] [INFO] Handling user request for /api/v1/data
[2026-07-23 23:50:03] [INFO] System started successfully
[2026-07-23 23:50:06] [INFO] Cache hit for key user_profile_123
[2026-07-23 23:50:08] [INFO] Successfully processed background job #4912
[2026-07-23 23:50:11] [INFO] Connection established to message queue
[2026-07-23 23:50:14] [INFO] User admin logged in from 192.168.1.100
[2026-07-23 23:50:16] [INFO] Successfully processed background job #4912
[2026-07-23 23:50:16] [INFO] System started successfully
[2026-07-23 23:50:18] [DEBUG] Session token refreshed
[2026-07-23 23:50:19] [INFO] Successfully processed background job #4912
[2026-07-23 23:50:22] [INFO] Connection established to message queue
[2026-07-23 23:50:26] [INFO] User admin logged in from 192.168.1.100
[2026-07-23 23:50:26] [DEBUG] Parsing JSON payload
[2026-07-23 23:50:31] [INFO] System started successfully
[2026-07-23 23:50:31] [INFO] Handling user request for /api/v1/data
[2026-07-23 23:50:32] [INFO] User admin logged in from 192.168.1.100
[2026-07-23 23:50:35] [DEBUG] Parsing JSON payload
[2026-07-23 23:50:39] [DEBUG] Initializing cache manager
[2026-07-23 23:50:43] [INFO] Successfully processed background job #4912
[2026-07-23 23:50:44] [INFO] Successfully processed background job #4912
[2026-07-23 23:50:48] [INFO] User admin logged in from 192.168.1.100
[2026-07-23 23:50:50] [INFO] User admin logged in from 192.168.1.100
[2026-07-23 23:50:51] [INFO] Handling user request for /api/v1/data
[2026-07-23 23:50:54] [INFO] Connection established to message queue
[2026-07-23 23:50:55] [INFO] User admin logged in from 192.168.1.100
[2026-07-23 23:50:58] [INFO] User admin logged in from 192.168.1.100
[2026-07-23 23:50:59] [ERROR] MySQL Error: Deadlock found when trying to get lock
[2026-07-23 23:51:00] [INFO] System started successfully
[2026-07-23 23:51:01] [INFO] User admin logged in from 192.168.1.100
[2026-07-23 23:51:06] [INFO] Handling user request for /api/v1/data
[2026-07-23 23:51:07] [INFO] Cache hit for key user_profile_123
[2026-07-23 23:51:09] [DEBUG] Initializing cache manager
[2026-07-23 23:51:11] [WARNING] Rate limit approaching for IP 10.0.0.55
[2026-07-23 23:51:15] [INFO] Connection established to message queue
[2026-07-23 23:51:16] [INFO] Successfully processed background job #4912
[2026-07-23 23:51:17] [INFO] User admin logged in from 192.168.1.100
[2026-07-23 23:51:22] [DEBUG] Session token refreshed
[2026-07-23 23:51:22] [INFO] System started successfully
[2026-07-23 23:51:25] [INFO] Connection established to message queue
[2026-07-23 23:51:29] [DEBUG] Session token refreshed
[2026-07-23 23:51:32] [INFO] Connection established to message queue
[2026-07-23 23:51:35] [DEBUG] Fetching row 4021 from database
[2026-07-23 23:51:39] [DEBUG] Fetching row 4021 from database
[2026-07-23 23:51:42] [INFO] Successfully processed background job #4912
[2026-07-23 23:51:44] [INFO] Connection established to message queue
[2026-07-23 23:51:49] [DEBUG] Initializing cache manager
[2026-07-23 23:51:51] [INFO] Cache hit for key user_profile_123
[2026-07-23 23:51:55] [ERROR] Authentication failed for user guest
[2026-07-23 23:51:57] [INFO] System started successfully
[2026-07-23 23:52:01] [INFO] System started successfully
[2026-07-23 23:52:03] [INFO] Handling user request for /api/v1/data
[2026-07-23 23:52:05] [INFO] System started successfully
[2026-07-23 23:52:05] [ERROR] MySQL Error: Deadlock found when trying to get lock
[2026-07-23 23:52:09] [DEBUG] Session token refreshed
[2026-07-23 23:52:12] [DEBUG] Session token refreshed
[2026-07-23 23:52:16] [DEBUG] Parsing JSON payload
[2026-07-23 23:52:19] [DEBUG] Fetching row 4021 from database
[2026-07-23 23:52:22] [WARNING] Rate limit approaching for IP 10.0.0.55
[2026-07-23 23:52:27] [INFO] User admin logged in from 192.168.1.100
[2026-07-23 23:52:30] [INFO] Connection established to message queue
[2026-07-23 23:52:33] [DEBUG] Parsing JSON payload
[2026-07-23 23:52:37] [WARNING] Deprecated API usage detected in legacy_module.py
[2026-07-23 23:52:38] [ERROR] MySQL Error: Deadlock found when trying to get lock
[2026-07-23 23:52:41] [INFO] Cache hit for key user_profile_123
[2026-07-23 23:52:45] [INFO] System started successfully
[2026-07-23 23:52:49] [INFO] Connection established to message queue
[2026-07-23 23:52:52] [INFO] Cache hit for key user_profile_123
[2026-07-23 23:52:53] [INFO] Handling user request for /api/v1/data
[2026-07-23 23:52:54] [INFO] System started successfully
[2026-07-23 23:52:59] [WARNING] High memory usage detected (85%)
[2026-07-23 23:53:00] [DEBUG] Initializing cache manager
[2026-07-23 23:53:01] [INFO] System started successfully
[2026-07-23 23:53:03] [INFO] User admin logged in from 192.168.1.100
[2026-07-23 23:53:08] [INFO] User admin logged in from 192.168.1.100
[2026-07-23 23:53:11] [ERROR] Authentication failed for user guest
[2026-07-23 23:53:13] [WARNING] Rate limit approaching for IP 10.0.0.55
[2026-07-23 23:53:14] [INFO] Connection established to message queue
[2026-07-23 23:53:18] [WARNING] Rate limit approaching for IP 10.0.0.55
[2026-07-23 23:53:22] [DEBUG] Initializing cache manager
[2026-07-23 23:53:24] [INFO] Successfully processed background job #4912
[2026-07-23 23:53:24] [INFO] Cache hit for key user_profile_123
[2026-07-23 23:53:27] [INFO] System started successfully
[2026-07-23 23:53:31] [WARNING] High memory usage detected (85%)
[2026-07-23 23:53:32] [INFO] User admin logged in from 192.168.1.100
[2026-07-23 23:53:36] [DEBUG] Fetching row 4021 from database
[2026-07-23 23:53:39] [DEBUG] Initializing cache manager
[2026-07-23 23:53:41] [INFO] Connection established to message queue
[2026-07-23 23:53:45] [INFO] Successfully processed background job #4912
[2026-07-23 23:53:50] [INFO] Handling user request for /api/v1/data
[2026-07-23 23:53:52] [INFO] User admin logged in from 192.168.1.100
[2026-07-23 23:53:56] [INFO] Handling user request for /api/v1/data
[2026-07-23 23:54:00] [INFO] System started successfully
[2026-07-23 23:54:03] [INFO] Cache hit for key user_profile_123
[2026-07-23 23:54:06] [INFO] System started successfully
[2026-07-23 23:54:07] [DEBUG] Fetching row 4021 from database
[2026-07-23 23:54:09] [DEBUG] Session token refreshed
[2026-07-23 23:54:12] [DEBUG] Parsing JSON payload
[2026-07-23 23:54:17] [INFO] User admin logged in from 192.168.1.100
[2026-07-23 23:54:19] [DEBUG] Fetching row 4021 from database
[2026-07-23 23:54:22] [INFO] Handling user request for /api/v1/data
[2026-07-23 23:54:26] [INFO] Connection established to message queue
[2026-07-23 23:54:30] [WARNING] High memory usage detected (85%)
[2026-07-23 23:54:34] [INFO] Cache hit for key user_profile_123
[2026-07-23 23:54:34] [WARNING] High memory usage detected (85%)
[2026-07-23 23:54:35] [INFO] System started successfully
[2026-07-23 23:54:36] [INFO] System started successfully
[2026-07-23 23:54:40] [INFO] User admin logged in from 192.168.1.100
[2026-07-23 23:54:44] [INFO] Successfully processed background job #4912
[2026-07-23 23:54:46] [INFO] Cache hit for key user_profile_123
[2026-07-23 23:54:48] [INFO] Successfully processed background job #4912
[2026-07-23 23:54:50] [INFO] Successfully processed background job #4912
[2026-07-23 23:54:55] [INFO] Handling user request for /api/v1/data
[2026-07-23 23:54:55] [INFO] Connection established to message queue
[2026-07-23 23:54:59] [DEBUG] Fetching row 4021 from database
[2026-07-23 23:55:02] [WARNING] Rate limit approaching for IP 10.0.0.55
[2026-07-23 23:55:04] [DEBUG] Initializing cache manager
[2026-07-23 23:55:09] [WARNING] High memory usage detected (85%)
[2026-07-23 23:55:10] [ERROR] NullPointerException in DataProcessor class
[2026-07-23 23:55:14] [INFO] Cache hit for key user_profile_123
[2026-07-23 23:55:18] [INFO] Handling user request for /api/v1/data
[2026-07-23 23:55:19] [DEBUG] Parsing JSON payload
[2026-07-23 23:55:22] [INFO] Handling user request for /api/v1/data
[2026-07-23 23:55:23] [INFO] Cache hit for key user_profile_123
[2026-07-23 23:55:25] [INFO] User admin logged in from 192.168.1.100
[2026-07-23 23:55:25] [WARNING] Deprecated API usage detected in legacy_module.py
[2026-07-23 23:55:26] [WARNING] Rate limit approaching for IP 10.0.0.55
[2026-07-23 23:55:31] [DEBUG] Parsing JSON payload
[2026-07-23 23:55:32] [INFO] Cache hit for key user_profile_123
[2026-07-23 23:55:36] [INFO] Handling user request for /api/v1/data
[2026-07-23 23:55:38] [INFO] System started successfully
[2026-07-23 23:55:43] [INFO] Successfully processed background job #4912
[2026-07-23 23:55:43] [INFO] User admin logged in from 192.168.1.100
[2026-07-23 23:55:48] [INFO] Cache hit for key user_profile_123
[2026-07-23 23:55:51] [INFO] User admin logged in from 192.168.1.100
[2026-07-23 23:55:55] [INFO] Handling user request for /api/v1/data
[2026-07-23 23:55:58] [INFO] Handling user request for /api/v1/data
[2026-07-23 23:56:03] [ERROR] Authentication failed for user guest
[2026-07-23 23:56:07] [ERROR] Authentication failed for user guest
[2026-07-23 23:56:09] [INFO] Connection established to message queue
[2026-07-23 23:56:14] [INFO] Handling user request for /api/v1/data
[2026-07-23 23:56:16] [INFO] Successfully processed background job #4912
[2026-07-23 23:56:19] [INFO] Handling user request for /api/v1/data
[2026-07-23 23:56:19] [INFO] Cache hit for key user_profile_123
[2026-07-23 23:56:19] [INFO] System started successfully
[2026-07-23 23:56:24] [WARNING] High memory usage detected (85%)
[2026-07-23 23:56:27] [INFO] Handling user request for /api/v1/data
[2026-07-23 23:56:31] [INFO] Cache hit for key user_profile_123
[2026-07-23 23:56:33] [INFO] System started successfully
[2026-07-23 23:56:35] [DEBUG] Parsing JSON payload
[2026-07-23 23:56:39] [INFO] Successfully processed background job #4912
[2026-07-23 23:56:42] [INFO] User admin logged in from 192.168.1.100
[2026-07-23 23:56:42] [INFO] System started successfully
[2026-07-23 23:56:44] [INFO] Successfully processed background job #4912
[2026-07-23 23:56:46] [INFO] Successfully processed background job #4912
[2026-07-23 23:56:50] [INFO] System started successfully
[2026-07-23 23:56:54] [INFO] Cache hit for key user_profile_123
[2026-07-23 23:56:54] [DEBUG] Session token refreshed
[2026-07-23 23:56:54] [DEBUG] Initializing cache manager
[2026-07-23 23:56:55] [ERROR] NullPointerException in DataProcessor class
[2026-07-23 23:56:59] [INFO] Cache hit for key user_profile_123
[2026-07-23 23:57:00] [INFO] Handling user request for /api/v1/data
[2026-07-23 23:57:03] [INFO] Handling user request for /api/v1/data
[2026-07-23 23:57:05] [INFO] Cache hit for key user_profile_123
[2026-07-23 23:57:08] [WARNING] Rate limit approaching for IP 10.0.0.55
[2026-07-23 23:57:08] [INFO] Connection established to message queue
[2026-07-23 23:57:10] [ERROR] MySQL Error: Deadlock found when trying to get lock
[2026-07-23 23:57:10] [INFO] Successfully processed background job #4912
[2026-07-23 23:57:13] [INFO] System started successfully
[2026-07-23 23:57:17] [INFO] System started successfully
[2026-07-23 23:57:17] [INFO] System started successfully
[2026-07-23 23:57:20] [INFO] System started successfully
[2026-07-23 23:57:21] [INFO] Successfully processed background job #4912
[2026-07-23 23:57:23] [INFO] Cache hit for key user_profile_123
[2026-07-23 23:57:25] [INFO] User admin logged in from 192.168.1.100
[2026-07-23 23:57:28] [INFO] Successfully processed background job #4912
[2026-07-23 23:57:32] [INFO] Connection established to message queue
[2026-07-23 23:57:33] [INFO] Cache hit for key user_profile_123
[2026-07-23 23:57:37] [INFO] Successfully processed background job #4912
[2026-07-23 23:57:41] [INFO] Successfully processed background job #4912
[2026-07-23 23:57:42] [INFO] Connection established to message queue
[2026-07-23 23:57:47] [INFO] Cache hit for key user_profile_123
[2026-07-23 23:57:50] [DEBUG] Fetching row 4021 from database
[2026-07-23 23:57:53] [WARNING] Deprecated API usage detected in legacy_module.py
[2026-07-23 23:57:53] [DEBUG] Initializing cache manager
[2026-07-23 23:57:55] [DEBUG] Parsing JSON payload
[2026-07-23 23:57:59] [INFO] Handling user request for /api/v1/data
[2026-07-23 23:57:59] [WARNING] High memory usage detected (85%)
[2026-07-23 23:58:00] [DEBUG] Fetching row 4021 from database
[2026-07-23 23:58:01] [INFO] Successfully processed background job #4912
[2026-07-23 23:58:05] [DEBUG] Parsing JSON payload
[2026-07-23 23:58:08] [INFO] Successfully processed background job #4912
[2026-07-23 23:58:13] [ERROR] MySQL Error: Deadlock found when trying to get lock
[2026-07-23 23:58:17] [INFO] Cache hit for key user_profile_123
[2026-07-23 23:58:20] [ERROR] Invalid password provided for account admin
[2026-07-23 23:58:22] [INFO] User admin logged in from 192.168.1.100
[2026-07-23 23:58:26] [INFO] Connection established to message queue
[2026-07-23 23:58:31] [DEBUG] Initializing cache manager
[2026-07-23 23:58:33] [WARNING] Rate limit approaching for IP 10.0.0.55
[2026-07-23 23:58:37] [WARNING] High memory usage detected (85%)
[2026-07-23 23:58:38] [INFO] Successfully processed background job #4912
[2026-07-23 23:58:43] [DEBUG] Parsing JSON payload
[2026-07-23 23:58:46] [INFO] Cache hit for key user_profile_123
[2026-07-23 23:58:49] [INFO] System started successfully
[2026-07-23 23:58:53] [INFO] Connection established to message queue
[2026-07-23 23:58:54] [INFO] Successfully processed background job #4912
[2026-07-23 23:58:57] [INFO] User admin logged in from 192.168.1.100
[2026-07-23 23:59:01] [INFO] Successfully processed background job #4912
[2026-07-23 23:59:04] [INFO] Cache hit for key user_profile_123
[2026-07-23 23:59:06] [INFO] User admin logged in from 192.168.1.100
[2026-07-23 23:59:11] [INFO] Cache hit for key user_profile_123
[2026-07-23 23:59:15] [INFO] Cache hit for key user_profile_123
[2026-07-23 23:59:19] [INFO] System started successfully
[2026-07-23 23:59:22] [WARNING] Deprecated API usage detected in legacy_module.py
[2026-07-23 23:59:25] [INFO] Connection established to message queue
[2026-07-23 23:59:26] [INFO] Handling user request for /api/v1/data
[2026-07-23 23:59:27] [INFO] Cache hit for key user_profile_123
[2026-07-23 23:59:27] [INFO] Handling user request for /api/v1/data
[2026-07-23 23:59:30] [CRITICAL] Service crashed with exit code 137
[2026-07-23 23:59:32] [ERROR] Database connection failed: Connection refused
[2026-07-23 23:59:34] [INFO] User admin logged in from 192.168.1.100
[2026-07-23 23:59:38] [DEBUG] Parsing JSON payload
[2026-07-23 23:59:41] [INFO] Cache hit for key user_profile_123
[2026-07-23 23:59:45] [INFO] Handling user request for /api/v1/data
[2026-07-23 23:59:50] [DEBUG] Fetching row 4021 from database
[2026-07-23 23:59:51] [INFO] Connection established to message queue
[2026-07-23 23:59:55] [DEBUG] Parsing JSON payload
[2026-07-24 00:00:00] [INFO] Connection established to message queue
[2026-07-24 00:00:05] [INFO] Cache hit for key user_profile_123
[2026-07-24 00:00:07] [WARNING] High memory usage detected (85%)
[2026-07-24 00:00:10] [INFO] Connection established to message queue
[2026-07-24 00:00:11] [INFO] User admin logged in from 192.168.1.100
[2026-07-24 00:00:15] [INFO] Connection established to message queue
[2026-07-24 00:00:17] [DEBUG] Fetching row 4021 from database
[2026-07-24 00:00:18] [INFO] User admin logged in from 192.168.1.100
[2026-07-24 00:00:19] [INFO] Successfully processed background job #4912
[2026-07-24 00:00:21] [INFO] Successfully processed background job #4912
[2026-07-24 00:00:24] [INFO] System started successfully
[2026-07-24 00:00:25] [INFO] Cache hit for key user_profile_123
[2026-07-24 00:00:26] [DEBUG] Initializing cache manager
[2026-07-24 00:00:29] [INFO] Handling user request for /api/v1/data
[2026-07-24 00:00:30] [DEBUG] Initializing cache manager
[2026-07-24 00:00:34] [INFO] Handling user request for /api/v1/data
[2026-07-24 00:00:34] [INFO] Handling user request for /api/v1/data
[2026-07-24 00:00:35] [DEBUG] Initializing cache manager
[2026-07-24 00:00:39] [INFO] System started successfully
[2026-07-24 00:00:40] [INFO] Successfully processed background job #4912
[2026-07-24 00:00:42] [INFO] System started successfully
[2026-07-24 00:00:46] [INFO] Handling user request for /api/v1/data
[2026-07-24 00:00:51] [DEBUG] Fetching row 4021 from database
[2026-07-24 00:00:54] [INFO] System started successfully
[2026-07-24 00:00:57] [DEBUG] Parsing JSON payload
[2026-07-24 00:00:58] [INFO] Handling user request for /api/v1/data
[2026-07-24 00:00:58] [INFO] User admin logged in from 192.168.1.100
[2026-07-24 00:01:03] [DEBUG] Initializing cache manager
[2026-07-24 00:01:05] [INFO] User admin logged in from 192.168.1.100
[2026-07-24 00:01:07] [INFO] System started successfully
[2026-07-24 00:01:08] [INFO] Connection established to message queue
[2026-07-24 00:01:09] [INFO] Handling user request for /api/v1/data
[2026-07-24 00:01:12] [INFO] Handling user request for /api/v1/data
[2026-07-24 00:01:16] [INFO] Connection established to message queue
[2026-07-24 00:01:17] [INFO] Successfully processed background job #4912
[2026-07-24 00:01:19] [INFO] Connection established to message queue
[2026-07-24 00:01:23] [INFO] Cache hit for key user_profile_123
[2026-07-24 00:01:24] [WARNING] High memory usage detected (85%)
[2026-07-24 00:01:28] [ERROR] Invalid password provided for account admin
[2026-07-24 00:01:31] [INFO] System started successfully
[2026-07-24 00:01:35] [INFO] System started successfully
[2026-07-24 00:01:37] [DEBUG] Session token refreshed
[2026-07-24 00:01:39] [INFO] User admin logged in from 192.168.1.100
[2026-07-24 00:01:40] [INFO] Cache hit for key user_profile_123
[2026-07-24 00:01:41] [ERROR] Invalid password provided for account admin
[2026-07-24 00:01:44] [INFO] Successfully processed background job #4912
[2026-07-24 00:01:46] [INFO] Handling user request for /api/v1/data
[2026-07-24 00:01:47] [ERROR] Authentication failed for user guest
[2026-07-24 00:01:51] [ERROR] Invalid password provided for account admin
[2026-07-24 00:01:52] [DEBUG] Session token refreshed
[2026-07-24 00:01:54] [INFO] Successfully processed background job #4912
[2026-07-24 00:01:55] [INFO] Cache hit for key user_profile_123
[2026-07-24 00:01:59] [INFO] Successfully processed background job #4912
[2026-07-24 00:02:01] [INFO] User admin logged in from 192.168.1.100
[2026-07-24 00:02:03] [INFO] Cache hit for key user_profile_123
[2026-07-24 00:02:05] [INFO] User admin logged in from 192.168.1.100
[2026-07-24 00:02:07] [INFO] User admin logged in from 192.168.1.100
[2026-07-24 00:02:07] [DEBUG] Fetching row 4021 from database
[2026-07-24 00:02:07] [DEBUG] Initializing cache manager
[2026-07-24 00:02:11] [INFO] Handling user request for /api/v1/data
[2026-07-24 00:02:11] [INFO] Connection established to message queue
[2026-07-24 00:02:16] [DEBUG] Parsing JSON payload
[2026-07-24 00:02:18] [INFO] Cache hit for key user_profile_123
[2026-07-24 00:02:20] [INFO] System started successfully
[2026-07-24 00:02:21] [INFO] System started successfully
[2026-07-24 00:02:23] [INFO] User admin logged in from 192.168.1.100
[2026-07-24 00:02:25] [WARNING] Rate limit approaching for IP 10.0.0.55
[2026-07-24 00:02:26] [INFO] Connection established to message queue
[2026-07-24 00:02:27] [WARNING] Deprecated API usage detected in legacy_module.py
[2026-07-24 00:02:31] [ERROR] NullPointerException in DataProcessor class
[2026-07-24 00:02:35] [WARNING] High memory usage detected (85%)
[2026-07-24 00:02:36] [INFO] Handling user request for /api/v1/data
[2026-07-24 00:02:40] [DEBUG] Initializing cache manager
[2026-07-24 00:02:44] [DEBUG] Session token refreshed
[2026-07-24 00:02:44] [INFO] Cache hit for key user_profile_123
[2026-07-24 00:02:49] [INFO] User admin logged in from 192.168.1.100
[2026-07-24 00:02:49] [INFO] Connection established to message queue
[2026-07-24 00:02:50] [INFO] Successfully processed background job #4912
[2026-07-24 00:02:55] [ERROR] Invalid password provided for account admin
[2026-07-24 00:02:58] [INFO] System started successfully
[2026-07-24 00:03:02] [INFO] Connection established to message queue
[2026-07-24 00:03:06] [ERROR] MySQL Error: Deadlock found when trying to get lock
[2026-07-24 00:03:06] [INFO] Handling user request for /api/v1/data
[2026-07-24 00:03:07] [INFO] Handling user request for /api/v1/data
[2026-07-24 00:03:08] [INFO] Connection established to message queue
[2026-07-24 00:03:10] [INFO] Handling user request for /api/v1/data
[2026-07-24 00:03:13] [WARNING] Deprecated API usage detected in legacy_module.py
[2026-07-24 00:03:18] [INFO] Connection established to message queue
[2026-07-24 00:03:23] [INFO] Successfully processed background job #4912
[2026-07-24 00:03:27] [INFO] Handling user request for /api/v1/data
[2026-07-24 00:03:28] [INFO] System started successfully
[2026-07-24 00:03:29] [INFO] Connection established to message queue
[2026-07-24 00:03:31] [WARNING] High memory usage detected (85%)
[2026-07-24 00:03:35] [DEBUG] Initializing cache manager
[2026-07-24 00:03:40] [INFO] Successfully processed background job #4912
[2026-07-24 00:03:45] [WARNING] Deprecated API usage detected in legacy_module.py
[2026-07-24 00:03:47] [INFO] Cache hit for key user_profile_123
[2026-07-24 00:03:49] [INFO] Handling user request for /api/v1/data
[2026-07-24 00:03:49] [DEBUG] Session token refreshed
[2026-07-24 00:03:52] [INFO] System started successfully
[2026-07-24 00:03:56] [INFO] Cache hit for key user_profile_123
[2026-07-24 00:03:58] [INFO] System started successfully
[2026-07-24 00:04:02] [INFO] Successfully processed background job #4912
[2026-07-24 00:04:04] [INFO] Cache hit for key user_profile_123
[2026-07-24 00:04:06] [INFO] Cache hit for key user_profile_123
[2026-07-24 00:04:06] [CRITICAL] Disk space exhausted on /var/log
[2026-07-24 00:04:07] [INFO] Handling user request for /api/v1/data
[2026-07-24 00:04:10] [DEBUG] Session token refreshed
[2026-07-24 00:04:13] [INFO] Cache hit for key user_profile_123
[2026-07-24 00:04:18] [INFO] Cache hit for key user_profile_123
[2026-07-24 00:04:23] [INFO] System started successfully
[2026-07-24 00:04:24] [INFO] Cache hit for key user_profile_123
[2026-07-24 00:04:26] [INFO] Connection established to message queue
[2026-07-24 00:04:26] [INFO] System started successfully
[2026-07-24 00:04:31] [INFO] Successfully processed background job #4912
[2026-07-24 00:04:35] [ERROR] Authentication failed for user guest
[2026-07-24 00:04:37] [INFO] User admin logged in from 192.168.1.100
[2026-07-24 00:04:38] [DEBUG] Initializing cache manager
[2026-07-24 00:04:38] [INFO] User admin logged in from 192.168.1.100
[2026-07-24 00:04:41] [INFO] Handling user request for /api/v1/data
[2026-07-24 00:04:46] [INFO] Successfully processed background job #4912
[2026-07-24 00:04:49] [DEBUG] Parsing JSON payload
[2026-07-24 00:04:52] [INFO] Connection established to message queue
[2026-07-24 00:04:57] [INFO] Handling user request for /api/v1/data
[2026-07-24 00:04:59] [DEBUG] Parsing JSON payload
[2026-07-24 00:05:01] [INFO] System started successfully
[2026-07-24 00:05:02] [INFO] Successfully processed background job #4912
[2026-07-24 00:05:04] [DEBUG] Initializing cache manager
[2026-07-24 00:05:09] [DEBUG] Initializing cache manager
[2026-07-24 00:05:12] [INFO] Handling user request for /api/v1/data
[2026-07-24 00:05:13] [INFO] System started successfully
[2026-07-24 00:05:15] [INFO] Connection established to message queue
[2026-07-24 00:05:18] [INFO] System started successfully
[2026-07-24 00:05:19] [DEBUG] Parsing JSON payload
[2026-07-24 00:05:20] [INFO] Cache hit for key user_profile_123
[2026-07-24 00:05:24] [WARNING] Deprecated API usage detected in legacy_module.py
[2026-07-24 00:05:26] [WARNING] Deprecated API usage detected in legacy_module.py
[2026-07-24 00:05:31] [INFO] Handling user request for /api/v1/data
[2026-07-24 00:05:35] [INFO] Cache hit for key user_profile_123
[2026-07-24 00:05:37] [INFO] Successfully processed background job #4912
[2026-07-24 00:05:37] [DEBUG] Parsing JSON payload
[2026-07-24 00:05:38] [INFO] User admin logged in from 192.168.1.100
[2026-07-24 00:05:41] [INFO] Connection established to message queue
[2026-07-24 00:05:46] [INFO] Connection established to message queue
[2026-07-24 00:05:47] [DEBUG] Fetching row 4021 from database
[2026-07-24 00:05:49] [INFO] Connection established to message queue
[2026-07-24 00:05:52] [INFO] System started successfully
[2026-07-24 00:05:56] [INFO] Handling user request for /api/v1/data
[2026-07-24 00:06:00] [DEBUG] Parsing JSON payload
[2026-07-24 00:06:04] [INFO] Handling user request for /api/v1/data
[2026-07-24 00:06:07] [INFO] Connection established to message queue
[2026-07-24 00:06:11] [INFO] System started successfully
[2026-07-24 00:06:13] [INFO] Successfully processed background job #4912
[2026-07-24 00:06:16] [DEBUG] Parsing JSON payload
[2026-07-24 00:06:16] [WARNING] Rate limit approaching for IP 10.0.0.55
[2026-07-24 00:06:17] [WARNING] Deprecated API usage detected in legacy_module.py
[2026-07-24 00:06:18] [DEBUG] Parsing JSON payload
[2026-07-24 00:06:18] [INFO] System started successfully
[2026-07-24 00:06:23] [INFO] System started successfully
[2026-07-24 00:06:25] [INFO] Successfully processed background job #4912
[2026-07-24 00:06:26] [INFO] System started successfully
[2026-07-24 00:06:29] [INFO] Handling user request for /api/v1/data
[2026-07-24 00:06:30] [INFO] Handling user request for /api/v1/data
[2026-07-24 00:06:35] [INFO] Cache hit for key user_profile_123
[2026-07-24 00:06:37] [INFO] Connection established to message queue
[2026-07-24 00:06:37] [WARNING] Deprecated API usage detected in legacy_module.py
[2026-07-24 00:06:39] [INFO] System started successfully
[2026-07-24 00:06:41] [INFO] Cache hit for key user_profile_123
[2026-07-24 00:06:44] [INFO] System started successfully
[2026-07-24 00:06:47] [DEBUG] Parsing JSON payload
[2026-07-24 00:06:48] [WARNING] Deprecated API usage detected in legacy_module.py
[2026-07-24 00:06:52] [DEBUG] Parsing JSON payload
[2026-07-24 00:06:54] [INFO] Successfully processed background job #4912
[2026-07-24 00:06:55] [INFO] Successfully processed background job #4912
[2026-07-24 00:07:00] [INFO] System started successfully
[2026-07-24 00:07:01] [INFO] User admin logged in from 192.168.1.100
[2026-07-24 00:07:01] [INFO] Cache hit for key user_profile_123
[2026-07-24 00:07:04] [INFO] Handling user request for /api/v1/data
[2026-07-24 00:07:05] [INFO] System started successfully
[2026-07-24 00:07:05] [WARNING] High memory usage detected (85%)
[2026-07-24 00:07:10] [INFO] Handling user request for /api/v1/data
[2026-07-24 00:07:11] [ERROR] MySQL Error: Deadlock found when trying to get lock
[2026-07-24 00:07:12] [DEBUG] Session token refreshed
[2026-07-24 00:07:13] [INFO] Cache hit for key user_profile_123
[2026-07-24 00:07:13] [INFO] User admin logged in from 192.168.1.100
[2026-07-24 00:07:17] [INFO] Connection established to message queue
[2026-07-24 00:07:21] [INFO] Handling user request for /api/v1/data
[2026-07-24 00:07:24] [INFO] Cache hit for key user_profile_123
[2026-07-24 00:07:24] [DEBUG] Initializing cache manager
[2026-07-24 00:07:26] [ERROR] Authentication failed for user guest
[2026-07-24 00:07:29] [INFO] User admin logged in from 192.168.1.100
[2026-07-24 00:07:33] [INFO] Successfully processed background job #4912
[2026-07-24 00:07:37] [INFO] User admin logged in from 192.168.1.100
[2026-07-24 00:07:41] [INFO] Cache hit for key user_profile_123
[2026-07-24 00:07:45] [INFO] Connection established to message queue
[2026-07-24 00:07:45] [INFO] Handling user request for /api/v1/data
[2026-07-24 00:07:45] [INFO] System started successfully
[2026-07-24 00:07:47] [INFO] System started successfully
[2026-07-24 00:07:47] [DEBUG] Parsing JSON payload
[2026-07-24 00:07:50] [ERROR] NullPointerException in DataProcessor class
[2026-07-24 00:07:50] [DEBUG] Session token refreshed
[2026-07-24 00:07:54] [DEBUG] Parsing JSON payload
[2026-07-24 00:07:55] [DEBUG] Session token refreshed
[2026-07-24 00:07:56] [INFO] Successfully processed background job #4912
[2026-07-24 00:07:57] [WARNING] Deprecated API usage detected in legacy_module.py
[2026-07-24 00:08:01] [INFO] User admin logged in from 192.168.1.100
[2026-07-24 00:08:02] [INFO] Successfully processed background job #4912
[2026-07-24 00:08:03] [DEBUG] Fetching row 4021 from database
[2026-07-24 00:08:06] [INFO] Successfully processed background job #4912
[2026-07-24 00:08:07] [INFO] Connection established to message queue
[2026-07-24 00:08:10] [INFO] User admin logged in from 192.168.1.100
[2026-07-24 00:08:11] [INFO] Handling user request for /api/v1/data
[2026-07-24 00:08:13] [INFO] System started successfully
[2026-07-24 00:08:16] [INFO] System started successfully
[2026-07-24 00:08:20] [INFO] Handling user request for /api/v1/data
[2026-07-24 00:08:21] [INFO] Handling user request for /api/v1/data
[2026-07-24 00:08:26] [INFO] Cache hit for key user_profile_123
[2026-07-24 00:08:29] [INFO] Successfully processed background job #4912
[2026-07-24 00:08:32] [INFO] Handling user request for /api/v1/data
[2026-07-24 00:08:34] [INFO] Cache hit for key user_profile_123
[2026-07-24 00:08:38] [DEBUG] Initializing cache manager
[2026-07-24 00:08:42] [INFO] Handling user request for /api/v1/data
[2026-07-24 00:08:43] [CRITICAL] Disk space exhausted on /var/log
[2026-07-24 00:08:48] [INFO] System started successfully
[2026-07-24 00:08:52] [WARNING] Deprecated API usage detected in legacy_module.py
[2026-07-24 00:08:54] [INFO] Cache hit for key user_profile_123
[2026-07-24 00:08:58] [INFO] Handling user request for /api/v1/data
[2026-07-24 00:09:00] [INFO] Handling user request for /api/v1/data
[2026-07-24 00:09:00] [ERROR] Authentication failed for user guest
[2026-07-24 00:09:03] [INFO] Connection established to message queue
[2026-07-24 00:09:08] [DEBUG] Parsing JSON payload
[2026-07-24 00:09:12] [INFO] Cache hit for key user_profile_123
[2026-07-24 00:09:15] [DEBUG] Initializing cache manager
[2026-07-24 00:09:19] [INFO] Cache hit for key user_profile_123
[2026-07-24 00:09:22] [INFO] Handling user request for /api/v1/data
[2026-07-24 00:09:26] [DEBUG] Parsing JSON payload
[2026-07-24 00:09:29] [WARNING] Deprecated API usage detected in legacy_module.py
[2026-07-24 00:09:32] [DEBUG] Parsing JSON payload
[2026-07-24 00:09:37] [WARNING] Rate limit approaching for IP 10.0.0.55
[2026-07-24 00:09:42] [INFO] System started successfully
[2026-07-24 00:09:42] [INFO] System started successfully
[2026-07-24 00:09:43] [INFO] Connection established to message queue
[2026-07-24 00:09:46] [INFO] Connection established to message queue
[2026-07-24 00:09:50] [INFO] User admin logged in from 192.168.1.100
[2026-07-24 00:09:52] [INFO] Connection established to message queue
[2026-07-24 00:09:54] [INFO] System started successfully
[2026-07-24 00:09:56] [INFO] User admin logged in from 192.168.1.100
[2026-07-24 00:10:00] [INFO] System started successfully
[2026-07-24 00:10:01] [CRITICAL] Timeout while waiting for external service after 30000ms
[2026-07-24 00:10:01] [ERROR] NullPointerException in DataProcessor class
[2026-07-24 00:10:05] [INFO] Connection established to message queue
[2026-07-24 00:10:08] [WARNING] Deprecated API usage detected in legacy_module.py
[2026-07-24 00:10:09] [INFO] User admin logged in from 192.168.1.100
[2026-07-24 00:10:09] [INFO] User admin logged in from 192.168.1.100
[2026-07-24 00:10:14] [INFO] User admin logged in from 192.168.1.100
[2026-07-24 00:10:17] [WARNING] High memory usage detected (85%)
[2026-07-24 00:10:22] [INFO] User admin logged in from 192.168.1.100
[2026-07-24 00:10:25] [INFO] Cache hit for key user_profile_123
[2026-07-24 00:10:26] [WARNING] Deprecated API usage detected in legacy_module.py
[2026-07-24 00:10:28] [INFO] Connection established to message queue
[2026-07-24 00:10:29] [INFO] Connection established to message queue
[2026-07-24 00:10:32] [DEBUG] Fetching row 4021 from database
[2026-07-24 00:10:35] [INFO] Successfully processed background job #4912
[2026-07-24 00:10:36] [DEBUG] Initializing cache manager
[2026-07-24 00:10:40] [DEBUG] Initializing cache manager
[2026-07-24 00:10:45] [INFO] Connection established to message queue
[2026-07-24 00:10:49] [INFO] Cache hit for key user_profile_123
[2026-07-24 00:10:52] [INFO] User admin logged in from 192.168.1.100
[2026-07-24 00:10:55] [WARNING] High memory usage detected (85%)
[2026-07-24 00:11:00] [INFO] Connection established to message queue
[2026-07-24 00:11:03] [INFO] System started successfully
[2026-07-24 00:11:07] [INFO] User admin logged in from 192.168.1.100
[2026-07-24 00:11:09] [CRITICAL] Service crashed with exit code 137
[2026-07-24 00:11:13] [WARNING] Deprecated API usage detected in legacy_module.py
[2026-07-24 00:11:18] [WARNING] Deprecated API usage detected in legacy_module.py
[2026-07-24 00:11:21] [INFO] System started successfully
[2026-07-24 00:11:22] [INFO] Connection established to message queue
[2026-07-24 00:11:23] [INFO] System started successfully
[2026-07-24 00:11:23] [INFO] Connection established to message queue
[2026-07-24 00:11:28] [ERROR] NullPointerException in DataProcessor class
[2026-07-24 00:11:30] [INFO] Connection established to message queue
[2026-07-24 00:11:34] [INFO] Successfully processed background job #4912
[2026-07-24 00:11:37] [INFO] System started successfully
[2026-07-24 00:11:38] [DEBUG] Fetching row 4021 from database
[2026-07-24 00:11:38] [ERROR] Database connection failed: Connection refused
[2026-07-24 00:11:42] [WARNING] Rate limit approaching for IP 10.0.0.55
[2026-07-24 00:11:44] [INFO] User admin logged in from 192.168.1.100
[2026-07-24 00:11:46] [INFO] Handling user request for /api/v1/data
[2026-07-24 00:11:48] [INFO] Connection established to message queue
[2026-07-24 00:11:50] [INFO] Connection established to message queue
[2026-07-24 00:11:53] [INFO] Cache hit for key user_profile_123
[2026-07-24 00:11:54] [INFO] Handling user request for /api/v1/data
[2026-07-24 00:11:56] [INFO] User admin logged in from 192.168.1.100
[2026-07-24 00:11:57] [INFO] System started successfully
[2026-07-24 00:12:01] [INFO] User admin logged in from 192.168.1.100
[2026-07-24 00:12:05] [CRITICAL] Service crashed with exit code 137
[2026-07-24 00:12:05] [INFO] Successfully processed background job #4912
[2026-07-24 00:12:07] [INFO] User admin logged in from 192.168.1.100
[2026-07-24 00:12:10] [INFO] System started successfully
[2026-07-24 00:12:11] [INFO] Cache hit for key user_profile_123
[2026-07-24 00:12:12] [INFO] System started successfully
[2026-07-24 00:12:14] [DEBUG] Initializing cache manager
[2026-07-24 00:12:15] [INFO] User admin logged in from 192.168.1.100
[2026-07-24 00:12:18] [DEBUG] Fetching row 4021 from database
[2026-07-24 00:12:21] [INFO] Connection established to message queue
[2026-07-24 00:12:22] [INFO] Connection established to message queue
[2026-07-24 00:12:22] [INFO] Connection established to message queue
[2026-07-24 00:12:25] [INFO] Handling user request for /api/v1/data
[2026-07-24 00:12:25] [INFO] Successfully processed background job #4912
[2026-07-24 00:12:28] [INFO] Cache hit for key user_profile_123
[2026-07-24 00:12:28] [INFO] Cache hit for key user_profile_123
[2026-07-24 00:12:32] [INFO] Cache hit for key user_profile_123
[2026-07-24 00:12:35] [INFO] Connection established to message queue
[2026-07-24 00:12:37] [INFO] System started successfully
[2026-07-24 00:12:41] [INFO] Handling user request for /api/v1/data
[2026-07-24 00:12:42] [ERROR] Database connection failed: Connection refused
[2026-07-24 00:12:46] [INFO] Cache hit for key user_profile_123
[2026-07-24 00:12:51] [INFO] Successfully processed background job #4912
[2026-07-24 00:12:54] [ERROR] NullPointerException in DataProcessor class
[2026-07-24 00:12:57] [INFO] Cache hit for key user_profile_123
[2026-07-24 00:13:00] [INFO] Handling user request for /api/v1/data
[2026-07-24 00:13:02] [INFO] Connection established to message queue
[2026-07-24 00:13:02] [INFO] Handling user request for /api/v1/data
[2026-07-24 00:13:03] [WARNING] Deprecated API usage detected in legacy_module.py
[2026-07-24 00:13:07] [INFO] Successfully processed background job #4912
[2026-07-24 00:13:08] [INFO] Connection established to message queue
[2026-07-24 00:13:13] [INFO] Successfully processed background job #4912
[2026-07-24 00:13:16] [WARNING] Deprecated API usage detected in legacy_module.py
[2026-07-24 00:13:18] [INFO] Handling user request for /api/v1/data
[2026-07-24 00:13:20] [INFO] System started successfully
[2026-07-24 00:13:23] [INFO] User admin logged in from 192.168.1.100
[2026-07-24 00:13:25] [INFO] Connection established to message queue
[2026-07-24 00:13:28] [DEBUG] Session token refreshed
[2026-07-24 00:13:30] [INFO] Successfully processed background job #4912
[2026-07-24 00:13:34] [INFO] Connection established to message queue
[2026-07-24 00:13:35] [INFO] Cache hit for key user_profile_123
[2026-07-24 00:13:40] [INFO] System started successfully
[2026-07-24 00:13:40] [INFO] Handling user request for /api/v1/data
[2026-07-24 00:13:41] [INFO] System started successfully
[2026-07-24 00:13:45] [WARNING] High memory usage detected (85%)
[2026-07-24 00:13:50] [ERROR] MySQL Error: Deadlock found when trying to get lock
[2026-07-24 00:13:51] [INFO] Successfully processed background job #4912
[2026-07-24 00:13:52] [INFO] System started successfully
[2026-07-24 00:13:52] [INFO] System started successfully
[2026-07-24 00:13:55] [INFO] Handling user request for /api/v1/data
[2026-07-24 00:13:55] [INFO] Successfully processed background job #4912
[2026-07-24 00:13:57] [INFO] Handling user request for /api/v1/data
[2026-07-24 00:13:59] [INFO] Handling user request for /api/v1/data
[2026-07-24 00:14:03] [INFO] System started successfully
[2026-07-24 00:14:04] [ERROR] NullPointerException in DataProcessor class
[2026-07-24 00:14:08] [INFO] Successfully processed background job #4912
[2026-07-24 00:14:12] [INFO] Handling user request for /api/v1/data
[2026-07-24 00:14:14] [WARNING] Rate limit approaching for IP 10.0.0.55
[2026-07-24 00:14:18] [INFO] Cache hit for key user_profile_123
[2026-07-24 00:14:22] [INFO] Cache hit for key user_profile_123
[2026-07-24 00:14:23] [ERROR] Database connection failed: Connection refused
[2026-07-24 00:14:25] [INFO] Cache hit for key user_profile_123
[2026-07-24 00:14:29] [ERROR] NullPointerException in DataProcessor class
[2026-07-24 00:14:33] [DEBUG] Session token refreshed
[2026-07-24 00:14:33] [INFO] Successfully processed background job #4912
[2026-07-24 00:14:35] [DEBUG] Fetching row 4021 from database
[2026-07-24 00:14:37] [INFO] System started successfully
[2026-07-24 00:14:39] [INFO] Connection established to message queue
[2026-07-24 00:14:42] [DEBUG] Parsing JSON payload
[2026-07-24 00:14:47] [INFO] User admin logged in from 192.168.1.100
[2026-07-24 00:14:51] [INFO] System started successfully
[2026-07-24 00:14:51] [INFO] Successfully processed background job #4912
[2026-07-24 00:14:52] [DEBUG] Parsing JSON payload
[2026-07-24 00:14:57] [INFO] Cache hit for key user_profile_123
[2026-07-24 00:14:58] [INFO] User admin logged in from 192.168.1.100
[2026-07-24 00:15:02] [INFO] Cache hit for key user_profile_123
[2026-07-24 00:15:04] [INFO] Handling user request for /api/v1/data
[2026-07-24 00:15:07] [INFO] Cache hit for key user_profile_123
[2026-07-24 00:15:10] [WARNING] Deprecated API usage detected in legacy_module.py
[2026-07-24 00:15:12] [INFO] Cache hit for key user_profile_123
[2026-07-24 00:15:15] [INFO] Successfully processed background job #4912
[2026-07-24 00:15:19] [INFO] System started successfully
[2026-07-24 00:15:19] [INFO] System started successfully
[2026-07-24 00:15:20] [INFO] System started successfully
[2026-07-24 00:15:22] [INFO] Successfully processed background job #4912
[2026-07-24 00:15:27] [INFO] Cache hit for key user_profile_123
[2026-07-24 00:15:27] [INFO] System started successfully
[2026-07-24 00:15:32] [WARNING] Deprecated API usage detected in legacy_module.py
[2026-07-24 00:15:36] [INFO] Handling user request for /api/v1/data
[2026-07-24 00:15:36] [INFO] Connection established to message queue
[2026-07-24 00:15:36] [WARNING] Deprecated API usage detected in legacy_module.py
[2026-07-24 00:15:38] [INFO] Cache hit for key user_profile_123
[2026-07-24 00:15:43] [INFO] Handling user request for /api/v1/data
[2026-07-24 00:15:48] [INFO] User admin logged in from 192.168.1.100
[2026-07-24 00:15:49] [INFO] Successfully processed background job #4912
[2026-07-24 00:15:52] [INFO] User admin logged in from 192.168.1.100
[2026-07-24 00:15:55] [INFO] Cache hit for key user_profile_123
[2026-07-24 00:15:58] [DEBUG] Session token refreshed
[2026-07-24 00:15:59] [INFO] Connection established to message queue
[2026-07-24 00:16:01] [INFO] Connection established to message queue
[2026-07-24 00:16:04] [INFO] Successfully processed background job #4912
[2026-07-24 00:16:07] [INFO] User admin logged in from 192.168.1.100
[2026-07-24 00:16:09] [INFO] User admin logged in from 192.168.1.100
[2026-07-24 00:16:13] [INFO] System started successfully
[2026-07-24 00:16:13] [INFO] User admin logged in from 192.168.1.100
[2026-07-24 00:16:16] [INFO] Connection established to message queue
[2026-07-24 00:16:19] [INFO] Connection established to message queue
[2026-07-24 00:16:22] [INFO] Successfully processed background job #4912
[2026-07-24 00:16:24] [INFO] Connection established to message queue
[2026-07-24 00:16:26] [INFO] Handling user request for /api/v1/data
[2026-07-24 00:16:28] [INFO] Cache hit for key user_profile_123
[2026-07-24 00:16:28] [INFO] Successfully processed background job #4912
[2026-07-24 00:16:30] [DEBUG] Fetching row 4021 from database
[2026-07-24 00:16:34] [ERROR] NullPointerException in DataProcessor class
[2026-07-24 00:16:39] [INFO] Cache hit for key user_profile_123
[2026-07-24 00:16:40] [DEBUG] Initializing cache manager
[2026-07-24 00:16:40] [WARNING] High memory usage detected (85%)
[2026-07-24 00:16:45] [WARNING] Deprecated API usage detected in legacy_module.py
[2026-07-24 00:16:48] [INFO] Handling user request for /api/v1/data
[2026-07-24 00:16:49] [DEBUG] Fetching row 4021 from database
[2026-07-24 00:16:51] [INFO] System started successfully
[2026-07-24 00:16:55] [INFO] Connection established to message queue
[2026-07-24 00:16:58] [INFO] User admin logged in from 192.168.1.100
[2026-07-24 00:17:01] [INFO] Handling user request for /api/v1/data
[2026-07-24 00:17:05] [INFO] Cache hit for key user_profile_123
[2026-07-24 00:17:09] [INFO] User admin logged in from 192.168.1.100
[2026-07-24 00:17:11] [INFO] Handling user request for /api/v1/data
[2026-07-24 00:17:12] [INFO] System started successfully
[2026-07-24 00:17:14] [INFO] Connection established to message queue
[2026-07-24 00:17:15] [DEBUG] Parsing JSON payload
[2026-07-24 00:17:19] [INFO] Successfully processed background job #4912
[2026-07-24 00:17:21] [ERROR] Authentication failed for user guest
[2026-07-24 00:17:22] [DEBUG] Initializing cache manager
[2026-07-24 00:17:26] [DEBUG] Parsing JSON payload
[2026-07-24 00:17:28] [DEBUG] Session token refreshed
[2026-07-24 00:17:29] [ERROR] Database connection failed: Connection refused
[2026-07-24 00:17:31] [INFO] User admin logged in from 192.168.1.100
[2026-07-24 00:17:34] [INFO] Handling user request for /api/v1/data
[2026-07-24 00:17:37] [INFO] Cache hit for key user_profile_123
[2026-07-24 00:17:41] [INFO] Connection established to message queue
[2026-07-24 00:17:45] [DEBUG] Fetching row 4021 from database
[2026-07-24 00:17:45] [INFO] System started successfully
[2026-07-24 00:17:47] [INFO] Successfully processed background job #4912
[2026-07-24 00:17:48] [INFO] Cache hit for key user_profile_123
[2026-07-24 00:17:50] [INFO] Successfully processed background job #4912
[2026-07-24 00:17:54] [INFO] Cache hit for key user_profile_123
[2026-07-24 00:17:55] [INFO] Cache hit for key user_profile_123
[2026-07-24 00:17:57] [WARNING] Deprecated API usage detected in legacy_module.py
[2026-07-24 00:18:01] [INFO] Cache hit for key user_profile_123
[2026-07-24 00:18:06] [ERROR] MySQL Error: Deadlock found when trying to get lock
[2026-07-24 00:18:09] [DEBUG] Fetching row 4021 from database
[2026-07-24 00:18:13] [INFO] Successfully processed background job #4912
[2026-07-24 00:18:15] [ERROR] Database connection failed: Connection refused
[2026-07-24 00:18:16] [INFO] Connection established to message queue
[2026-07-24 00:18:18] [INFO] Connection established to message queue
[2026-07-24 00:18:20] [INFO] Successfully processed background job #4912
[2026-07-24 00:18:23] [INFO] Handling user request for /api/v1/data
[2026-07-24 00:18:27] [INFO] Successfully processed background job #4912
[2026-07-24 00:18:28] [INFO] Cache hit for key user_profile_123
[2026-07-24 00:18:30] [WARNING] Deprecated API usage detected in legacy_module.py
[2026-07-24 00:18:34] [INFO] Cache hit for key user_profile_123
[2026-07-24 00:18:35] [DEBUG] Parsing JSON payload
[2026-07-24 00:18:39] [INFO] System started successfully
[2026-07-24 00:18:40] [INFO] Handling user request for /api/v1/data
[2026-07-24 00:18:42] [INFO] Cache hit for key user_profile_123
[2026-07-24 00:18:42] [INFO] Connection established to message queue
[2026-07-24 00:18:46] [INFO] Successfully processed background job #4912
[2026-07-24 00:18:47] [INFO] Successfully processed background job #4912
[2026-07-24 00:18:51] [INFO] Connection established to message queue
[2026-07-24 00:18:54] [WARNING] Rate limit approaching for IP 10.0.0.55
[2026-07-24 00:18:57] [ERROR] Invalid password provided for account admin
[2026-07-24 00:18:58] [INFO] Successfully processed background job #4912
[2026-07-24 00:19:01] [INFO] Handling user request for /api/v1/data
[2026-07-24 00:19:04] [INFO] Cache hit for key user_profile_123
[2026-07-24 00:19:07] [INFO] Cache hit for key user_profile_123
[2026-07-24 00:19:10] [INFO] Handling user request for /api/v1/data
[2026-07-24 00:19:14] [ERROR] Database connection failed: Connection refused
[2026-07-24 00:19:18] [INFO] System started successfully
[2026-07-24 00:19:22] [WARNING] Deprecated API usage detected in legacy_module.py
[2026-07-24 00:19:23] [INFO] Successfully processed background job #4912
[2026-07-24 00:19:24] [INFO] Cache hit for key user_profile_123
[2026-07-24 00:19:27] [ERROR] Invalid password provided for account admin
[2026-07-24 00:19:30] [DEBUG] Session token refreshed
[2026-07-24 00:19:34] [DEBUG] Parsing JSON payload
[2026-07-24 00:19:36] [INFO] Cache hit for key user_profile_123
[2026-07-24 00:19:39] [INFO] User admin logged in from 192.168.1.100
[2026-07-24 00:19:44] [INFO] System started successfully
[2026-07-24 00:19:46] [INFO] Handling user request for /api/v1/data
[2026-07-24 00:19:50] [DEBUG] Fetching row 4021 from database
[2026-07-24 00:19:53] [WARNING] High memory usage detected (85%)
[2026-07-24 00:19:54] [INFO] Connection established to message queue
[2026-07-24 00:19:56] [DEBUG] Session token refreshed
[2026-07-24 00:20:01] [ERROR] Authentication failed for user guest
[2026-07-24 00:20:04] [INFO] User admin logged in from 192.168.1.100
[2026-07-24 00:20:05] [INFO] System started successfully
[2026-07-24 00:20:09] [WARNING] Deprecated API usage detected in legacy_module.py
[2026-07-24 00:20:10] [INFO] User admin logged in from 192.168.1.100
[2026-07-24 00:20:13] [INFO] Cache hit for key user_profile_123
[2026-07-24 00:20:16] [INFO] User admin logged in from 192.168.1.100
[2026-07-24 00:20:20] [INFO] User admin logged in from 192.168.1.100
[2026-07-24 00:20:23] [INFO] Cache hit for key user_profile_123
[2026-07-24 00:20:26] [INFO] Connection established to message queue
[2026-07-24 00:20:27] [INFO] User admin logged in from 192.168.1.100
[2026-07-24 00:20:28] [INFO] System started successfully
[2026-07-24 00:20:33] [INFO] System started successfully
[2026-07-24 00:20:33] [INFO] Connection established to message queue
[2026-07-24 00:20:35] [INFO] System started successfully
[2026-07-24 00:20:39] [INFO] System started successfully
[2026-07-24 00:20:40] [DEBUG] Parsing JSON payload
[2026-07-24 00:20:42] [DEBUG] Session token refreshed
[2026-07-24 00:20:45] [INFO] Handling user request for /api/v1/data
[2026-07-24 00:20:50] [INFO] System started successfully
[2026-07-24 00:20:53] [INFO] Successfully processed background job #4912
[2026-07-24 00:20:56] [INFO] Successfully processed background job #4912
[2026-07-24 00:20:59] [INFO] System started successfully
[2026-07-24 00:21:00] [INFO] Cache hit for key user_profile_123
[2026-07-24 00:21:01] [ERROR] Database connection failed: Connection refused
[2026-07-24 00:21:03] [INFO] Handling user request for /api/v1/data
[2026-07-24 00:21:05] [WARNING] Deprecated API usage detected in legacy_module.py
[2026-07-24 00:21:09] [INFO] Cache hit for key user_profile_123
[2026-07-24 00:21:13] [INFO] Connection established to message queue
[2026-07-24 00:21:15] [INFO] Successfully processed background job #4912
[2026-07-24 00:21:15] [INFO] System started successfully
[2026-07-24 00:21:20] [INFO] Handling user request for /api/v1/data
[2026-07-24 00:21:23] [INFO] User admin logged in from 192.168.1.100
[2026-07-24 00:21:25] [DEBUG] Session token refreshed
[2026-07-24 00:21:28] [DEBUG] Parsing JSON payload
[2026-07-24 00:21:31] [INFO] System started successfully
[2026-07-24 00:21:34] [INFO] Handling user request for /api/v1/data
[2026-07-24 00:21:35] [WARNING] Rate limit approaching for IP 10.0.0.55
[2026-07-24 00:21:35] [INFO] Successfully processed background job #4912
[2026-07-24 00:21:35] [INFO] System started successfully
[2026-07-24 00:21:38] [INFO] Handling user request for /api/v1/data
[2026-07-24 00:21:41] [INFO] System started successfully
[2026-07-24 00:21:42] [WARNING] Rate limit approaching for IP 10.0.0.55
[2026-07-24 00:21:47] [INFO] User admin logged in from 192.168.1.100
[2026-07-24 00:21:49] [DEBUG] Session token refreshed
[2026-07-24 00:21:49] [INFO] System started successfully
[2026-07-24 00:21:52] [INFO] Handling user request for /api/v1/data
[2026-07-24 00:21:55] [WARNING] High memory usage detected (85%)
[2026-07-24 00:22:00] [INFO] Cache hit for key user_profile_123
[2026-07-24 00:22:03] [INFO] User admin logged in from 192.168.1.100
[2026-07-24 00:22:07] [INFO] Cache hit for key user_profile_123
[2026-07-24 00:22:12] [INFO] Handling user request for /api/v1/data
[2026-07-24 00:22:17] [INFO] Successfully processed background job #4912
[2026-07-24 00:22:17] [ERROR] MySQL Error: Deadlock found when trying to get lock
[2026-07-24 00:22:18] [CRITICAL] Service crashed with exit code 137
[2026-07-24 00:22:18] [INFO] Connection established to message queue
[2026-07-24 00:22:23] [INFO] Cache hit for key user_profile_123
[2026-07-24 00:22:24] [INFO] Successfully processed background job #4912
[2026-07-24 00:22:27] [INFO] Handling user request for /api/v1/data
[2026-07-24 00:22:32] [INFO] Successfully processed background job #4912
[2026-07-24 00:22:33] [INFO] Successfully processed background job #4912
[2026-07-24 00:22:35] [INFO] Handling user request for /api/v1/data
[2026-07-24 00:22:39] [DEBUG] Fetching row 4021 from database
[2026-07-24 00:22:42] [INFO] System started successfully
[2026-07-24 00:22:43] [DEBUG] Fetching row 4021 from database
[2026-07-24 00:22:46] [INFO] Successfully processed background job #4912
[2026-07-24 00:22:47] [ERROR] Authentication failed for user guest
[2026-07-24 00:22:47] [INFO] Handling user request for /api/v1/data
[2026-07-24 00:22:50] [INFO] Connection established to message queue
[2026-07-24 00:22:51] [INFO] System started successfully
[2026-07-24 00:22:51] [INFO] Successfully processed background job #4912
[2026-07-24 00:22:53] [CRITICAL] Timeout while waiting for external service after 30000ms
[2026-07-24 00:22:54] [INFO] Cache hit for key user_profile_123
[2026-07-24 00:22:55] [WARNING] Rate limit approaching for IP 10.0.0.55
[2026-07-24 00:22:56] [INFO] Handling user request for /api/v1/data
[2026-07-24 00:23:00] [INFO] Connection established to message queue
[2026-07-24 00:23:01] [DEBUG] Parsing JSON payload
[2026-07-24 00:23:05] [DEBUG] Session token refreshed
[2026-07-24 00:23:07] [WARNING] Deprecated API usage detected in legacy_module.py
[2026-07-24 00:23:10] [INFO] Handling user request for /api/v1/data
[2026-07-24 00:23:12] [INFO] User admin logged in from 192.168.1.100
[2026-07-24 00:23:15] [WARNING] High memory usage detected (85%)
[2026-07-24 00:23:17] [DEBUG] Session token refreshed
[2026-07-24 00:23:22] [INFO] Successfully processed background job #4912
[2026-07-24 00:23:22] [INFO] Cache hit for key user_profile_123
[2026-07-24 00:23:26] [INFO] Handling user request for /api/v1/data
[2026-07-24 00:23:31] [INFO] User admin logged in from 192.168.1.100
[2026-07-24 00:23:34] [INFO] System started successfully
[2026-07-24 00:23:34] [INFO] Successfully processed background job #4912
[2026-07-24 00:23:35] [INFO] User admin logged in from 192.168.1.100
[2026-07-24 00:23:37] [INFO] Successfully processed background job #4912
[2026-07-24 00:23:39] [INFO] Handling user request for /api/v1/data
[2026-07-24 00:23:41] [DEBUG] Initializing cache manager
[2026-07-24 00:23:46] [DEBUG] Initializing cache manager
[2026-07-24 00:23:47] [INFO] Successfully processed background job #4912
[2026-07-24 00:23:47] [INFO] Successfully processed background job #4912
[2026-07-24 00:23:48] [INFO] Successfully processed background job #4912
[2026-07-24 00:23:52] [WARNING] Deprecated API usage detected in legacy_module.py
[2026-07-24 00:23:54] [WARNING] High memory usage detected (85%)
[2026-07-24 00:23:55] [INFO] Successfully processed background job #4912
[2026-07-24 00:23:59] [ERROR] Database connection failed: Connection refused
[2026-07-24 00:24:01] [WARNING] Rate limit approaching for IP 10.0.0.55
[2026-07-24 00:24:04] [DEBUG] Parsing JSON payload
[2026-07-24 00:24:08] [WARNING] Deprecated API usage detected in legacy_module.py
[2026-07-24 00:24:12] [WARNING] Rate limit approaching for IP 10.0.0.55
[2026-07-24 00:24:17] [ERROR] Database connection failed: Connection refused
[2026-07-24 00:24:21] [INFO] Connection established to message queue
[2026-07-24 00:24:24] [INFO] System started successfully
[2026-07-24 00:24:27] [CRITICAL] Timeout while waiting for external service after 30000ms
[2026-07-24 00:24:29] [INFO] User admin logged in from 192.168.1.100
[2026-07-24 00:24:32] [WARNING] Deprecated API usage detected in legacy_module.py
[2026-07-24 00:24:34] [INFO] Cache hit for key user_profile_123
[2026-07-24 00:24:36] [INFO] Successfully processed background job #4912
[2026-07-24 00:24:39] [DEBUG] Session token refreshed
[2026-07-24 00:24:40] [DEBUG] Fetching row 4021 from database
[2026-07-24 00:24:42] [ERROR] Authentication failed for user guest
[2026-07-24 00:24:43] [DEBUG] Session token refreshed
[2026-07-24 00:24:47] [INFO] User admin logged in from 192.168.1.100
[2026-07-24 00:24:52] [DEBUG] Initializing cache manager
[2026-07-24 00:24:54] [INFO] Cache hit for key user_profile_123
[2026-07-24 00:24:57] [INFO] Cache hit for key user_profile_123
[2026-07-24 00:25:01] [INFO] System started successfully
[2026-07-24 00:25:04] [INFO] Successfully processed background job #4912
[2026-07-24 00:25:07] [INFO] Connection established to message queue
[2026-07-24 00:25:08] [INFO] Successfully processed background job #4912
[2026-07-24 00:25:13] [INFO] Cache hit for key user_profile_123
[2026-07-24 00:25:13] [INFO] Cache hit for key user_profile_123
[2026-07-24 00:25:16] [DEBUG] Parsing JSON payload
[2026-07-24 00:25:17] [WARNING] Rate limit approaching for IP 10.0.0.55
[2026-07-24 00:25:21] [ERROR] NullPointerException in DataProcessor class
[2026-07-24 00:25:22] [INFO] Successfully processed background job #4912
[2026-07-24 00:25:25] [INFO] Connection established to message queue
[2026-07-24 00:25:28] [INFO] System started successfully
[2026-07-24 00:25:32] [INFO] Handling user request for /api/v1/data
[2026-07-24 00:25:33] [INFO] Successfully processed background job #4912
[2026-07-24 00:25:35] [INFO] Successfully processed background job #4912
[2026-07-24 00:25:38] [INFO] System started successfully
[2026-07-24 00:25:41] [INFO] User admin logged in from 192.168.1.100
[2026-07-24 00:25:44] [INFO] Successfully processed background job #4912
[2026-07-24 00:25:47] [INFO] Cache hit for key user_profile_123
[2026-07-24 00:25:50] [INFO] Handling user request for /api/v1/data
[2026-07-24 00:25:52] [INFO] Handling user request for /api/v1/data
[2026-07-24 00:25:56] [INFO] User admin logged in from 192.168.1.100
[2026-07-24 00:25:56] [INFO] User admin logged in from 192.168.1.100
[2026-07-24 00:25:59] [INFO] Handling user request for /api/v1/data
[2026-07-24 00:25:59] [INFO] User admin logged in from 192.168.1.100
[2026-07-24 00:26:04] [WARNING] Deprecated API usage detected in legacy_module.py
[2026-07-24 00:26:07] [DEBUG] Parsing JSON payload
[2026-07-24 00:26:09] [WARNING] High memory usage detected (85%)
[2026-07-24 00:26:13] [INFO] System started successfully
[2026-07-24 00:26:16] [INFO] System started successfully
[2026-07-24 00:26:18] [DEBUG] Fetching row 4021 from database
[2026-07-24 00:26:18] [DEBUG] Initializing cache manager
[2026-07-24 00:26:23] [INFO] Connection established to message queue
[2026-07-24 00:26:25] [INFO] Handling user request for /api/v1/data
[2026-07-24 00:26:28] [INFO] Cache hit for key user_profile_123
[2026-07-24 00:26:30] [DEBUG] Fetching row 4021 from database
[2026-07-24 00:26:33] [INFO] Cache hit for key user_profile_123
[2026-07-24 00:26:37] [INFO] Connection established to message queue
[2026-07-24 00:26:40] [WARNING] Deprecated API usage detected in legacy_module.py
[2026-07-24 00:26:45] [INFO] Handling user request for /api/v1/data
[2026-07-24 00:26:48] [INFO] Successfully processed background job #4912
[2026-07-24 00:26:52] [ERROR] MySQL Error: Deadlock found when trying to get lock
[2026-07-24 00:26:52] [INFO] System started successfully
[2026-07-24 00:26:56] [INFO] Cache hit for key user_profile_123
[2026-07-24 00:26:58] [INFO] System started successfully
[2026-07-24 00:26:59] [DEBUG] Initializing cache manager
[2026-07-24 00:27:00] [INFO] Handling user request for /api/v1/data
[2026-07-24 00:27:00] [INFO] Connection established to message queue
[2026-07-24 00:27:05] [WARNING] Rate limit approaching for IP 10.0.0.55
[2026-07-24 00:27:07] [ERROR] Authentication failed for user guest
[2026-07-24 00:27:10] [INFO] Connection established to message queue
[2026-07-24 00:27:12] [WARNING] Rate limit approaching for IP 10.0.0.55
[2026-07-24 00:27:14] [INFO] Cache hit for key user_profile_123
[2026-07-24 00:27:19] [INFO] User admin logged in from 192.168.1.100
[2026-07-24 00:27:21] [INFO] Handling user request for /api/v1/data
[2026-07-24 00:27:24] [INFO] Successfully processed background job #4912
[2026-07-24 00:27:26] [DEBUG] Fetching row 4021 from database
[2026-07-24 00:27:31] [DEBUG] Session token refreshed
[2026-07-24 00:27:32] [INFO] Cache hit for key user_profile_123
[2026-07-24 00:27:33] [DEBUG] Initializing cache manager
[2026-07-24 00:27:35] [INFO] Successfully processed background job #4912
[2026-07-24 00:27:36] [INFO] User admin logged in from 192.168.1.100
[2026-07-24 00:27:39] [INFO] User admin logged in from 192.168.1.100
[2026-07-24 00:27:41] [INFO] Cache hit for key user_profile_123
[2026-07-24 00:27:43] [INFO] Handling user request for /api/v1/data
[2026-07-24 00:27:46] [INFO] Handling user request for /api/v1/data
[2026-07-24 00:27:49] [INFO] Connection established to message queue
[2026-07-24 00:27:52] [WARNING] Rate limit approaching for IP 10.0.0.55
[2026-07-24 00:27:57] [INFO] Handling user request for /api/v1/data
[2026-07-24 00:27:59] [INFO] System started successfully
[2026-07-24 00:27:59] [INFO] Successfully processed background job #4912
[2026-07-24 00:28:04] [INFO] User admin logged in from 192.168.1.100
[2026-07-24 00:28:05] [DEBUG] Session token refreshed
[2026-07-24 00:28:10] [INFO] Connection established to message queue
[2026-07-24 00:28:13] [ERROR] Authentication failed for user guest
[2026-07-24 00:28:16] [WARNING] High memory usage detected (85%)
[2026-07-24 00:28:16] [INFO] Cache hit for key user_profile_123
[2026-07-24 00:28:20] [WARNING] High memory usage detected (85%)
[2026-07-24 00:28:24] [ERROR] Invalid password provided for account admin
[2026-07-24 00:28:25] [INFO] Cache hit for key user_profile_123
[2026-07-24 00:28:30] [DEBUG] Session token refreshed
[2026-07-24 00:28:30] [WARNING] Rate limit approaching for IP 10.0.0.55
[2026-07-24 00:28:32] [INFO] Successfully processed background job #4912
[2026-07-24 00:28:34] [DEBUG] Fetching row 4021 from database
[2026-07-24 00:28:35] [INFO] Handling user request for /api/v1/data
[2026-07-24 00:28:36] [INFO] Handling user request for /api/v1/data
[2026-07-24 00:28:38] [ERROR] Invalid password provided for account admin
[2026-07-24 00:28:42] [INFO] System started successfully
[2026-07-24 00:28:45] [INFO] System started successfully
[2026-07-24 00:28:46] [INFO] System started successfully
[2026-07-24 00:28:48] [WARNING] Deprecated API usage detected in legacy_module.py
[2026-07-24 00:28:49] [INFO] System started successfully
[2026-07-24 00:28:50] [INFO] System started successfully
[2026-07-24 00:28:52] [INFO] Handling user request for /api/v1/data
[2026-07-24 00:28:55] [INFO] Successfully processed background job #4912
[2026-07-24 00:28:55] [INFO] Connection established to message queue
[2026-07-24 00:28:56] [INFO] Connection established to message queue
[2026-07-24 00:28:59] [INFO] Handling user request for /api/v1/data
[2026-07-24 00:28:59] [INFO] Cache hit for key user_profile_123
[2026-07-24 00:29:01] [INFO] Cache hit for key user_profile_123
[2026-07-24 00:29:05] [INFO] System started successfully
[2026-07-24 00:29:07] [DEBUG] Parsing JSON payload
[2026-07-24 00:29:09] [INFO] System started successfully
[2026-07-24 00:29:09] [INFO] Connection established to message queue
[2026-07-24 00:29:12] [WARNING] High memory usage detected (85%)
[2026-07-24 00:29:14] [INFO] System started successfully
[2026-07-24 00:29:15] [WARNING] Deprecated API usage detected in legacy_module.py
[2026-07-24 00:29:17] [INFO] System started successfully
[2026-07-24 00:29:17] [INFO] Cache hit for key user_profile_123
[2026-07-24 00:29:21] [WARNING] Deprecated API usage detected in legacy_module.py
[2026-07-24 00:29:23] [INFO] Cache hit for key user_profile_123
[2026-07-24 00:29:26] [INFO] Cache hit for key user_profile_123
[2026-07-24 00:29:28] [INFO] Connection established to message queue
[2026-07-24 00:29:31] [ERROR] Database connection failed: Connection refused
[2026-07-24 00:29:35] [DEBUG] Session token refreshed
[2026-07-24 00:29:36] [DEBUG] Fetching row 4021 from database
[2026-07-24 00:29:39] [WARNING] Deprecated API usage detected in legacy_module.py
[2026-07-24 00:29:41] [DEBUG] Fetching row 4021 from database
[2026-07-24 00:29:41] [INFO] User admin logged in from 192.168.1.100
[2026-07-24 00:29:42] [INFO] User admin logged in from 192.168.1.100
[2026-07-24 00:29:44] [DEBUG] Session token refreshed
[2026-07-24 00:29:46] [INFO] Connection established to message queue
[2026-07-24 00:29:48] [DEBUG] Session token refreshed
[2026-07-24 00:29:49] [INFO] Cache hit for key user_profile_123
[2026-07-24 00:29:51] [INFO] System started successfully
[2026-07-24 00:29:55] [INFO] Successfully processed background job #4912
[2026-07-24 00:29:56] [INFO] Connection established to message queue
[2026-07-24 00:29:58] [ERROR] MySQL Error: Deadlock found when trying to get lock
[2026-07-24 00:30:01] [INFO] Cache hit for key user_profile_123
[2026-07-24 00:30:01] [INFO] Cache hit for key user_profile_123
[2026-07-24 00:30:06] [INFO] Cache hit for key user_profile_123
[2026-07-24 00:30:08] [INFO] User admin logged in from 192.168.1.100
[2026-07-24 00:30:10] [INFO] User admin logged in from 192.168.1.100
[2026-07-24 00:30:13] [WARNING] Deprecated API usage detected in legacy_module.py
[2026-07-24 00:30:18] [ERROR] MySQL Error: Deadlock found when trying to get lock
[2026-07-24 00:30:19] [INFO] User admin logged in from 192.168.1.100
[2026-07-24 00:30:22] [INFO] User admin logged in from 192.168.1.100
[2026-07-24 00:30:25] [INFO] Connection established to message queue
[2026-07-24 00:30:28] [DEBUG] Initializing cache manager
[2026-07-24 00:30:29] [INFO] Connection established to message queue
[2026-07-24 00:30:33] [ERROR] Invalid password provided for account admin
[2026-07-24 00:30:34] [INFO] Handling user request for /api/v1/data
[2026-07-24 00:30:36] [INFO] Successfully processed background job #4912
[2026-07-24 00:30:37] [INFO] Connection established to message queue
[2026-07-24 00:30:37] [INFO] Connection established to message queue
[2026-07-24 00:30:41] [INFO] System started successfully
[2026-07-24 00:30:42] [WARNING] High memory usage detected (85%)
[2026-07-24 00:30:42] [INFO] Successfully processed background job #4912
[2026-07-24 00:30:45] [DEBUG] Fetching row 4021 from database
[2026-07-24 00:30:47] [ERROR] Invalid password provided for account admin
[2026-07-24 00:30:49] [ERROR] Authentication failed for user guest
[2026-07-24 00:30:50] [INFO] System started successfully
[2026-07-24 00:30:50] [INFO] Successfully processed background job #4912
[2026-07-24 00:30:54] [DEBUG] Session token refreshed
[2026-07-24 00:30:58] [CRITICAL] Timeout while waiting for external service after 30000ms
[2026-07-24 00:31:02] [INFO] Connection established to message queue
[2026-07-24 00:31:03] [INFO] Handling user request for /api/v1/data
[2026-07-24 00:31:03] [INFO] Connection established to message queue
[2026-07-24 00:31:08] [WARNING] High memory usage detected (85%)
[2026-07-24 00:31:11] [DEBUG] Fetching row 4021 from database
[2026-07-24 00:31:12] [INFO] Handling user request for /api/v1/data
[2026-07-24 00:31:13] [DEBUG] Parsing JSON payload
[2026-07-24 00:31:16] [INFO] Connection established to message queue
[2026-07-24 00:31:19] [INFO] Cache hit for key user_profile_123
[2026-07-24 00:31:24] [DEBUG] Session token refreshed
[2026-07-24 00:31:25] [CRITICAL] Timeout while waiting for external service after 30000ms
[2026-07-24 00:31:29] [INFO] Connection established to message queue
[2026-07-24 00:31:32] [WARNING] High memory usage detected (85%)
[2026-07-24 00:31:34] [ERROR] MySQL Error: Deadlock found when trying to get lock
[2026-07-24 00:31:35] [INFO] User admin logged in from 192.168.1.100
[2026-07-24 00:31:36] [DEBUG] Fetching row 4021 from database
[2026-07-24 00:31:40] [WARNING] High memory usage detected (85%)
[2026-07-24 00:31:45] [INFO] User admin logged in from 192.168.1.100
[2026-07-24 00:31:47] [ERROR] MySQL Error: Deadlock found when trying to get lock
[2026-07-24 00:31:51] [WARNING] Deprecated API usage detected in legacy_module.py
[2026-07-24 00:31:54] [DEBUG] Parsing JSON payload
[2026-07-24 00:31:56] [INFO] Connection established to message queue
[2026-07-24 00:32:01] [INFO] System started successfully
[2026-07-24 00:32:01] [INFO] Handling user request for /api/v1/data
[2026-07-24 00:32:05] [INFO] Handling user request for /api/v1/data
[2026-07-24 00:32:09] [INFO] Connection established to message queue
[2026-07-24 00:32:10] [DEBUG] Initializing cache manager
[2026-07-24 00:32:12] [INFO] System started successfully
[2026-07-24 00:32:14] [DEBUG] Parsing JSON payload
[2026-07-24 00:32:14] [INFO] Handling user request for /api/v1/data
[2026-07-24 00:32:19] [INFO] Connection established to message queue
[2026-07-24 00:32:22] [INFO] System started successfully
[2026-07-24 00:32:26] [INFO] System started successfully
[2026-07-24 00:32:27] [DEBUG] Fetching row 4021 from database
[2026-07-24 00:32:29] [INFO] Cache hit for key user_profile_123
[2026-07-24 00:32:33] [INFO] System started successfully
[2026-07-24 00:32:35] [INFO] Handling user request for /api/v1/data
[2026-07-24 00:32:37] [INFO] Connection established to message queue
[2026-07-24 00:32:38] [WARNING] Rate limit approaching for IP 10.0.0.55
[2026-07-24 00:32:43] [WARNING] High memory usage detected (85%)
[2026-07-24 00:32:45] [INFO] Successfully processed background job #4912
[2026-07-24 00:32:47] [INFO] System started successfully
[2026-07-24 00:32:49] [DEBUG] Fetching row 4021 from database
[2026-07-24 00:32:51] [ERROR] Database connection failed: Connection refused
[2026-07-24 00:32:52] [INFO] Cache hit for key user_profile_123
[2026-07-24 00:32:52] [DEBUG] Initializing cache manager
[2026-07-24 00:32:52] [DEBUG] Session token refreshed
[2026-07-24 00:32:56] [INFO] Successfully processed background job #4912
[2026-07-24 00:33:00] [INFO] Handling user request for /api/v1/data
[2026-07-24 00:33:01] [INFO] Cache hit for key user_profile_123
[2026-07-24 00:33:03] [INFO] User admin logged in from 192.168.1.100
[2026-07-24 00:33:06] [INFO] Cache hit for key user_profile_123
[2026-07-24 00:33:10] [INFO] Cache hit for key user_profile_123
[2026-07-24 00:33:11] [INFO] Successfully processed background job #4912
[2026-07-24 00:33:15] [DEBUG] Session token refreshed
[2026-07-24 00:33:15] [INFO] User admin logged in from 192.168.1.100
[2026-07-24 00:33:16] [DEBUG] Fetching row 4021 from database
[2026-07-24 00:33:18] [ERROR] Database connection failed: Connection refused
[2026-07-24 00:33:21] [INFO] Handling user request for /api/v1/data
[2026-07-24 00:33:24] [INFO] User admin logged in from 192.168.1.100
[2026-07-24 00:33:28] [CRITICAL] Disk space exhausted on /var/log
[2026-07-24 00:33:31] [INFO] Handling user request for /api/v1/data
[2026-07-24 00:33:35] [INFO] Cache hit for key user_profile_123
[2026-07-24 00:33:35] [WARNING] Deprecated API usage detected in legacy_module.py
[2026-07-24 00:33:40] [INFO] User admin logged in from 192.168.1.100
[2026-07-24 00:33:40] [INFO] Handling user request for /api/v1/data
[2026-07-24 00:33:42] [INFO] System started successfully
[2026-07-24 00:33:47] [DEBUG] Parsing JSON payload
[2026-07-24 00:33:49] [WARNING] Rate limit approaching for IP 10.0.0.55
[2026-07-24 00:33:53] [INFO] Handling user request for /api/v1/data
[2026-07-24 00:33:55] [INFO] System started successfully
[2026-07-24 00:34:00] [INFO] Cache hit for key user_profile_123
[2026-07-24 00:34:00] [INFO] System started successfully
[2026-07-24 00:34:03] [ERROR] MySQL Error: Deadlock found when trying to get lock
[2026-07-24 00:34:03] [ERROR] Database connection failed: Connection refused
[2026-07-24 00:34:04] [INFO] Cache hit for key user_profile_123
[2026-07-24 00:34:06] [ERROR] NullPointerException in DataProcessor class
[2026-07-24 00:34:09] [DEBUG] Parsing JSON payload
[2026-07-24 00:34:09] [INFO] User admin logged in from 192.168.1.100
[2026-07-24 00:34:09] [INFO] Connection established to message queue
[2026-07-24 00:34:11] [ERROR] Invalid password provided for account admin
[2026-07-24 00:34:15] [WARNING] Deprecated API usage detected in legacy_module.py
[2026-07-24 00:34:17] [INFO] System started successfully
[2026-07-24 00:34:20] [INFO] Handling user request for /api/v1/data
[2026-07-24 00:34:24] [INFO] User admin logged in from 192.168.1.100
[2026-07-24 00:34:25] [INFO] Connection established to message queue
[2026-07-24 00:34:29] [INFO] Handling user request for /api/v1/data
[2026-07-24 00:34:32] [INFO] Handling user request for /api/v1/data
[2026-07-24 00:34:32] [INFO] Connection established to message queue
[2026-07-24 00:34:32] [INFO] Handling user request for /api/v1/data
[2026-07-24 00:34:33] [INFO] Cache hit for key user_profile_123
[2026-07-24 00:34:34] [DEBUG] Session token refreshed
[2026-07-24 00:34:35] [INFO] User admin logged in from 192.168.1.100
[2026-07-24 00:34:39] [INFO] Handling user request for /api/v1/data
[2026-07-24 00:34:41] [INFO] Cache hit for key user_profile_123
[2026-07-24 00:34:43] [INFO] Successfully processed background job #4912
[2026-07-24 00:34:45] [WARNING] Rate limit approaching for IP 10.0.0.55
[2026-07-24 00:34:45] [WARNING] Deprecated API usage detected in legacy_module.py
[2026-07-24 00:34:46] [WARNING] Rate limit approaching for IP 10.0.0.55
[2026-07-24 00:34:46] [INFO] System started successfully
[2026-07-24 00:34:46] [ERROR] MySQL Error: Deadlock found when trying to get lock
[2026-07-24 00:34:48] [INFO] Cache hit for key user_profile_123
[2026-07-24 00:34:52] [INFO] System started successfully
[2026-07-24 00:34:56] [INFO] Successfully processed background job #4912
[2026-07-24 00:34:58] [INFO] Successfully processed background job #4912
[2026-07-24 00:34:59] [INFO] Successfully processed background job #4912
[2026-07-24 00:35:02] [INFO] Handling user request for /api/v1/data
[2026-07-24 00:35:05] [DEBUG] Fetching row 4021 from database
[2026-07-24 00:35:05] [INFO] System started successfully
[2026-07-24 00:35:06] [INFO] System started successfully
[2026-07-24 00:35:11] [WARNING] High memory usage detected (85%)
[2026-07-24 00:35:12] [INFO] System started successfully
[2026-07-24 00:35:16] [INFO] Connection established to message queue
[2026-07-24 00:35:17] [INFO] Handling user request for /api/v1/data
[2026-07-24 00:35:21] [WARNING] Deprecated API usage detected in legacy_module.py
[2026-07-24 00:35:23] [INFO] User admin logged in from 192.168.1.100
[2026-07-24 00:35:24] [INFO] Cache hit for key user_profile_123
[2026-07-24 00:35:28] [INFO] Successfully processed background job #4912
[2026-07-24 00:35:32] [DEBUG] Initializing cache manager
[2026-07-24 00:35:36] [INFO] Handling user request for /api/v1/data
[2026-07-24 00:35:38] [INFO] Handling user request for /api/v1/data
[2026-07-24 00:35:40] [DEBUG] Parsing JSON payload
[2026-07-24 00:35:44] [WARNING] High memory usage detected (85%)
[2026-07-24 00:35:46] [INFO] User admin logged in from 192.168.1.100
[2026-07-24 00:35:51] [ERROR] NullPointerException in DataProcessor class
[2026-07-24 00:35:54] [WARNING] Deprecated API usage detected in legacy_module.py
[2026-07-24 00:35:54] [INFO] User admin logged in from 192.168.1.100
[2026-07-24 00:35:59] [INFO] User admin logged in from 192.168.1.100
[2026-07-24 00:36:02] [INFO] User admin logged in from 192.168.1.100
[2026-07-24 00:36:02] [DEBUG] Initializing cache manager
[2026-07-24 00:36:05] [DEBUG] Initializing cache manager
[2026-07-24 00:36:08] [ERROR] Database connection failed: Connection refused
[2026-07-24 00:36:13] [DEBUG] Parsing JSON payload
[2026-07-24 00:36:16] [INFO] Handling user request for /api/v1/data
[2026-07-24 00:36:18] [INFO] Connection established to message queue
[2026-07-24 00:36:20] [WARNING] Rate limit approaching for IP 10.0.0.55
[2026-07-24 00:36:20] [INFO] Handling user request for /api/v1/data
[2026-07-24 00:36:25] [INFO] Connection established to message queue
[2026-07-24 00:36:29] [DEBUG] Initializing cache manager
[2026-07-24 00:36:33] [WARNING] Deprecated API usage detected in legacy_module.py
[2026-07-24 00:36:34] [INFO] Connection established to message queue
[2026-07-24 00:36:35] [INFO] Cache hit for key user_profile_123
[2026-07-24 00:36:35] [ERROR] Authentication failed for user guest
[2026-07-24 00:36:36] [INFO] System started successfully
[2026-07-24 00:36:40] [INFO] System started successfully
[2026-07-24 00:36:44] [INFO] Handling user request for /api/v1/data
[2026-07-24 00:36:45] [DEBUG] Fetching row 4021 from database
[2026-07-24 00:36:47] [INFO] Connection established to message queue
[2026-07-24 00:36:49] [DEBUG] Parsing JSON payload
[2026-07-24 00:36:50] [INFO] Connection established to message queue
[2026-07-24 00:36:51] [INFO] Cache hit for key user_profile_123
[2026-07-24 00:36:55] [INFO] System started successfully
[2026-07-24 00:37:00] [INFO] System started successfully
[2026-07-24 00:37:03] [INFO] User admin logged in from 192.168.1.100
[2026-07-24 00:37:06] [INFO] Connection established to message queue
[2026-07-24 00:37:06] [DEBUG] Session token refreshed
[2026-07-24 00:37:09] [INFO] Handling user request for /api/v1/data
[2026-07-24 00:37:10] [ERROR] NullPointerException in DataProcessor class
[2026-07-24 00:37:13] [INFO] User admin logged in from 192.168.1.100
[2026-07-24 00:37:15] [INFO] Successfully processed background job #4912
[2026-07-24 00:37:17] [INFO] Cache hit for key user_profile_123
[2026-07-24 00:37:19] [WARNING] Deprecated API usage detected in legacy_module.py
[2026-07-24 00:37:20] [INFO] Cache hit for key user_profile_123
[2026-07-24 00:37:21] [INFO] Connection established to message queue
[2026-07-24 00:37:24] [INFO] Cache hit for key user_profile_123
[2026-07-24 00:37:25] [INFO] Cache hit for key user_profile_123
[2026-07-24 00:37:29] [INFO] Handling user request for /api/v1/data
[2026-07-24 00:37:31] [INFO] Cache hit for key user_profile_123
[2026-07-24 00:37:34] [INFO] Cache hit for key user_profile_123
[2026-07-24 00:37:37] [INFO] Handling user request for /api/v1/data
[2026-07-24 00:37:38] [ERROR] MySQL Error: Deadlock found when trying to get lock
[2026-07-24 00:37:41] [INFO] Connection established to message queue
[2026-07-24 00:37:45] [INFO] Handling user request for /api/v1/data
[2026-07-24 00:37:47] [INFO] User admin logged in from 192.168.1.100
[2026-07-24 00:37:51] [INFO] Cache hit for key user_profile_123
[2026-07-24 00:37:55] [DEBUG] Session token refreshed
[2026-07-24 00:37:56] [INFO] Cache hit for key user_profile_123
[2026-07-24 00:37:57] [INFO] Connection established to message queue
[2026-07-24 00:38:01] [INFO] Successfully processed background job #4912
[2026-07-24 00:38:04] [INFO] Successfully processed background job #4912
[2026-07-24 00:38:06] [INFO] System started successfully
[2026-07-24 00:38:10] [INFO] Cache hit for key user_profile_123
[2026-07-24 00:38:13] [WARNING] Deprecated API usage detected in legacy_module.py
[2026-07-24 00:38:18] [DEBUG] Fetching row 4021 from database
[2026-07-24 00:38:21] [INFO] Handling user request for /api/v1/data
[2026-07-24 00:38:22] [ERROR] Invalid password provided for account admin
[2026-07-24 00:38:23] [INFO] Handling user request for /api/v1/data
[2026-07-24 00:38:23] [DEBUG] Fetching row 4021 from database
[2026-07-24 00:38:25] [WARNING] Deprecated API usage detected in legacy_module.py
[2026-07-24 00:38:26] [INFO] Cache hit for key user_profile_123
[2026-07-24 00:38:27] [DEBUG] Initializing cache manager
[2026-07-24 00:38:30] [WARNING] High memory usage detected (85%)
[2026-07-24 00:38:32] [INFO] User admin logged in from 192.168.1.100
[2026-07-24 00:38:37] [INFO] System started successfully
[2026-07-24 00:38:41] [DEBUG] Fetching row 4021 from database
[2026-07-24 00:38:46] [INFO] Cache hit for key user_profile_123
[2026-07-24 00:38:50] [INFO] Successfully processed background job #4912
[2026-07-24 00:38:51] [INFO] System started successfully
[2026-07-24 00:38:51] [INFO] Successfully processed background job #4912
[2026-07-24 00:38:52] [INFO] Connection established to message queue
[2026-07-24 00:38:55] [DEBUG] Initializing cache manager
[2026-07-24 00:39:00] [INFO] Cache hit for key user_profile_123
[2026-07-24 00:39:00] [INFO] User admin logged in from 192.168.1.100
[2026-07-24 00:39:01] [INFO] Connection established to message queue
[2026-07-24 00:39:05] [INFO] User admin logged in from 192.168.1.100
[2026-07-24 00:39:07] [INFO] System started successfully
[2026-07-24 00:39:10] [INFO] Successfully processed background job #4912
[2026-07-24 00:39:14] [INFO] System started successfully
[2026-07-24 00:39:15] [INFO] Connection established to message queue
[2026-07-24 00:39:18] [INFO] Successfully processed background job #4912
[2026-07-24 00:39:20] [INFO] Successfully processed background job #4912
[2026-07-24 00:39:24] [INFO] User admin logged in from 192.168.1.100
[2026-07-24 00:39:24] [INFO] System started successfully
[2026-07-24 00:39:26] [INFO] Handling user request for /api/v1/data
[2026-07-24 00:39:30] [INFO] Connection established to message queue
[2026-07-24 00:39:31] [INFO] Successfully processed background job #4912
[2026-07-24 00:39:32] [WARNING] Rate limit approaching for IP 10.0.0.55
[2026-07-24 00:39:32] [INFO] System started successfully
[2026-07-24 00:39:33] [ERROR] MySQL Error: Deadlock found when trying to get lock
[2026-07-24 00:39:35] [INFO] Cache hit for key user_profile_123
[2026-07-24 00:39:38] [INFO] User admin logged in from 192.168.1.100
[2026-07-24 00:39:43] [DEBUG] Parsing JSON payload
[2026-07-24 00:39:44] [INFO] System started successfully
[2026-07-24 00:39:45] [DEBUG] Initializing cache manager
[2026-07-24 00:39:50] [INFO] Handling user request for /api/v1/data
[2026-07-24 00:39:54] [ERROR] MySQL Error: Deadlock found when trying to get lock
[2026-07-24 00:39:56] [INFO] Cache hit for key user_profile_123
[2026-07-24 00:39:59] [INFO] Handling user request for /api/v1/data
[2026-07-24 00:40:02] [INFO] System started successfully
[2026-07-24 00:40:03] [INFO] Successfully processed background job #4912
[2026-07-24 00:40:07] [INFO] Connection established to message queue
[2026-07-24 00:40:10] [INFO] Successfully processed background job #4912
[2026-07-24 00:40:10] [INFO] Connection established to message queue
[2026-07-24 00:40:12] [INFO] Connection established to message queue
[2026-07-24 00:40:14] [INFO] Cache hit for key user_profile_123
[2026-07-24 00:40:18] [INFO] Cache hit for key user_profile_123
[2026-07-24 00:40:19] [INFO] Handling user request for /api/v1/data
[2026-07-24 00:40:20] [INFO] User admin logged in from 192.168.1.100
[2026-07-24 00:40:25] [INFO] System started successfully
[2026-07-24 00:40:25] [INFO] Connection established to message queue
[2026-07-24 00:40:27] [DEBUG] Initializing cache manager
[2026-07-24 00:40:31] [INFO] Handling user request for /api/v1/data
[2026-07-24 00:40:35] [INFO] Connection established to message queue
[2026-07-24 00:40:36] [DEBUG] Initializing cache manager
[2026-07-24 00:40:40] [INFO] System started successfully
[2026-07-24 00:40:42] [INFO] Connection established to message queue
[2026-07-24 00:40:42] [INFO] System started successfully
[2026-07-24 00:40:43] [WARNING] Rate limit approaching for IP 10.0.0.55
[2026-07-24 00:40:44] [WARNING] Deprecated API usage detected in legacy_module.py
[2026-07-24 00:40:46] [INFO] User admin logged in from 192.168.1.100
[2026-07-24 00:40:48] [INFO] System started successfully
[2026-07-24 00:40:49] [INFO] Cache hit for key user_profile_123
[2026-07-24 00:40:52] [INFO] Connection established to message queue
[2026-07-24 00:40:56] [INFO] Connection established to message queue
[2026-07-24 00:40:58] [INFO] Handling user request for /api/v1/data
[2026-07-24 00:41:02] [DEBUG] Session token refreshed
[2026-07-24 00:41:03] [INFO] Connection established to message queue
[2026-07-24 00:41:06] [ERROR] Authentication failed for user guest
[2026-07-24 00:41:07] [ERROR] Database connection failed: Connection refused
[2026-07-24 00:41:11] [INFO] System started successfully
[2026-07-24 00:41:14] [WARNING] Deprecated API usage detected in legacy_module.py
[2026-07-24 00:41:17] [DEBUG] Initializing cache manager
[2026-07-24 00:41:20] [INFO] System started successfully
[2026-07-24 00:41:21] [INFO] Connection established to message queue
[2026-07-24 00:41:25] [INFO] System started successfully
[2026-07-24 00:41:25] [INFO] System started successfully
[2026-07-24 00:41:26] [INFO] System started successfully
[2026-07-24 00:41:27] [INFO] User admin logged in from 192.168.1.100
[2026-07-24 00:41:31] [INFO] Successfully processed background job #4912
[2026-07-24 00:41:33] [INFO] Cache hit for key user_profile_123
[2026-07-24 00:41:37] [INFO] Connection established to message queue
[2026-07-24 00:41:38] [INFO] Handling user request for /api/v1/data
[2026-07-24 00:41:41] [INFO] Connection established to message queue
[2026-07-24 00:41:43] [INFO] Connection established to message queue
[2026-07-24 00:41:44] [INFO] Cache hit for key user_profile_123
[2026-07-24 00:41:47] [INFO] User admin logged in from 192.168.1.100
[2026-07-24 00:41:47] [INFO] Cache hit for key user_profile_123
[2026-07-24 00:41:47] [INFO] User admin logged in from 192.168.1.100
[2026-07-24 00:41:48] [INFO] Handling user request for /api/v1/data
[2026-07-24 00:41:52] [INFO] Successfully processed background job #4912
[2026-07-24 00:41:55] [ERROR] Database connection failed: Connection refused
[2026-07-24 00:41:55] [INFO] System started successfully
[2026-07-24 00:41:55] [INFO] Connection established to message queue
[2026-07-24 00:41:58] [INFO] Connection established to message queue
[2026-07-24 00:41:58] [INFO] Connection established to message queue
[2026-07-24 00:42:03] [DEBUG] Initializing cache manager
[2026-07-24 00:42:04] [INFO] Handling user request for /api/v1/data
[2026-07-24 00:42:08] [INFO] Handling user request for /api/v1/data
[2026-07-24 00:42:08] [DEBUG] Session token refreshed
[2026-07-24 00:42:11] [ERROR] MySQL Error: Deadlock found when trying to get lock
[2026-07-24 00:42:13] [INFO] System started successfully
[2026-07-24 00:42:13] [INFO] Connection established to message queue
[2026-07-24 00:42:17] [INFO] System started successfully
[2026-07-24 00:42:17] [DEBUG] Parsing JSON payload
[2026-07-24 00:42:17] [INFO] System started successfully
[2026-07-24 00:42:20] [INFO] Handling user request for /api/v1/data
[2026-07-24 00:42:21] [INFO] Connection established to message queue
[2026-07-24 00:42:22] [INFO] Cache hit for key user_profile_123
[2026-07-24 00:42:25] [DEBUG] Parsing JSON payload
[2026-07-24 00:42:28] [INFO] Successfully processed background job #4912
[2026-07-24 00:42:32] [INFO] System started successfully
[2026-07-24 00:42:35] [INFO] Successfully processed background job #4912
[2026-07-24 00:42:38] [DEBUG] Session token refreshed
[2026-07-24 00:42:40] [ERROR] Database connection failed: Connection refused
[2026-07-24 00:42:45] [INFO] Successfully processed background job #4912
[2026-07-24 00:42:50] [WARNING] Deprecated API usage detected in legacy_module.py
[2026-07-24 00:42:50] [DEBUG] Parsing JSON payload
[2026-07-24 00:42:54] [INFO] Cache hit for key user_profile_123
[2026-07-24 00:42:57] [INFO] System started successfully
[2026-07-24 00:43:02] [INFO] System started successfully
[2026-07-24 00:43:06] [INFO] System started successfully
[2026-07-24 00:43:10] [ERROR] Authentication failed for user guest
[2026-07-24 00:43:13] [INFO] Cache hit for key user_profile_123
[2026-07-24 00:43:16] [INFO] Successfully processed background job #4912
[2026-07-24 00:43:18] [INFO] System started successfully
[2026-07-24 00:43:21] [ERROR] Invalid password provided for account admin
[2026-07-24 00:43:22] [INFO] Connection established to message queue
[2026-07-24 00:43:25] [DEBUG] Initializing cache manager
[2026-07-24 00:43:26] [INFO] System started successfully
[2026-07-24 00:43:31] [INFO] Successfully processed background job #4912
[2026-07-24 00:43:31] [INFO] Cache hit for key user_profile_123
[2026-07-24 00:43:35] [INFO] Cache hit for key user_profile_123
[2026-07-24 00:43:40] [INFO] Connection established to message queue
[2026-07-24 00:43:43] [INFO] Handling user request for /api/v1/data
[2026-07-24 00:43:48] [INFO] Handling user request for /api/v1/data
[2026-07-24 00:43:51] [INFO] Cache hit for key user_profile_123
[2026-07-24 00:43:55] [INFO] Cache hit for key user_profile_123
[2026-07-24 00:43:59] [INFO] Connection established to message queue
[2026-07-24 00:44:00] [DEBUG] Parsing JSON payload
[2026-07-24 00:44:05] [INFO] Connection established to message queue
[2026-07-24 00:44:07] [INFO] Connection established to message queue
[2026-07-24 00:44:07] [INFO] Cache hit for key user_profile_123
[2026-07-24 00:44:11] [INFO] User admin logged in from 192.168.1.100
[2026-07-24 00:44:13] [INFO] Handling user request for /api/v1/data
[2026-07-24 00:44:17] [INFO] Successfully processed background job #4912
[2026-07-24 00:44:21] [INFO] Handling user request for /api/v1/data
[2026-07-24 00:44:23] [INFO] Cache hit for key user_profile_123
[2026-07-24 00:44:24] [INFO] Cache hit for key user_profile_123
[2026-07-24 00:44:27] [INFO] Handling user request for /api/v1/data
[2026-07-24 00:44:30] [INFO] Connection established to message queue
[2026-07-24 00:44:31] [DEBUG] Fetching row 4021 from database
[2026-07-24 00:44:34] [INFO] User admin logged in from 192.168.1.100
[2026-07-24 00:44:37] [INFO] User admin logged in from 192.168.1.100
[2026-07-24 00:44:39] [DEBUG] Initializing cache manager
[2026-07-24 00:44:39] [INFO] Connection established to message queue
[2026-07-24 00:44:40] [ERROR] MySQL Error: Deadlock found when trying to get lock
[2026-07-24 00:44:42] [INFO] Cache hit for key user_profile_123
[2026-07-24 00:44:44] [INFO] Cache hit for key user_profile_123
[2026-07-24 00:44:47] [WARNING] High memory usage detected (85%)
[2026-07-24 00:44:49] [ERROR] NullPointerException in DataProcessor class
[2026-07-24 00:44:53] [INFO] Cache hit for key user_profile_123
[2026-07-24 00:44:53] [INFO] User admin logged in from 192.168.1.100
[2026-07-24 00:44:58] [INFO] Connection established to message queue
[2026-07-24 00:44:59] [INFO] System started successfully
[2026-07-24 00:45:00] [INFO] User admin logged in from 192.168.1.100
[2026-07-24 00:45:02] [INFO] User admin logged in from 192.168.1.100
[2026-07-24 00:45:04] [ERROR] MySQL Error: Deadlock found when trying to get lock
[2026-07-24 00:45:07] [WARNING] High memory usage detected (85%)
[2026-07-24 00:45:11] [INFO] User admin logged in from 192.168.1.100
[2026-07-24 00:45:15] [INFO] Connection established to message queue
[2026-07-24 00:45:16] [DEBUG] Parsing JSON payload
[2026-07-24 00:45:18] [INFO] Successfully processed background job #4912
[2026-07-24 00:45:22] [INFO] Successfully processed background job #4912
[2026-07-24 00:45:24] [INFO] User admin logged in from 192.168.1.100
[2026-07-24 00:45:27] [WARNING] High memory usage detected (85%)
[2026-07-24 00:45:30] [DEBUG] Parsing JSON payload
[2026-07-24 00:45:30] [WARNING] Deprecated API usage detected in legacy_module.py
[2026-07-24 00:45:31] [INFO] User admin logged in from 192.168.1.100
[2026-07-24 00:45:31] [ERROR] Authentication failed for user guest
[2026-07-24 00:45:34] [INFO] System started successfully
[2026-07-24 00:45:36] [INFO] User admin logged in from 192.168.1.100
[2026-07-24 00:45:39] [ERROR] Authentication failed for user guest
[2026-07-24 00:45:43] [INFO] System started successfully
[2026-07-24 00:45:46] [INFO] Connection established to message queue
[2026-07-24 00:45:49] [DEBUG] Session token refreshed
[2026-07-24 00:45:52] [INFO] Connection established to message queue
[2026-07-24 00:45:53] [INFO] Handling user request for /api/v1/data
[2026-07-24 00:45:57] [DEBUG] Session token refreshed
[2026-07-24 00:45:58] [INFO] Cache hit for key user_profile_123
[2026-07-24 00:45:59] [INFO] Handling user request for /api/v1/data
[2026-07-24 00:45:59] [ERROR] Authentication failed for user guest
[2026-07-24 00:46:01] [INFO] Successfully processed background job #4912
[2026-07-24 00:46:03] [INFO] Cache hit for key user_profile_123
[2026-07-24 00:46:06] [INFO] Handling user request for /api/v1/data
[2026-07-24 00:46:09] [INFO] Handling user request for /api/v1/data
[2026-07-24 00:46:13] [DEBUG] Fetching row 4021 from database
[2026-07-24 00:46:17] [INFO] User admin logged in from 192.168.1.100
[2026-07-24 00:46:17] [INFO] Handling user request for /api/v1/data
[2026-07-24 00:46:17] [INFO] Cache hit for key user_profile_123
[2026-07-24 00:46:20] [INFO] Handling user request for /api/v1/data
[2026-07-24 00:46:21] [INFO] Successfully processed background job #4912
[2026-07-24 00:46:26] [INFO] Cache hit for key user_profile_123
[2026-07-24 00:46:26] [INFO] Successfully processed background job #4912
[2026-07-24 00:46:30] [INFO] Successfully processed background job #4912
[2026-07-24 00:46:31] [INFO] Cache hit for key user_profile_123
[2026-07-24 00:46:33] [INFO] Connection established to message queue
[2026-07-24 00:46:34] [INFO] Connection established to message queue
[2026-07-24 00:46:37] [INFO] Successfully processed background job #4912
[2026-07-24 00:46:40] [INFO] Successfully processed background job #4912
[2026-07-24 00:46:44] [INFO] User admin logged in from 192.168.1.100
[2026-07-24 00:46:49] [INFO] Connection established to message queue
[2026-07-24 00:46:54] [INFO] User admin logged in from 192.168.1.100
[2026-07-24 00:46:55] [INFO] Successfully processed background job #4912
[2026-07-24 00:46:57] [INFO] Cache hit for key user_profile_123
[2026-07-24 00:46:58] [INFO] User admin logged in from 192.168.1.100
[2026-07-24 00:47:02] [INFO] Handling user request for /api/v1/data
[2026-07-24 00:47:02] [ERROR] Authentication failed for user guest
[2026-07-24 00:47:03] [INFO] Successfully processed background job #4912
[2026-07-24 00:47:06] [DEBUG] Initializing cache manager
[2026-07-24 00:47:10] [ERROR] NullPointerException in DataProcessor class
[2026-07-24 00:47:10] [INFO] Successfully processed background job #4912
[2026-07-24 00:47:13] [DEBUG] Fetching row 4021 from database
[2026-07-24 00:47:18] [INFO] Connection established to message queue
[2026-07-24 00:47:23] [INFO] Cache hit for key user_profile_123
[2026-07-24 00:47:23] [INFO] Connection established to message queue
[2026-07-24 00:47:24] [INFO] System started successfully
[2026-07-24 00:47:25] [DEBUG] Initializing cache manager
[2026-07-24 00:47:26] [INFO] Handling user request for /api/v1/data
[2026-07-24 00:47:28] [ERROR] Invalid password provided for account admin
[2026-07-24 00:47:29] [INFO] Successfully processed background job #4912
[2026-07-24 00:47:32] [ERROR] Invalid password provided for account admin
[2026-07-24 00:47:32] [WARNING] Rate limit approaching for IP 10.0.0.55
[2026-07-24 00:47:33] [DEBUG] Parsing JSON payload
[2026-07-24 00:47:36] [WARNING] High memory usage detected (85%)
[2026-07-24 00:47:39] [INFO] Connection established to message queue
[2026-07-24 00:47:43] [INFO] Successfully processed background job #4912
[2026-07-24 00:47:46] [INFO] Connection established to message queue
[2026-07-24 00:47:48] [DEBUG] Parsing JSON payload
[2026-07-24 00:47:51] [INFO] Successfully processed background job #4912
[2026-07-24 00:47:55] [ERROR] Authentication failed for user guest
[2026-07-24 00:47:59] [INFO] User admin logged in from 192.168.1.100
[2026-07-24 00:48:02] [INFO] Successfully processed background job #4912
[2026-07-24 00:48:03] [INFO] Handling user request for /api/v1/data
[2026-07-24 00:48:08] [INFO] Cache hit for key user_profile_123
[2026-07-24 00:48:12] [INFO] Cache hit for key user_profile_123
[2026-07-24 00:48:13] [INFO] Cache hit for key user_profile_123
[2026-07-24 00:48:18] [INFO] System started successfully
[2026-07-24 00:48:22] [INFO] Connection established to message queue
[2026-07-24 00:48:23] [WARNING] Rate limit approaching for IP 10.0.0.55
[2026-07-24 00:48:26] [ERROR] Invalid password provided for account admin
[2026-07-24 00:48:27] [CRITICAL] Service crashed with exit code 137
[2026-07-24 00:48:30] [DEBUG] Fetching row 4021 from database
[2026-07-24 00:48:30] [INFO] Cache hit for key user_profile_123
[2026-07-24 00:48:33] [WARNING] High memory usage detected (85%)
[2026-07-24 00:48:35] [INFO] System started successfully
[2026-07-24 00:48:40] [CRITICAL] Disk space exhausted on /var/log
[2026-07-24 00:48:41] [INFO] Connection established to message queue
[2026-07-24 00:48:43] [INFO] Cache hit for key user_profile_123
[2026-07-24 00:48:46] [INFO] Successfully processed background job #4912
[2026-07-24 00:48:47] [INFO] Cache hit for key user_profile_123
[2026-07-24 00:48:49] [WARNING] High memory usage detected (85%)
[2026-07-24 00:48:53] [DEBUG] Session token refreshed
[2026-07-24 00:48:55] [DEBUG] Session token refreshed
[2026-07-24 00:49:00] [INFO] Successfully processed background job #4912
[2026-07-24 00:49:01] [INFO] Cache hit for key user_profile_123
[2026-07-24 00:49:05] [INFO] Successfully processed background job #4912
[2026-07-24 00:49:09] [DEBUG] Fetching row 4021 from database
[2026-07-24 00:49:13] [INFO] Successfully processed background job #4912
[2026-07-24 00:49:14] [WARNING] Deprecated API usage detected in legacy_module.py
[2026-07-24 00:49:14] [INFO] Handling user request for /api/v1/data
[2026-07-24 00:49:18] [INFO] System started successfully
[2026-07-24 00:49:22] [INFO] Cache hit for key user_profile_123
[2026-07-24 00:49:24] [INFO] User admin logged in from 192.168.1.100
[2026-07-24 00:49:27] [ERROR] Database connection failed: Connection refused
[2026-07-24 00:49:28] [INFO] System started successfully
[2026-07-24 00:49:29] [DEBUG] Session token refreshed
[2026-07-24 00:49:30] [INFO] Successfully processed background job #4912
[2026-07-24 00:49:33] [INFO] System started successfully
[2026-07-24 00:49:34] [INFO] Connection established to message queue
[2026-07-24 00:49:34] [INFO] Cache hit for key user_profile_123
[2026-07-24 00:49:36] [INFO] Cache hit for key user_profile_123
[2026-07-24 00:49:37] [INFO] User admin logged in from 192.168.1.100
[2026-07-24 00:49:40] [INFO] System started successfully
[2026-07-24 00:49:44] [INFO] User admin logged in from 192.168.1.100
[2026-07-24 00:49:45] [ERROR] Authentication failed for user guest
[2026-07-24 00:49:49] [INFO] Successfully processed background job #4912
[2026-07-24 00:49:53] [WARNING] High memory usage detected (85%)
[2026-07-24 00:49:54] [INFO] System started successfully
[2026-07-24 00:49:56] [WARNING] Rate limit approaching for IP 10.0.0.55
[2026-07-24 00:49:58] [INFO] Connection established to message queue
[2026-07-24 00:49:59] [INFO] User admin logged in from 192.168.1.100
[2026-07-24 00:50:03] [INFO] Handling user request for /api/v1/data
[2026-07-24 00:50:07] [INFO] Connection established to message queue
[2026-07-24 00:50:07] [INFO] System started successfully
[2026-07-24 00:50:09] [INFO] Connection established to message queue
[2026-07-24 00:50:11] [ERROR] MySQL Error: Deadlock found when trying to get lock
[2026-07-24 00:50:11] [INFO] System started successfully
[2026-07-24 00:50:12] [INFO] System started successfully
[2026-07-24 00:50:16] [INFO] Successfully processed background job #4912
[2026-07-24 00:50:19] [INFO] Handling user request for /api/v1/data
[2026-07-24 00:50:20] [INFO] Cache hit for key user_profile_123
[2026-07-24 00:50:24] [WARNING] Rate limit approaching for IP 10.0.0.55
[2026-07-24 00:50:24] [DEBUG] Session token refreshed
[2026-07-24 00:50:28] [INFO] User admin logged in from 192.168.1.100
[2026-07-24 00:50:32] [INFO] Successfully processed background job #4912
[2026-07-24 00:50:36] [INFO] System started successfully
[2026-07-24 00:50:40] [INFO] User admin logged in from 192.168.1.100
[2026-07-24 00:50:41] [INFO] System started successfully
[2026-07-24 00:50:45] [CRITICAL] Disk space exhausted on /var/log
[2026-07-24 00:50:50] [DEBUG] Fetching row 4021 from database
[2026-07-24 00:50:51] [INFO] Handling user request for /api/v1/data
[2026-07-24 00:50:53] [INFO] Handling user request for /api/v1/data
[2026-07-24 00:50:57] [INFO] Connection established to message queue
[2026-07-24 00:50:57] [INFO] Connection established to message queue
[2026-07-24 00:50:59] [INFO] User admin logged in from 192.168.1.100
[2026-07-24 00:51:01] [INFO] Connection established to message queue
[2026-07-24 00:51:03] [INFO] User admin logged in from 192.168.1.100
[2026-07-24 00:51:07] [INFO] Successfully processed background job #4912
[2026-07-24 00:51:11] [INFO] Successfully processed background job #4912
[2026-07-24 00:51:15] [INFO] Handling user request for /api/v1/data
[2026-07-24 00:51:19] [INFO] Connection established to message queue
[2026-07-24 00:51:20] [DEBUG] Fetching row 4021 from database
[2026-07-24 00:51:22] [INFO] User admin logged in from 192.168.1.100
[2026-07-24 00:51:27] [INFO] Handling user request for /api/v1/data
[2026-07-24 00:51:31] [INFO] Connection established to message queue
[2026-07-24 00:51:32] [WARNING] High memory usage detected (85%)
[2026-07-24 00:51:34] [INFO] System started successfully
[2026-07-24 00:51:36] [INFO] Cache hit for key user_profile_123
[2026-07-24 00:51:39] [ERROR] MySQL Error: Deadlock found when trying to get lock
[2026-07-24 00:51:42] [INFO] Handling user request for /api/v1/data
[2026-07-24 00:51:45] [INFO] Successfully processed background job #4912
[2026-07-24 00:51:47] [INFO] Successfully processed background job #4912
[2026-07-24 00:51:51] [INFO] System started successfully
[2026-07-24 00:51:54] [DEBUG] Session token refreshed
[2026-07-24 00:51:55] [INFO] Successfully processed background job #4912
[2026-07-24 00:51:57] [DEBUG] Initializing cache manager
[2026-07-24 00:51:58] [DEBUG] Fetching row 4021 from database
[2026-07-24 00:52:02] [INFO] Cache hit for key user_profile_123
[2026-07-24 00:52:05] [INFO] User admin logged in from 192.168.1.100
[2026-07-24 00:52:07] [INFO] Cache hit for key user_profile_123
[2026-07-24 00:52:11] [INFO] Successfully processed background job #4912
[2026-07-24 00:52:12] [INFO] User admin logged in from 192.168.1.100
[2026-07-24 00:52:14] [INFO] Cache hit for key user_profile_123
[2026-07-24 00:52:18] [DEBUG] Parsing JSON payload
[2026-07-24 00:52:22] [INFO] System started successfully
[2026-07-24 00:52:26] [INFO] Handling user request for /api/v1/data
[2026-07-24 00:52:26] [INFO] Successfully processed background job #4912
[2026-07-24 00:52:31] [INFO] System started successfully
[2026-07-24 00:52:33] [INFO] Successfully processed background job #4912
[2026-07-24 00:52:35] [INFO] Handling user request for /api/v1/data
[2026-07-24 00:52:36] [ERROR] MySQL Error: Deadlock found when trying to get lock
[2026-07-24 00:52:41] [INFO] System started successfully
[2026-07-24 00:52:44] [INFO] Successfully processed background job #4912
[2026-07-24 00:52:44] [INFO] User admin logged in from 192.168.1.100
[2026-07-24 00:52:48] [DEBUG] Parsing JSON payload
[2026-07-24 00:52:52] [INFO] User admin logged in from 192.168.1.100
[2026-07-24 00:52:57] [DEBUG] Initializing cache manager
[2026-07-24 00:53:01] [INFO] Successfully processed background job #4912
[2026-07-24 00:53:01] [INFO] Cache hit for key user_profile_123
[2026-07-24 00:53:04] [INFO] Connection established to message queue
[2026-07-24 00:53:08] [INFO] Cache hit for key user_profile_123
[2026-07-24 00:53:11] [INFO] User admin logged in from 192.168.1.100
[2026-07-24 00:53:15] [INFO] Successfully processed background job #4912
[2026-07-24 00:53:16] [INFO] System started successfully
[2026-07-24 00:53:21] [INFO] Cache hit for key user_profile_123
[2026-07-24 00:53:24] [INFO] Cache hit for key user_profile_123
[2026-07-24 00:53:25] [DEBUG] Parsing JSON payload
[2026-07-24 00:53:30] [ERROR] MySQL Error: Deadlock found when trying to get lock
[2026-07-24 00:53:33] [INFO] Cache hit for key user_profile_123
[2026-07-24 00:53:37] [INFO] System started successfully
[2026-07-24 00:53:41] [INFO] Successfully processed background job #4912
[2026-07-24 00:53:45] [ERROR] NullPointerException in DataProcessor class
[2026-07-24 00:53:48] [DEBUG] Initializing cache manager
[2026-07-24 00:53:50] [WARNING] High memory usage detected (85%)
[2026-07-24 00:53:53] [INFO] Cache hit for key user_profile_123
[2026-07-24 00:53:58] [INFO] User admin logged in from 192.168.1.100
[2026-07-24 00:53:59] [INFO] Handling user request for /api/v1/data
[2026-07-24 00:53:59] [INFO] Successfully processed background job #4912
[2026-07-24 00:54:01] [INFO] Handling user request for /api/v1/data
[2026-07-24 00:54:02] [INFO] Cache hit for key user_profile_123
[2026-07-24 00:54:04] [INFO] User admin logged in from 192.168.1.100
[2026-07-24 00:54:08] [WARNING] Rate limit approaching for IP 10.0.0.55
[2026-07-24 00:54:11] [INFO] User admin logged in from 192.168.1.100
[2026-07-24 00:54:12] [INFO] Handling user request for /api/v1/data
[2026-07-24 00:54:15] [INFO] Connection established to message queue
[2026-07-24 00:54:16] [WARNING] High memory usage detected (85%)
[2026-07-24 00:54:19] [INFO] Connection established to message queue
[2026-07-24 00:54:19] [INFO] Connection established to message queue
[2026-07-24 00:54:23] [INFO] Cache hit for key user_profile_123
[2026-07-24 00:54:27] [WARNING] High memory usage detected (85%)
[2026-07-24 00:54:30] [INFO] Cache hit for key user_profile_123
[2026-07-24 00:54:33] [DEBUG] Parsing JSON payload
[2026-07-24 00:54:38] [INFO] Successfully processed background job #4912
[2026-07-24 00:54:42] [INFO] Connection established to message queue
[2026-07-24 00:54:42] [INFO] User admin logged in from 192.168.1.100
[2026-07-24 00:54:44] [DEBUG] Parsing JSON payload
[2026-07-24 00:54:46] [INFO] Successfully processed background job #4912
[2026-07-24 00:54:50] [WARNING] High memory usage detected (85%)
[2026-07-24 00:54:54] [ERROR] Database connection failed: Connection refused
[2026-07-24 00:54:56] [ERROR] MySQL Error: Deadlock found when trying to get lock
[2026-07-24 00:54:56] [INFO] Successfully processed background job #4912
[2026-07-24 00:54:58] [INFO] System started successfully
[2026-07-24 00:55:03] [INFO] User admin logged in from 192.168.1.100
[2026-07-24 00:55:05] [INFO] Cache hit for key user_profile_123
[2026-07-24 00:55:07] [INFO] User admin logged in from 192.168.1.100
[2026-07-24 00:55:09] [DEBUG] Initializing cache manager
[2026-07-24 00:55:13] [INFO] Successfully processed background job #4912
[2026-07-24 00:55:14] [INFO] Handling user request for /api/v1/data
[2026-07-24 00:55:19] [INFO] System started successfully
[2026-07-24 00:55:23] [INFO] User admin logged in from 192.168.1.100
[2026-07-24 00:55:26] [DEBUG] Fetching row 4021 from database
[2026-07-24 00:55:27] [INFO] Successfully processed background job #4912
[2026-07-24 00:55:27] [INFO] System started successfully
[2026-07-24 00:55:28] [DEBUG] Fetching row 4021 from database
[2026-07-24 00:55:31] [DEBUG] Session token refreshed
[2026-07-24 00:55:33] [INFO] System started successfully
[2026-07-24 00:55:37] [INFO] Cache hit for key user_profile_123
[2026-07-24 00:55:41] [DEBUG] Session token refreshed
[2026-07-24 00:55:45] [INFO] User admin logged in from 192.168.1.100
[2026-07-24 00:55:47] [INFO] User admin logged in from 192.168.1.100
[2026-07-24 00:55:52] [INFO] User admin logged in from 192.168.1.100
[2026-07-24 00:55:54] [INFO] Successfully processed background job #4912
[2026-07-24 00:55:54] [INFO] System started successfully
[2026-07-24 00:55:58] [INFO] System started successfully
[2026-07-24 00:56:03] [INFO] User admin logged in from 192.168.1.100
[2026-07-24 00:56:05] [INFO] Successfully processed background job #4912
[2026-07-24 00:56:05] [INFO] Handling user request for /api/v1/data
[2026-07-24 00:56:08] [INFO] User admin logged in from 192.168.1.100
[2026-07-24 00:56:11] [INFO] Handling user request for /api/v1/data
[2026-07-24 00:56:14] [INFO] Connection established to message queue
[2026-07-24 00:56:15] [DEBUG] Fetching row 4021 from database
[2026-07-24 00:56:17] [ERROR] NullPointerException in DataProcessor class
[2026-07-24 00:56:20] [WARNING] High memory usage detected (85%)
[2026-07-24 00:56:24] [INFO] System started successfully
[2026-07-24 00:56:27] [DEBUG] Fetching row 4021 from database
[2026-07-24 00:56:31] [INFO] Successfully processed background job #4912
[2026-07-24 00:56:33] [INFO] Connection established to message queue
[2026-07-24 00:56:35] [ERROR] NullPointerException in DataProcessor class
[2026-07-24 00:56:36] [INFO] Cache hit for key user_profile_123
[2026-07-24 00:56:37] [INFO] Cache hit for key user_profile_123
[2026-07-24 00:56:41] [INFO] System started successfully
[2026-07-24 00:56:43] [INFO] Cache hit for key user_profile_123
[2026-07-24 00:56:44] [INFO] Successfully processed background job #4912
[2026-07-24 00:56:47] [INFO] Successfully processed background job #4912
[2026-07-24 00:56:47] [INFO] Successfully processed background job #4912
[2026-07-24 00:56:49] [INFO] System started successfully
[2026-07-24 00:56:49] [INFO] Connection established to message queue
[2026-07-24 00:56:50] [INFO] Connection established to message queue
[2026-07-24 00:56:53] [DEBUG] Parsing JSON payload
[2026-07-24 00:56:58] [ERROR] Authentication failed for user guest
[2026-07-24 00:56:58] [INFO] Successfully processed background job #4912
[2026-07-24 00:57:00] [INFO] Cache hit for key user_profile_123
[2026-07-24 00:57:01] [DEBUG] Initializing cache manager
[2026-07-24 00:57:03] [INFO] Connection established to message queue
[2026-07-24 00:57:05] [INFO] Handling user request for /api/v1/data
[2026-07-24 00:57:05] [DEBUG] Initializing cache manager
[2026-07-24 00:57:09] [DEBUG] Initializing cache manager
[2026-07-24 00:57:10] [INFO] Successfully processed background job #4912
[2026-07-24 00:57:11] [DEBUG] Parsing JSON payload
[2026-07-24 00:57:15] [INFO] System started successfully
[2026-07-24 00:57:16] [INFO] Connection established to message queue
[2026-07-24 00:57:16] [INFO] Handling user request for /api/v1/data
[2026-07-24 00:57:18] [INFO] Cache hit for key user_profile_123
[2026-07-24 00:57:20] [ERROR] Invalid password provided for account admin
[2026-07-24 00:57:23] [INFO] Cache hit for key user_profile_123
[2026-07-24 00:57:24] [INFO] Connection established to message queue
[2026-07-24 00:57:29] [INFO] System started successfully
[2026-07-24 00:57:33] [INFO] Handling user request for /api/v1/data
[2026-07-24 00:57:34] [INFO] Cache hit for key user_profile_123
[2026-07-24 00:57:35] [INFO] Connection established to message queue
[2026-07-24 00:57:40] [INFO] User admin logged in from 192.168.1.100
[2026-07-24 00:57:44] [DEBUG] Fetching row 4021 from database
[2026-07-24 00:57:49] [INFO] System started successfully
[2026-07-24 00:57:50] [INFO] Handling user request for /api/v1/data
[2026-07-24 00:57:51] [WARNING] Deprecated API usage detected in legacy_module.py
[2026-07-24 00:57:52] [INFO] System started successfully
[2026-07-24 00:57:55] [INFO] Connection established to message queue
[2026-07-24 00:57:59] [INFO] System started successfully
[2026-07-24 00:58:02] [INFO] User admin logged in from 192.168.1.100
[2026-07-24 00:58:06] [INFO] Connection established to message queue
[2026-07-24 00:58:11] [INFO] Cache hit for key user_profile_123
[2026-07-24 00:58:12] [INFO] Handling user request for /api/v1/data
[2026-07-24 00:58:16] [WARNING] High memory usage detected (85%)
[2026-07-24 00:58:20] [INFO] Successfully processed background job #4912
[2026-07-24 00:58:24] [ERROR] NullPointerException in DataProcessor class
[2026-07-24 00:58:29] [INFO] System started successfully
[2026-07-24 00:58:34] [INFO] Connection established to message queue
[2026-07-24 00:58:36] [DEBUG] Parsing JSON payload
[2026-07-24 00:58:38] [INFO] Handling user request for /api/v1/data
[2026-07-24 00:58:39] [DEBUG] Initializing cache manager
[2026-07-24 00:58:41] [INFO] Connection established to message queue
[2026-07-24 00:58:45] [INFO] Successfully processed background job #4912
[2026-07-24 00:58:47] [INFO] Handling user request for /api/v1/data
[2026-07-24 00:58:52] [INFO] User admin logged in from 192.168.1.100
[2026-07-24 00:58:55] [WARNING] Rate limit approaching for IP 10.0.0.55
[2026-07-24 00:58:59] [INFO] System started successfully
[2026-07-24 00:59:01] [INFO] System started successfully
[2026-07-24 00:59:02] [WARNING] High memory usage detected (85%)
[2026-07-24 00:59:04] [INFO] User admin logged in from 192.168.1.100
[2026-07-24 00:59:08] [INFO] Successfully processed background job #4912
[2026-07-24 00:59:12] [INFO] Connection established to message queue
[2026-07-24 00:59:16] [INFO] Successfully processed background job #4912
[2026-07-24 00:59:19] [INFO] Cache hit for key user_profile_123
[2026-07-24 00:59:21] [DEBUG] Fetching row 4021 from database
[2026-07-24 00:59:21] [INFO] Connection established to message queue
[2026-07-24 00:59:23] [INFO] Connection established to message queue
[2026-07-24 00:59:25] [INFO] Connection established to message queue
[2026-07-24 00:59:30] [INFO] Successfully processed background job #4912
[2026-07-24 00:59:35] [INFO] Cache hit for key user_profile_123
[2026-07-24 00:59:36] [INFO] System started successfully
[2026-07-24 00:59:39] [INFO] Handling user request for /api/v1/data
[2026-07-24 00:59:39] [WARNING] Deprecated API usage detected in legacy_module.py
[2026-07-24 00:59:42] [WARNING] High memory usage detected (85%)
[2026-07-24 00:59:43] [INFO] Handling user request for /api/v1/data
[2026-07-24 00:59:45] [ERROR] Database connection failed: Connection refused
[2026-07-24 00:59:47] [INFO] Successfully processed background job #4912
[2026-07-24 00:59:50] [ERROR] Database connection failed: Connection refused
[2026-07-24 00:59:50] [INFO] System started successfully
[2026-07-24 00:59:55] [INFO] Successfully processed background job #4912
[2026-07-24 00:59:58] [INFO] Connection established to message queue
[2026-07-24 01:00:00] [INFO] Connection established to message queue
[2026-07-24 01:00:03] [INFO] System started successfully
[2026-07-24 01:00:03] [ERROR] Invalid password provided for account admin
[2026-07-24 01:00:04] [INFO] System started successfully
[2026-07-24 01:00:06] [WARNING] High memory usage detected (85%)
[2026-07-24 01:00:11] [INFO] System started successfully
[2026-07-24 01:00:11] [ERROR] MySQL Error: Deadlock found when trying to get lock
[2026-07-24 01:00:14] [INFO] Cache hit for key user_profile_123
[2026-07-24 01:00:15] [INFO] Connection established to message queue
[2026-07-24 01:00:19] [INFO] Handling user request for /api/v1/data
[2026-07-24 01:00:20] [INFO] Successfully processed background job #4912
[2026-07-24 01:00:20] [INFO] Connection established to message queue
[2026-07-24 01:00:24] [INFO] User admin logged in from 192.168.1.100
[2026-07-24 01:00:25] [INFO] User admin logged in from 192.168.1.100
[2026-07-24 01:00:27] [DEBUG] Session token refreshed
[2026-07-24 01:00:29] [INFO] Handling user request for /api/v1/data
[2026-07-24 01:00:33] [ERROR] Invalid password provided for account admin
[2026-07-24 01:00:35] [INFO] Connection established to message queue
[2026-07-24 01:00:37] [INFO] Handling user request for /api/v1/data
[2026-07-24 01:00:40] [INFO] Connection established to message queue
[2026-07-24 01:00:45] [INFO] Connection established to message queue
[2026-07-24 01:00:46] [INFO] Successfully processed background job #4912
[2026-07-24 01:00:46] [INFO] System started successfully
[2026-07-24 01:00:50] [ERROR] NullPointerException in DataProcessor class
[2026-07-24 01:00:50] [ERROR] Invalid password provided for account admin
[2026-07-24 01:00:51] [DEBUG] Parsing JSON payload
[2026-07-24 01:00:54] [INFO] User admin logged in from 192.168.1.100
[2026-07-24 01:00:57] [INFO] User admin logged in from 192.168.1.100
[2026-07-24 01:00:57] [INFO] Successfully processed background job #4912
[2026-07-24 01:01:02] [ERROR] NullPointerException in DataProcessor class
[2026-07-24 01:01:02] [INFO] System started successfully
[2026-07-24 01:01:03] [INFO] Connection established to message queue
[2026-07-24 01:01:07] [INFO] User admin logged in from 192.168.1.100
[2026-07-24 01:01:11] [INFO] Handling user request for /api/v1/data
[2026-07-24 01:01:15] [INFO] Connection established to message queue
[2026-07-24 01:01:19] [INFO] User admin logged in from 192.168.1.100
[2026-07-24 01:01:24] [INFO] Cache hit for key user_profile_123
[2026-07-24 01:01:26] [INFO] Cache hit for key user_profile_123
[2026-07-24 01:01:27] [INFO] Connection established to message queue
[2026-07-24 01:01:27] [WARNING] Deprecated API usage detected in legacy_module.py
[2026-07-24 01:01:31] [WARNING] Deprecated API usage detected in legacy_module.py
[2026-07-24 01:01:35] [INFO] Successfully processed background job #4912
[2026-07-24 01:01:40] [INFO] Connection established to message queue
[2026-07-24 01:01:40] [DEBUG] Fetching row 4021 from database
[2026-07-24 01:01:41] [INFO] System started successfully
[2026-07-24 01:01:43] [INFO] User admin logged in from 192.168.1.100
[2026-07-24 01:01:45] [INFO] User admin logged in from 192.168.1.100
[2026-07-24 01:01:46] [INFO] Cache hit for key user_profile_123
[2026-07-24 01:01:48] [INFO] Cache hit for key user_profile_123
[2026-07-24 01:01:52] [INFO] User admin logged in from 192.168.1.100
[2026-07-24 01:01:53] [INFO] Cache hit for key user_profile_123
[2026-07-24 01:01:56] [INFO] Connection established to message queue
[2026-07-24 01:02:01] [INFO] Handling user request for /api/v1/data
[2026-07-24 01:02:05] [DEBUG] Initializing cache manager
[2026-07-24 01:02:07] [WARNING] Deprecated API usage detected in legacy_module.py
[2026-07-24 01:02:09] [INFO] Successfully processed background job #4912
[2026-07-24 01:02:11] [INFO] Connection established to message queue
[2026-07-24 01:02:16] [INFO] System started successfully
[2026-07-24 01:02:18] [INFO] Successfully processed background job #4912
[2026-07-24 01:02:19] [INFO] Handling user request for /api/v1/data
[2026-07-24 01:02:24] [INFO] User admin logged in from 192.168.1.100
[2026-07-24 01:02:27] [INFO] Handling user request for /api/v1/data
[2026-07-24 01:02:30] [INFO] Cache hit for key user_profile_123
[2026-07-24 01:02:30] [DEBUG] Initializing cache manager
[2026-07-24 01:02:34] [INFO] Handling user request for /api/v1/data
[2026-07-24 01:02:37] [ERROR] MySQL Error: Deadlock found when trying to get lock
[2026-07-24 01:02:38] [INFO] Successfully processed background job #4912
[2026-07-24 01:02:41] [WARNING] Deprecated API usage detected in legacy_module.py
[2026-07-24 01:02:45] [INFO] Handling user request for /api/v1/data
[2026-07-24 01:02:49] [WARNING] Rate limit approaching for IP 10.0.0.55
[2026-07-24 01:02:49] [INFO] Successfully processed background job #4912
[2026-07-24 01:02:50] [INFO] Cache hit for key user_profile_123
[2026-07-24 01:02:50] [DEBUG] Fetching row 4021 from database
[2026-07-24 01:02:55] [INFO] Successfully processed background job #4912
[2026-07-24 01:02:59] [ERROR] MySQL Error: Deadlock found when trying to get lock
[2026-07-24 01:03:04] [DEBUG] Initializing cache manager
[2026-07-24 01:03:07] [DEBUG] Initializing cache manager
[2026-07-24 01:03:10] [DEBUG] Fetching row 4021 from database
[2026-07-24 01:03:11] [DEBUG] Fetching row 4021 from database
[2026-07-24 01:03:12] [INFO] User admin logged in from 192.168.1.100
[2026-07-24 01:03:15] [INFO] Successfully processed background job #4912
[2026-07-24 01:03:17] [WARNING] Rate limit approaching for IP 10.0.0.55
[2026-07-24 01:03:21] [INFO] Successfully processed background job #4912
[2026-07-24 01:03:22] [INFO] User admin logged in from 192.168.1.100
[2026-07-24 01:03:24] [INFO] Connection established to message queue
[2026-07-24 01:03:28] [INFO] Handling user request for /api/v1/data
[2026-07-24 01:03:29] [DEBUG] Fetching row 4021 from database
[2026-07-24 01:03:33] [INFO] User admin logged in from 192.168.1.100
[2026-07-24 01:03:34] [INFO] Cache hit for key user_profile_123
[2026-07-24 01:03:38] [INFO] Successfully processed background job #4912
[2026-07-24 01:03:42] [INFO] User admin logged in from 192.168.1.100
[2026-07-24 01:03:44] [WARNING] Deprecated API usage detected in legacy_module.py
[2026-07-24 01:03:48] [ERROR] Database connection failed: Connection refused
[2026-07-24 01:03:52] [INFO] Cache hit for key user_profile_123
[2026-07-24 01:03:54] [ERROR] Authentication failed for user guest
[2026-07-24 01:03:59] [DEBUG] Initializing cache manager
[2026-07-24 01:04:00] [INFO] Successfully processed background job #4912
[2026-07-24 01:04:02] [INFO] User admin logged in from 192.168.1.100
[2026-07-24 01:04:06] [INFO] Successfully processed background job #4912
[2026-07-24 01:04:09] [INFO] Handling user request for /api/v1/data
[2026-07-24 01:04:10] [DEBUG] Parsing JSON payload
[2026-07-24 01:04:12] [INFO] System started successfully
[2026-07-24 01:04:15] [INFO] Successfully processed background job #4912
[2026-07-24 01:04:16] [INFO] Cache hit for key user_profile_123
[2026-07-24 01:04:19] [INFO] Cache hit for key user_profile_123
[2026-07-24 01:04:22] [INFO] Connection established to message queue
[2026-07-24 01:04:25] [INFO] Handling user request for /api/v1/data
[2026-07-24 01:04:27] [INFO] Successfully processed background job #4912
[2026-07-24 01:04:30] [INFO] Connection established to message queue
[2026-07-24 01:04:32] [WARNING] Deprecated API usage detected in legacy_module.py
[2026-07-24 01:04:34] [INFO] Handling user request for /api/v1/data
[2026-07-24 01:04:37] [INFO] Successfully processed background job #4912
[2026-07-24 01:04:37] [DEBUG] Fetching row 4021 from database
[2026-07-24 01:04:42] [DEBUG] Initializing cache manager
[2026-07-24 01:04:46] [INFO] System started successfully
[2026-07-24 01:04:47] [INFO] Successfully processed background job #4912
[2026-07-24 01:04:49] [INFO] User admin logged in from 192.168.1.100
[2026-07-24 01:04:51] [INFO] Cache hit for key user_profile_123
[2026-07-24 01:04:54] [INFO] System started successfully
[2026-07-24 01:04:58] [DEBUG] Parsing JSON payload
